# control point data for second inverse mapping
# format: id x y [z] w
0 2.57657147267741801167e-18 2.50000000029104108012e-01 5.00000000000000444089e-01 1.00000000000000000000e+00
1 1.10930526974091481987e-17 2.50000000029104163524e-01 5.00000000000000000000e-01 1.00000000000000000000e+00
2 -2.52404884435190106426e-18 3.33333333372138607142e-01 5.00000000000000111022e-01 1.00000000000000000000e+00
3 6.52663120069293944958e-02 2.49999999960652030673e-01 4.99999999999999278355e-01 8.81674598767944961430e-01
4 6.52663120069266744494e-02 2.49999999960675955979e-01 5.00000000000000666134e-01 8.81674598767944961430e-01
5 4.35108746712860386396e-02 3.33333333280902976981e-01 4.99999999999999888978e-01 8.81674598767944961430e-01
6 1.01469548084069674521e-01 3.61324950922676468856e-01 5.00000000000000222045e-01 1.00000000000000000000e+00
7 1.01469548084073907246e-01 3.61324950922634891004e-01 5.00000000000000111022e-01 1.00000000000000000000e+00
8 6.76463653893800420658e-02 4.07549967272069213475e-01 5.00000000000000111022e-01 1.00000000000000000000e+00
9 3.41431566787124243586e-18 2.50000000029104274546e-01 4.99999999999999888978e-01 1.00000000000000000000e+00
10 -1.97501761932297847257e-17 2.50000000029103330856e-01 4.99999999999445277066e-01 1.00000000000000000000e+00
11 3.17803008370314479175e-18 3.33333333372138607142e-01 5.37634209384934447229e-01 1.00000000000000000000e+00
12 6.52663120069293389847e-02 2.49999999960651503317e-01 5.00000000000000111022e-01 8.81674598767944961430e-01
13 6.52687733672813324981e-02 2.49999999960675234334e-01 4.97695576988378574068e-01 8.81674598767944961430e-01
14 4.35058914429342011299e-02 3.33333333280903310047e-01 5.15606624969959681515e-01 8.81674598767944961430e-01
15 1.01469548084069938199e-01 3.61324950922676302323e-01 4.99999999999999666933e-01 1.00000000000000000000e+00
16 1.01470388394858446190e-01 3.61324950922635168560e-01 4.98584754602810320545e-01 1.00000000000000000000e+00
17 6.76446651863980980002e-02 4.07549967272069268986e-01 5.16396537650945952613e-01 1.00000000000000000000e+00
18 9.59065531809239489368e-19 2.50000000029103996990e-01 5.00000000000000444089e-01 1.00000000000000000000e+00
19 1.86570628468919462005e-18 2.50000000029104274546e-01 4.99999999999922617455e-01 1.00000000000000000000e+00
20 -4.06760876895723860562e-19 3.33333333372138829187e-01 5.75268418770358613834e-01 1.00000000000000000000e+00
21 6.52663120069294083736e-02 2.49999999960651975162e-01 4.99999999999999833467e-01 8.81674598767944961430e-01
22 6.57035386048817615645e-02 2.49999999960675373112e-01 4.95061846823294904318e-01 8.81674598767944961430e-01
23 4.22827119891342542712e-02 3.33333333280902588402e-01 5.31906680803927223167e-01 8.81674598767944961430e-01
24 1.01469548084069646765e-01 3.61324950922676746412e-01 5.00000000000000111022e-01 1.00000000000000000000e+00
25 1.01835337294589989288e-01 3.61324950922634058337e-01 4.97062743697525177833e-01 1.00000000000000000000e+00
26 6.66542828598989250954e-02 4.07549967272069657565e-01 5.33014853299250801477e-01 1.00000000000000000000e+00
27 -1.15463557163338752913e-18 2.50000000029104052501e-01 5.00000000000000000000e-01 1.00000000000000000000e+00
28 2.23999418724399736948e-18 2.50000000029104940680e-01 4.99999999999923616656e-01 1.00000000000000000000e+00
29 3.19428264134375218923e-18 2.91666666700621246555e-01 5.75268418770358946901e-01 1.00000000000000000000e+00
30 6.52663120069293389847e-02 2.49999999960651669850e-01 4.99999999999999777955e-01 8.81674598767944961430e-01
31 6.57725028307603043487e-02 2.49999999975226483429e-01 4.97944295823564697656e-01 8.81674598767944961430e-01
32 5.30168081395962775826e-02 2.91666666591652745666e-01 5.24763813428946179762e-01 8.81674598767944961430e-01
33 1.01469548084069854932e-01 3.61324950922676135789e-01 4.99999999999999278355e-01 1.00000000000000000000e+00
34 1.01857571204347255311e-01 3.61324950896977914461e-01 4.98944623363066774857e-01 1.00000000000000000000e+00
35 8.35203637619194028119e-02 3.84437459148731508485e-01 5.28463084832616614150e-01 1.00000000000000000000e+00
36 -2.62015582528402467423e-18 2.50000000029104219035e-01 5.00000000000000222045e-01 1.00000000000000000000e+00
37 1.55496328341380474180e-17 2.50000000029104052501e-01 4.99999999999922839500e-01 1.00000000000000000000e+00
38 -3.64061775372991068693e-18 2.50000000029104108012e-01 5.75268418770358613834e-01 1.00000000000000000000e+00
39 6.52663120069293944958e-02 2.49999999960651586584e-01 4.99999999999999444888e-01 8.81674598767944961430e-01
40 6.58082934332506891417e-02 2.49999999969597486160e-01 4.99839287912217267174e-01 8.81674598767944961430e-01
41 6.38180465981002809084e-02 2.49999999942760980920e-01 5.19703778824633921829e-01 8.81674598767944961430e-01
42 1.01469548084069660643e-01 3.61324950922676690901e-01 4.99999999999999888978e-01 1.00000000000000000000e+00
43 1.01861397548177384786e-01 3.61324950906902364611e-01 4.99965370676424047947e-01 1.00000000000000000000e+00
44 1.00423649717238175350e-01 3.61324950954224677346e-01 5.25717873864218976365e-01 1.00000000000000000000e+00
45 5.54443089501908543860e-18 2.50000000029104163524e-01 5.00000000000000333067e-01 1.00000000000000000000e+00
46 -2.98907829047682511114e-18 2.50000000014551415628e-01 5.00000000000802469202e-01 1.00000000000000000000e+00
47 -8.40682863523967099370e-18 2.08333333386690550126e-01 5.75268418768599465452e-01 1.00000000000000000000e+00
48 6.52663120069293528624e-02 2.49999999960652002917e-01 4.99999999999999722444e-01 8.81674598767944961430e-01
49 6.58448543886478443454e-02 2.49999999980498155416e-01 5.01747441809937910762e-01 8.81674598767944961430e-01
50 7.46177428699678069179e-02 2.08333333260953101895e-01 5.14617312618601552288e-01 8.81674598767944961430e-01
51 1.01469548084069854932e-01 3.61324950922676191301e-01 5.00000000000000222045e-01 1.00000000000000000000e+00
52 1.01865984011231022754e-01 3.61324950919165055474e-01 5.01010092100300452600e-01 1.00000000000000000000e+00
53 1.17325414087336099556e-01 3.38212442754795561406e-01 5.22924538649978343230e-01 1.00000000000000000000e+00
54 1.40127924902032424247e-18 2.50000000029104219035e-01 5.00000000000000333067e-01 1.00000000000000000000e+00
55 1.17204257989820320217e-17 2.50000000058207771936e-01 4.99999999998163413562e-01 1.00000000000000000000e+00
56 1.29699576489141269181e-18 1.66666666627861531635e-01 5.75268418773877909800e-01 1.00000000000000000000e+00
57 6.52663120069293667402e-02 2.49999999960651309028e-01 4.99999999999999500400e-01 8.81674598767944961430e-01
58 6.58642370271318999819e-02 2.49999999928857880027e-01 5.03043758440228971907e-01 8.81674598767944961430e-01
59 8.54524709920236602567e-02 1.66666666704039317937e-01 5.10850618992990002099e-01 8.81674598767944961430e-01
60 1.01469548084069702276e-01 3.61324950922676524367e-01 4.99999999999999833467e-01 1.00000000000000000000e+00
61 1.01863200185155017286e-01 3.61324950915777765026e-01 5.01627183016198796572e-01 1.00000000000000000000e+00
62 1.34242231077173146403e-01 3.15099934586998531305e-01 5.21057938953735422238e-01 1.00000000000000000000e+00
63 1.08960472238896485881e-17 2.50000000029103719434e-01 5.00000000000000444089e-01 1.00000000000000000000e+00
64 -9.74710652356579765744e-18 2.50000000058208105003e-01 4.99999999998512967281e-01 1.00000000000000000000e+00
65 1.24348856529712584463e-17 1.66666666627861864702e-01 5.37634209386794514884e-01 1.00000000000000000000e+00
66 6.52663120069292973513e-02 2.49999999960652752318e-01 5.00000000000000111022e-01 8.81674598767944961430e-01
67 6.52676286167448160835e-02 2.49999999963510882717e-01 5.01605846190161797082e-01 8.81674598767944961430e-01
68 8.70190644699968124387e-02 1.66666666634730342711e-01 5.05242622995377810291e-01 8.81674598767944961430e-01
69 1.01469548084069827176e-01 3.61324950922676357834e-01 4.99999999999999888978e-01 1.00000000000000000000e+00
70 1.01470002781601287278e-01 3.61324950905460795525e-01 5.00824996243392606132e-01 1.00000000000000000000e+00
71 1.35291804443718216566e-01 3.15099934607632137240e-01 5.10503280144657289874e-01 1.00000000000000000000e+00
72 -2.23388360958514774632e-18 2.50000000029104219035e-01 5.00000000000000666134e-01 1.00000000000000000000e+00
73 7.13010356021369062133e-18 2.50000000058207771936e-01 4.99999999999999444888e-01 1.00000000000000000000e+00
74 2.87808284699650117274e-18 1.66666666627861392858e-01 4.99999999999999833467e-01 1.00000000000000000000e+00
75 6.52663120069293944958e-02 2.49999999960651475561e-01 4.99999999999999722444e-01 8.81674598767944961430e-01
76 6.52663120102744270801e-02 2.49999999951960094613e-01 5.00000000000000111022e-01 8.81674598767944961430e-01
77 8.70217493358690502570e-02 1.66666666657831502585e-01 5.00000000000000333067e-01 8.81674598767944961430e-01
78 1.01469548084069716154e-01 3.61324950922676579879e-01 5.00000000000000333067e-01 1.00000000000000000000e+00
79 1.01469548078171517558e-01 3.61324950908899933388e-01 4.99999999999999611422e-01 1.00000000000000000000e+00
80 1.35292730790580462141e-01 3.15099934600754028047e-01 5.00000000000000222045e-01 1.00000000000000000000e+00
81 7.46606411224244810627e-18 2.50000000029103941479e-01 4.99999999999999111822e-01 1.00000000000000000000e+00
82 1.35364701510330251172e-17 2.50000000058208105003e-01 5.00000000001488587031e-01 1.00000000000000000000e+00
83 -2.88538885620570624174e-18 1.66666666627861559391e-01 4.62365790613206428805e-01 1.00000000000000000000e+00
84 6.52663120069293251069e-02 2.49999999960652308229e-01 5.00000000000000555112e-01 8.81674598767944961430e-01
85 6.52676286167434560603e-02 2.49999999963510882717e-01 4.98394153809859574711e-01 8.81674598767944961430e-01
86 8.70190644699964377384e-02 1.66666666634729343510e-01 4.94757377004637011186e-01 8.81674598767944961430e-01
87 1.01469548084069882687e-01 3.61324950922676246812e-01 4.99999999999999722444e-01 1.00000000000000000000e+00
88 1.01470002781601981168e-01 3.61324950905461073081e-01 4.99175003756624713347e-01 1.00000000000000000000e+00
89 1.35291804443718244322e-01 3.15099934607632414796e-01 4.89496719855354867068e-01 1.00000000000000000000e+00
90 4.53951242823738571639e-19 2.50000000029104274546e-01 5.00000000000000333067e-01 1.00000000000000000000e+00
91 -5.06644873377036857368e-18 2.50000000058207660913e-01 5.00000000001838973418e-01 1.00000000000000000000e+00
92 -6.19615921671214024029e-18 1.66666666627861725924e-01 4.24731581226123033890e-01 1.00000000000000000000e+00
93 6.52663120069294361292e-02 2.49999999960651836384e-01 4.99999999999999500400e-01 8.81674598767944961430e-01
94 6.58642370271312060925e-02 2.49999999928857130627e-01 4.96956241559784572814e-01 8.81674598767944961430e-01
95 8.54524709920238823013e-02 1.66666666704039317937e-01 4.89149381007019601331e-01 8.81674598767944961430e-01
96 1.01469548084069716154e-01 3.61324950922676246812e-01 4.99999999999999777955e-01 1.00000000000000000000e+00
97 1.01863200185155017286e-01 3.61324950915778375649e-01 4.98372816983812971792e-01 1.00000000000000000000e+00
98 1.34242231077172924358e-01 3.15099934586998087216e-01 4.78942061046272959945e-01 1.00000000000000000000e+00
99 -3.52442050003910591932e-18 2.50000000029104219035e-01 5.00000000000000666134e-01 1.00000000000000000000e+00
100 -7.97599647152596542121e-19 2.50000000014552470340e-01 4.99999999999198307954e-01 1.00000000000000000000e+00
101 -5.04783992899112544185e-18 2.08333333386690772171e-01 4.24731581231401533749e-01 1.00000000000000000000e+00
102 6.52663120069293389847e-02 2.49999999960651086983e-01 4.99999999999999944489e-01 8.81674598767944961430e-01
103 6.58448543886481080234e-02 2.49999999980498460728e-01 4.98252558190076744182e-01 8.81674598767944961430e-01
104 7.46177428699668632284e-02 2.08333333260954073340e-01 4.85382687381406996430e-01 8.81674598767944961430e-01
105 1.01469548084069743910e-01 3.61324950922676857434e-01 5.00000000000000111022e-01 1.00000000000000000000e+00
106 1.01865984011231688888e-01 3.61324950919165055474e-01 4.98989907899710594119e-01 1.00000000000000000000e+00
107 1.17325414087335905267e-01 3.38212442754795783451e-01 4.77075461350030094465e-01 1.00000000000000000000e+00
108 -2.13253755453544370459e-18 2.50000000029104274546e-01 5.00000000000000333067e-01 1.00000000000000000000e+00
109 7.27278942928553321108e-18 2.50000000029104052501e-01 5.00000000000078603790e-01 1.00000000000000000000e+00
110 -5.69521180615792814821e-18 2.50000000029104108012e-01 4.24731581229641774744e-01 1.00000000000000000000e+00
111 6.52663120069293667402e-02 2.49999999960651558828e-01 5.00000000000000111022e-01 8.81674598767944961430e-01
112 6.58082934332504532193e-02 2.49999999969596820026e-01 5.00160712087795333858e-01 8.81674598767944961430e-01
113 6.38180465981006417309e-02 2.49999999942761286231e-01 4.80296221175374127288e-01 8.81674598767944961430e-01
114 1.01469548084069743910e-01 3.61324950922676524367e-01 4.99999999999999888978e-01 1.00000000000000000000e+00
115 1.01861397548176926819e-01 3.61324950906902864212e-01 5.00034629323588442062e-01 1.00000000000000000000e+00
116 1.00423649717237994938e-01 3.61324950954224233257e-01 4.74282126135788739685e-01 1.00000000000000000000e+00
117 1.01084452576684386089e-18 2.50000000029103996990e-01 4.99999999999999833467e-01 1.00000000000000000000e+00
118 3.68016473211597221503e-18 2.50000000029104274546e-01 5.00000000000079380946e-01 1.00000000000000000000e+00
119 -3.84120387396682588547e-19 2.91666666700621468600e-01 4.24731581229642052300e-01 1.00000000000000000000e+00
120 6.52663120069292834735e-02 2.49999999960651753117e-01 4.99999999999998889777e-01 8.81674598767944961430e-01
121 6.57725028307603321043e-02 2.49999999975226511184e-01 5.02055704176448402976e-01 8.81674598767944961430e-01
122 5.30168081395961804381e-02 2.91666666591652967711e-01 4.75236186571061036688e-01 8.81674598767944961430e-01
123 1.01469548084069813298e-01 3.61324950922676579879e-01 5.00000000000000000000e-01 1.00000000000000000000e+00
124 1.01857571204346991633e-01 3.61324950896977026282e-01 5.01055376636945104529e-01 1.00000000000000000000e+00
125 8.35203637619186117780e-02 3.84437459148730953373e-01 4.71536915167391657011e-01 1.00000000000000000000e+00
126 5.97772753603808570182e-18 2.50000000029104163524e-01 5.00000000000000444089e-01 1.00000000000000000000e+00
127 -8.31371203689394854454e-18 2.50000000029104219035e-01 5.00000000000078936857e-01 1.00000000000000000000e+00
128 4.73246122252938200307e-18 3.33333333372138718165e-01 4.24731581229641996789e-01 1.00000000000000000000e+00
129 6.52663120069293806180e-02 2.49999999960652058428e-01 4.99999999999999389377e-01 8.81674598767944961430e-01
130 6.57035386048819836091e-02 2.49999999960674512689e-01 5.04938153176716864046e-01 8.81674598767944961430e-01
131 4.22827119891339628377e-02 3.33333333280903254536e-01 4.68093319196080159816e-01 8.81674598767944961430e-01
132 1.01469548084069730032e-01 3.61324950922676468856e-01 5.00000000000000000000e-01 1.00000000000000000000e+00
133 1.01835337294589850510e-01 3.61324950922635224071e-01 5.02937256302486201953e-01 1.00000000000000000000e+00
134 6.66542828598987724398e-02 4.07549967272069102453e-01 4.66985146700755415772e-01 1.00000000000000000000e+00
135 -6.83380008538551762952e-18 2.50000000029104108012e-01 5.00000000000000000000e-01 1.00000000000000000000e+00
136 1.88285626391503635586e-17 2.50000000029103719434e-01 5.00000000000557776048e-01 1.00000000000000000000e+00
137 2.51333897539932160714e-18 3.33333333372137996520e-01 4.62365790615066718505e-01 1.00000000000000000000e+00
138 6.52663120069293389847e-02 2.49999999960651475561e-01 4.99999999999999555911e-01 8.81674598767944961430e-01
139 6.52687733672803610530e-02 2.49999999960676400068e-01 5.02304423011641687502e-01 8.81674598767944961430e-01
140 4.35058914429346382802e-02 3.33333333280904087204e-01 4.84393375030049477825e-01 8.81674598767944961430e-01
141 1.01469548084069716154e-01 3.61324950922676302323e-01 4.99999999999999888978e-01 1.00000000000000000000e+00
142 1.01470388394858890280e-01 3.61324950922634946515e-01 5.01415245397206499334e-01 1.00000000000000000000e+00
143 6.76446651863977371777e-02 4.07549967272069435520e-01 4.83603462349064705528e-01 1.00000000000000000000e+00
144 2.56966023412058486947e-19 2.50000000029103996990e-01 5.00000000000000000000e-01 1.00000000000000000000e+00
145 8.75617523032323233291e-19 2.50000000029103719434e-01 4.99999999999999888978e-01 1.00000000000000000000e+00
146 4.62416638810486903342e-18 3.33333333372138829187e-01 5.00000000000000111022e-01 1.00000000000000000000e+00
147 6.52663120069293667402e-02 2.49999999960651864139e-01 5.00000000000000333067e-01 8.81674598767944961430e-01
148 6.52663120069267160828e-02 2.49999999960676538846e-01 4.99999999999999167333e-01 8.81674598767944961430e-01
149 4.35108746712860108841e-02 3.33333333280902699425e-01 4.99999999999999888978e-01 8.81674598767944961430e-01
150 1.01469548084069743910e-01 3.61324950922676413345e-01 5.00000000000000111022e-01 1.00000000000000000000e+00
151 1.01469548084073782346e-01 3.61324950922635168560e-01 5.00000000000000000000e-01 1.00000000000000000000e+00
152 6.76463653893800281880e-02 4.07549967272069213475e-01 5.00000000000000111022e-01 1.00000000000000000000e+00
153 1.21951219525942386457e-01 4.24306090603389751692e-01 5.00000000000000222045e-01 9.57092026489052005722e-01
154 1.21951219494665835663e-01 4.24306090489037335267e-01 4.99999999999999555911e-01 9.57092026489052005722e-01
155 8.13008130033910231260e-02 4.49537393669942608732e-01 4.99999999999999888978e-01 9.57092026489052005722e-01
156 1.21951219505097296913e-01 5.00000000000000000000e-01 5.00000000000000111022e-01 1.00000000000000000000e+00
157 1.21951219505097185891e-01 4.99999999999999888978e-01 4.99999999999999722444e-01 1.00000000000000000000e+00
158 8.13008130033981840645e-02 4.99999999999999722444e-01 4.99999999999999833467e-01 1.00000000000000000000e+00
159 1.21951219525942192168e-01 4.24306090603389862714e-01 4.99999999999999777955e-01 9.57092026489052005722e-01
160 1.21951912672312728914e-01 4.24306090489039056113e-01 4.98642405843973790525e-01 9.57092026489052005722e-01
161 8.12994101830358251171e-02 4.49537393669941054419e-01 5.14659581464672277740e-01 9.57092026489052005722e-01
162 1.21951219505097269158e-01 4.99999999999999555911e-01 4.99999999999999722444e-01 1.00000000000000000000e+00
163 1.21951922354740130428e-01 4.99999999999999333866e-01 4.98643920327233924894e-01 1.00000000000000000000e+00
164 8.12993905944184580559e-02 5.00000000000000222045e-01 5.14727569372169235784e-01 1.00000000000000000000e+00
165 1.21951219525942317068e-01 4.24306090603389696181e-01 5.00000000000000000000e-01 9.57092026489052005722e-01
166 1.22332285672387672260e-01 4.24306090489039777758e-01 4.97204540340067446813e-01 9.57092026489052005722e-01
167 8.02747157110476061703e-02 4.49537393669941442997e-01 5.29485058357857418798e-01 9.57092026489052005722e-01
168 1.21951219505097296913e-01 4.99999999999999888978e-01 5.00000000000000111022e-01 1.00000000000000000000e+00
169 1.22331081648012790497e-01 5.00000000000000222045e-01 4.97206373446507587932e-01 1.00000000000000000000e+00
170 8.02777534787436075625e-02 5.00000000000000222045e-01 5.29623603212463156531e-01 1.00000000000000000000e+00
171 1.21951219525942317068e-01 4.24306090603390417826e-01 5.00000000000000555112e-01 9.57092026489052005722e-01
172 1.22347629487150152960e-01 4.24306090664715251926e-01 4.99032685334351577833e-01 9.57092026489052005722e-01
173 1.00568913285400657331e-01 4.36921742209651853273e-01 5.25086012616716391044e-01 9.57092026489052005722e-01
174 1.21951219505097269158e-01 5.00000000000000222045e-01 4.99999999999999611422e-01 1.00000000000000000000e+00
175 1.22346572252394744651e-01 4.99999999999998889777e-01 4.99030943178309649433e-01 1.00000000000000000000e+00
176 1.00571637605596120313e-01 4.99999999999999555911e-01 5.25231754679517770512e-01 1.00000000000000000000e+00
177 1.21951219525942525235e-01 4.24306090603390306804e-01 5.00000000000000555112e-01 9.57092026489052005722e-01
178 1.22346379678876016062e-01 4.24306090630713950151e-01 4.99978794317166685968e-01 9.57092026489052005722e-01
179 1.20896638992218224962e-01 4.24306090548741465796e-01 5.22535518226435069522e-01 9.57092026489052005722e-01
180 1.21951219505097324669e-01 4.99999999999999777955e-01 5.00000000000000000000e-01 1.00000000000000000000e+00
181 1.22345475399697076191e-01 5.00000000000000333067e-01 4.99977920940437692288e-01 1.00000000000000000000e+00
182 1.20899038480884457591e-01 4.99999999999999888978e-01 5.22679225556781479334e-01 1.00000000000000000000e+00
183 1.21951219525942011757e-01 4.24306090603389807203e-01 4.99999999999999833467e-01 9.57092026489052005722e-01
184 1.22345892732381500423e-01 4.24306090632772137106e-01 5.00952252298713651690e-01 9.57092026489052005722e-01
185 1.41222837680249124759e-01 4.11690438971178629401e-01 5.19930127448787637867e-01 9.57092026489052005722e-01
186 1.21951219505097227525e-01 5.00000000000000111022e-01 5.00000000000000222045e-01 1.00000000000000000000e+00
187 1.22345134930627374992e-01 4.99999999999999056310e-01 5.00952019077519961066e-01 1.00000000000000000000e+00
188 1.41224925265470646618e-01 5.00000000000000222045e-01 5.20072258902503303801e-01 1.00000000000000000000e+00
189 1.21951219525942455846e-01 4.24306090603389640670e-01 5.00000000000000222045e-01 9.57092026489052005722e-01
190 1.22339188588168973348e-01 4.24306090606995367498e-01 5.01507845979014432736e-01 9.57092026489052005722e-01
191 1.61561739499733764136e-01 3.99074787449112844406e-01 5.18231347144929244131e-01 9.57092026489052005722e-01
192 1.21951219505097241402e-01 5.00000000000000000000e-01 5.00000000000000111022e-01 1.00000000000000000000e+00
193 1.22338540715951654692e-01 5.00000000000000444089e-01 5.01509462479458711925e-01 1.00000000000000000000e+00
194 1.61563589301177645829e-01 5.00000000000000111022e-01 5.18369229755358040812e-01 1.00000000000000000000e+00
195 1.21951219525942053390e-01 4.24306090603390639870e-01 5.00000000000000333067e-01 9.57092026489052005722e-01
196 1.21951620903469476476e-01 4.24306090648392975062e-01 5.00758303494915235632e-01 9.57092026489052005722e-01
197 1.62600808744129188277e-01 3.99074787366310024250e-01 5.09105265041210008903e-01 9.57092026489052005722e-01
198 1.21951219505097269158e-01 5.00000000000000222045e-01 4.99999999999999722444e-01 1.00000000000000000000e+00
199 1.21951625260941984297e-01 4.99999999999998556710e-01 5.00759662354132717432e-01 1.00000000000000000000e+00
200 1.62600799761970060686e-01 5.00000000000000555112e-01 5.09173020693096334277e-01 1.00000000000000000000e+00
201 1.21951219525942414212e-01 4.24306090603389696181e-01 4.99999999999999777955e-01 9.57092026489052005722e-01
202 1.21951219532724502992e-01 4.24306090610587882672e-01 5.00000000000000333067e-01 9.57092026489052005722e-01
203 1.62601626020991346655e-01 3.99074787441927092413e-01 4.99999999999999944489e-01 9.57092026489052005722e-01
204 1.21951219505097227525e-01 4.99999999999999833467e-01 5.00000000000000111022e-01 1.00000000000000000000e+00
205 1.21951219497998669672e-01 5.00000000000000444089e-01 4.99999999999999500400e-01 1.00000000000000000000e+00
206 1.62601626020992817701e-01 4.99999999999999833467e-01 5.00000000000000000000e-01 1.00000000000000000000e+00
207 1.21951219525942275435e-01 4.24306090603390473337e-01 5.00000000000000444089e-01 9.57092026489052005722e-01
208 1.21951620903468144208e-01 4.24306090648393197107e-01 4.99241696505101639758e-01 9.57092026489052005722e-01
209 1.62600808744131047900e-01 3.99074787366310579362e-01 4.90894734958804035418e-01 9.57092026489052005722e-01
210 1.21951219505097324669e-01 5.00000000000000333067e-01 4.99999999999999611422e-01 1.00000000000000000000e+00
211 1.21951625260942733697e-01 4.99999999999998723244e-01 4.99240337645886267381e-01 1.00000000000000000000e+00
212 1.62600799761970060686e-01 5.00000000000000222045e-01 4.90826979306916599821e-01 1.00000000000000000000e+00
213 1.21951219525942275435e-01 4.24306090603389973737e-01 5.00000000000000222045e-01 9.57092026489052005722e-01
214 1.22339188588168057414e-01 4.24306090606993424608e-01 4.98492154020998445851e-01 9.57092026489052005722e-01
215 1.61561739499733902914e-01 3.99074787449113288496e-01 4.81768652855079637654e-01 9.57092026489052005722e-01
216 1.21951219505097227525e-01 4.99999999999999888978e-01 5.00000000000000222045e-01 1.00000000000000000000e+00
217 1.22338540715952098781e-01 4.99999999999999833467e-01 4.98490537520553611550e-01 1.00000000000000000000e+00
218 1.61563589301177396029e-01 4.99999999999999555911e-01 4.81630770244650008305e-01 1.00000000000000000000e+00
219 1.21951219525942358701e-01 4.24306090603389696181e-01 5.00000000000000000000e-01 9.57092026489052005722e-01
220 1.22345892732380640000e-01 4.24306090632772137106e-01 4.99047747701296673384e-01 9.57092026489052005722e-01
221 1.41222837680247792491e-01 4.11690438971178240823e-01 4.80069872551222798229e-01 9.57092026489052005722e-01
222 1.21951219505097352425e-01 4.99999999999999500400e-01 4.99999999999999444888e-01 1.00000000000000000000e+00
223 1.22345134930626764369e-01 5.00000000000000555112e-01 4.99047980922491307698e-01 1.00000000000000000000e+00
224 1.41224925265470896418e-01 4.99999999999999722444e-01 4.79927741097505133894e-01 1.00000000000000000000e+00
225 1.21951219525942400335e-01 4.24306090603390417826e-01 5.00000000000000000000e-01 9.57092026489052005722e-01
226 1.22346379678875377683e-01 4.24306090630714338729e-01 5.00021205682845359952e-01 9.57092026489052005722e-01
227 1.20896638992217739239e-01 4.24306090548742242952e-01 4.77464481773573201639e-01 9.57092026489052005722e-01
228 1.21951219505097241402e-01 4.99999999999999777955e-01 4.99999999999999888978e-01 1.00000000000000000000e+00
229 1.22345475399697561913e-01 5.00000000000000111022e-01 5.00022079059575075277e-01 1.00000000000000000000e+00
230 1.20899038480884277180e-01 5.00000000000000111022e-01 4.77320774443226625294e-01 1.00000000000000000000e+00
231 1.21951219525942095023e-01 4.24306090603389973737e-01 4.99999999999999500400e-01 9.57092026489052005722e-01
232 1.22347629487153594652e-01 4.24306090664714585792e-01 5.00967314665660801154e-01 9.57092026489052005722e-01
233 1.00568913285400296509e-01 4.36921742209649743849e-01 4.74913987383291602562e-01 9.57092026489052005722e-01
234 1.21951219505097324669e-01 5.00000000000000000000e-01 4.99999999999999611422e-01 1.00000000000000000000e+00
235 1.22346572252395216496e-01 5.00000000000000000000e-01 5.00969056821702563020e-01 1.00000000000000000000e+00
236 1.00571637605595676224e-01 5.00000000000000000000e-01 4.74768245320489168382e-01 1.00000000000000000000e+00
237 1.21951219525942275435e-01 4.24306090603389973737e-01 5.00000000000000888178e-01 9.57092026489052005722e-01
238 1.22332285672387658382e-01 4.24306090489037779356e-01 5.02795459659944654618e-01 9.57092026489052005722e-01
239 8.02747157110465375807e-02 4.49537393669942053620e-01 4.70514941642149742140e-01 9.57092026489052005722e-01
240 1.21951219505097241402e-01 5.00000000000000111022e-01 5.00000000000000111022e-01 1.00000000000000000000e+00
241 1.22331081648012623964e-01 4.99999999999999833467e-01 5.02793626553504680032e-01 1.00000000000000000000e+00
242 8.02777534787437324626e-02 4.99999999999999555911e-01 4.70376396787543948896e-01 1.00000000000000000000e+00
243 1.21951219525942372579e-01 4.24306090603389973737e-01 4.99999999999999555911e-01 9.57092026489052005722e-01
244 1.21951912672311466035e-01 4.24306090489038001401e-01 5.01357594156045083267e-01 9.57092026489052005722e-01
245 8.12994101830370186068e-02 4.49537393669940721352e-01 4.85340418535338435913e-01 9.57092026489052005722e-01
246 1.21951219505097380180e-01 4.99999999999999389377e-01 5.00000000000000000000e-01 1.00000000000000000000e+00
247 1.21951922354739880627e-01 4.99999999999999555911e-01 5.01356079672783394585e-01 1.00000000000000000000e+00
248 8.12993905944189160229e-02 5.00000000000000222045e-01 4.85272430627841477868e-01 1.00000000000000000000e+00
249 1.21951219525942233801e-01 4.24306090603390029248e-01 5.00000000000000111022e-01 9.57092026489052005722e-01
250 1.21951219494666251997e-01 4.24306090489038223446e-01 5.00000000000000666134e-01 9.57092026489052005722e-01
251 8.13008130033910092482e-02 4.49537393669942442198e-01 4.99999999999999722444e-01 9.57092026489052005722e-01
252 1.21951219505097269158e-01 5.00000000000000111022e-01 5.00000000000000111022e-01 1.00000000000000000000e+00
253 1.21951219505097421814e-01 5.00000000000000222045e-01 5.00000000000000222045e-01 1.00000000000000000000e+00
254 8.13008130033981701867e-02 4.99999999999999944489e-01 5.00000000000000000000e-01 1.00000000000000000000e+00
255 1.21951219525937695765e-01 5.75693909396611136486e-01 5.00000000000000222045e-01 9.57092026489052005722e-01
256 1.21951219494667473242e-01 5.75693909510962886777e-01 5.00000000000000666134e-01 9.57092026489052005722e-01
257 8.13008130033913423151e-02 5.50462606330059500692e-01 5.00000000000000000000e-01 9.57092026489052005722e-01
258 1.01469548084077904049e-01 6.38675049077323753188e-01 5.00000000000000555112e-01 1.00000000000000000000e+00
259 1.01469548084070174121e-01 6.38675049077365608596e-01 4.99999999999999722444e-01 1.00000000000000000000e+00
260 6.76463653893796673655e-02 5.92450032727930731014e-01 5.00000000000000222045e-01 1.00000000000000000000e+00
261 1.21951219525937792909e-01 5.75693909396611136486e-01 5.00000000000000888178e-01 9.57092026489052005722e-01
262 1.21951912672315504471e-01 5.75693909510962997800e-01 4.98642405843972347235e-01 9.57092026489052005722e-01
263 8.12994101830351312277e-02 5.50462606330058279447e-01 5.14659581464672388762e-01 9.57092026489052005722e-01
264 1.01469548084077917927e-01 6.38675049077324530344e-01 4.99999999999999833467e-01 1.00000000000000000000e+00
265 1.01470388394854366121e-01 6.38675049077365275529e-01 4.98584754602811375257e-01 1.00000000000000000000e+00
266 6.76446651863981951447e-02 5.92450032727931619192e-01 5.16396537650945175457e-01 1.00000000000000000000e+00
267 1.21951219525937640253e-01 5.75693909396611580576e-01 4.99999999999999777955e-01 9.57092026489052005722e-01
268 1.22332285672389740050e-01 5.75693909510962442688e-01 4.97204540340066780679e-01 9.57092026489052005722e-01
269 8.02747157110476478037e-02 5.50462606330059389670e-01 5.29485058357857529820e-01 9.57092026489052005722e-01
270 1.01469548084077917927e-01 6.38675049077323309099e-01 5.00000000000000333067e-01 1.00000000000000000000e+00
271 1.01835337294585825951e-01 6.38675049077366940864e-01 4.97062743697525954989e-01 1.00000000000000000000e+00
272 6.66542828598988695843e-02 5.92450032727931064080e-01 5.33014853299251023522e-01 1.00000000000000000000e+00
273 1.21951219525937820665e-01 5.75693909396611358531e-01 5.00000000000000000000e-01 9.57092026489052005722e-01
274 1.22347629487152650962e-01 5.75693909335284081941e-01 4.99032685334351411299e-01 9.57092026489052005722e-01
275 1.00568913285400463042e-01 5.63078257790351699441e-01 5.25086012616715613888e-01 9.57092026489052005722e-01
276 1.01469548084077848538e-01 6.38675049077325196478e-01 5.00000000000000000000e-01 1.00000000000000000000e+00
277 1.01857571204342703397e-01 6.38675049103022196562e-01 4.98944623363067329969e-01 1.00000000000000000000e+00
278 8.35203637619189309671e-02 6.15562540851269490716e-01 5.28463084832615725972e-01 1.00000000000000000000e+00
279 1.21951219525937556987e-01 5.75693909396611025464e-01 5.00000000000000666134e-01 9.57092026489052005722e-01
280 1.22346379678878680597e-01 5.75693909369287215583e-01 4.99978794317166297390e-01 9.57092026489052005722e-01
281 1.20896638992217503317e-01 5.75693909451258867271e-01 5.22535518226436179745e-01 9.57092026489052005722e-01
282 1.01469548084077876293e-01 6.38675049077323531144e-01 5.00000000000000333067e-01 1.00000000000000000000e+00
283 1.01861397548173138183e-01 6.38675049093099245212e-01 4.99965370676423603857e-01 1.00000000000000000000e+00
284 1.00423649717238133716e-01 6.38675049045775766743e-01 5.25717873864218865343e-01 1.00000000000000000000e+00
285 1.21951219525937640253e-01 5.75693909396611469553e-01 4.99999999999999278355e-01 9.57092026489052005722e-01
286 1.22345892732383609847e-01 5.75693909367226419604e-01 5.00952252298714095780e-01 9.57092026489052005722e-01
287 1.41222837680249124759e-01 5.88309561028823146955e-01 5.19930127448786083555e-01 9.57092026489052005722e-01
288 1.01469548084077931804e-01 6.38675049077324974434e-01 4.99999999999999833467e-01 1.00000000000000000000e+00
289 1.01865984011227650452e-01 6.38675049080835388615e-01 5.01010092100302006912e-01 1.00000000000000000000e+00
290 1.17325414087335475055e-01 6.61787557245204660639e-01 5.22924538649977677096e-01 1.00000000000000000000e+00
291 1.21951219525937668009e-01 5.75693909396611358531e-01 5.00000000000000333067e-01 9.57092026489052005722e-01
292 1.22339188588170111327e-01 5.75693909393005687214e-01 5.01507845979013655580e-01 9.57092026489052005722e-01
293 1.61561739499733930669e-01 6.00925212550887488661e-01 5.18231347144929244131e-01 9.57092026489052005722e-01
294 1.01469548084077890171e-01 6.38675049077323420121e-01 5.00000000000000444089e-01 1.00000000000000000000e+00
295 1.01863200185150326593e-01 6.38675049084223234175e-01 5.01627183016198685550e-01 1.00000000000000000000e+00
296 1.34242231077173063136e-01 6.84900065413002634429e-01 5.21057938953735200194e-01 1.00000000000000000000e+00
297 1.21951219525937820665e-01 5.75693909396610137286e-01 5.00000000000000111022e-01 9.57092026489052005722e-01
298 1.21951620903490834391e-01 5.75693909351606913916e-01 5.00758303494915901766e-01 9.57092026489052005722e-01
299 1.62600808744129826655e-01 6.00925212633690919439e-01 5.09105265041209231747e-01 9.57092026489052005722e-01
300 1.01469548084077793026e-01 6.38675049077324308300e-01 4.99999999999999888978e-01 1.00000000000000000000e+00
301 1.01470002781565246663e-01 6.38675049094540314698e-01 5.00824996243393272266e-01 1.00000000000000000000e+00
302 1.35291804443718521878e-01 6.84900065392367696226e-01 5.10503280144656956807e-01 1.00000000000000000000e+00
303 1.21951219525937779031e-01 5.75693909396611247509e-01 4.99999999999999888978e-01 9.57092026489052005722e-01
304 1.21951219532725446681e-01 5.75693909389413116529e-01 5.00000000000000222045e-01 9.57092026489052005722e-01
305 1.62601626020991901767e-01 6.00925212558073629232e-01 5.00000000000000222045e-01 9.57092026489052005722e-01
306 1.01469548084077904049e-01 6.38675049077323753188e-01 5.00000000000000444089e-01 1.00000000000000000000e+00
307 1.01469548078167673411e-01 6.38675049091101065812e-01 5.00000000000000333067e-01 1.00000000000000000000e+00
308 1.35292730790580378875e-01 6.84900065399246971154e-01 5.00000000000000000000e-01 1.00000000000000000000e+00
309 1.21951219525937681887e-01 5.75693909396610692397e-01 5.00000000000000111022e-01 9.57092026489052005722e-01
310 1.21951620903554242004e-01 5.75693909351605914715e-01 4.99241696505102694470e-01 9.57092026489052005722e-01
311 1.62600808744129909922e-01 6.00925212633689587172e-01 4.90894734958804035418e-01 9.57092026489052005722e-01
312 1.01469548084077862415e-01 6.38675049077324308300e-01 5.00000000000000333067e-01 1.00000000000000000000e+00
313 1.01470002781565399319e-01 6.38675049094539759587e-01 4.99175003756623658635e-01 1.00000000000000000000e+00
314 1.35291804443718410855e-01 6.84900065392369583606e-01 4.89496719855356143825e-01 1.00000000000000000000e+00
315 1.21951219525937556987e-01 5.75693909396610581375e-01 5.00000000000000222045e-01 9.57092026489052005722e-01
316 1.22339188588169445193e-01 5.75693909393006464370e-01 4.98492154020999111985e-01 9.57092026489052005722e-01
317 1.61561739499734596803e-01 6.00925212550888154794e-01 4.81768652855079471120e-01 9.57092026489052005722e-01
318 1.01469548084077904049e-01 6.38675049077323309099e-01 5.00000000000000333067e-01 1.00000000000000000000e+00
319 1.01863200185150673538e-01 6.38675049084223234175e-01 4.98372816983813249347e-01 1.00000000000000000000e+00
320 1.34242231077172979870e-01 6.84900065413002412384e-01 4.78942061046273348524e-01 1.00000000000000000000e+00
321 1.21951219525937709642e-01 5.75693909396611358531e-01 4.99999999999999888978e-01 9.57092026489052005722e-01
322 1.22345892732385261303e-01 5.75693909367228529028e-01 4.99047747701296617873e-01 9.57092026489052005722e-01
323 1.41222837680246821046e-01 5.88309561028822369799e-01 4.80069872551223242318e-01 9.57092026489052005722e-01
324 1.01469548084077779149e-01 6.38675049077324752389e-01 4.99999999999999944489e-01 1.00000000000000000000e+00
325 1.01865984011227483919e-01 6.38675049080835499637e-01 4.98989907899711204742e-01 1.00000000000000000000e+00
326 1.17325414087335905267e-01 6.61787557245204771661e-01 4.77075461350030038954e-01 1.00000000000000000000e+00
327 1.21951219525937612498e-01 5.75693909396610803419e-01 5.00000000000000111022e-01 9.57092026489052005722e-01
328 1.22346379678877598129e-01 5.75693909369287881717e-01 5.00021205682845693019e-01 9.57092026489052005722e-01
329 1.20896638992218516395e-01 5.75693909451258978294e-01 4.77464481773572424483e-01 9.57092026489052005722e-01
330 1.01469548084077890171e-01 6.38675049077323198077e-01 5.00000000000000222045e-01 1.00000000000000000000e+00
331 1.01861397548173276961e-01 6.38675049093099356234e-01 5.00034629323588775129e-01 1.00000000000000000000e+00
332 1.00423649717237842283e-01 6.38675049045776543899e-01 4.74282126135789128263e-01 1.00000000000000000000e+00
333 1.21951219525937820665e-01 5.75693909396611802620e-01 5.00000000000000555112e-01 9.57092026489052005722e-01
334 1.22347629487154954675e-01 5.75693909335282638651e-01 5.00967314665660135020e-01 9.57092026489052005722e-01
335 1.00568913285400282631e-01 5.63078257790351144330e-01 4.74913987383292268696e-01 9.57092026489052005722e-01
336 1.01469548084077793026e-01 6.38675049077325196478e-01 5.00000000000000000000e-01 1.00000000000000000000e+00
337 1.01857571204343758109e-01 6.38675049103021419405e-01 5.01055376636944993507e-01 1.00000000000000000000e+00
338 8.35203637619188199448e-02 6.15562540851270934006e-01 4.71536915167391490478e-01 1.00000000000000000000e+00
339 1.21951219525937556987e-01 5.75693909396611136486e-01 5.00000000000000111022e-01 9.57092026489052005722e-01
340 1.22332285672390156384e-01 5.75693909510962664733e-01 5.02795459659946208930e-01 9.57092026489052005722e-01
341 8.02747157110466347252e-02 5.50462606330059722737e-01 4.70514941642149742140e-01 9.57092026489052005722e-01
342 1.01469548084077917927e-01 6.38675049077323531144e-01 5.00000000000000111022e-01 1.00000000000000000000e+00
343 1.01835337294585714929e-01 6.38675049077366052686e-01 5.02937256302486535020e-01 1.00000000000000000000e+00
344 6.66542828598989250954e-02 5.92450032727931397147e-01 4.66985146700755693328e-01 1.00000000000000000000e+00
345 1.21951219525937917809e-01 5.75693909396612024665e-01 5.00000000000000222045e-01 9.57092026489052005722e-01
346 1.21951912672314172204e-01 5.75693909510961998599e-01 5.01357594156043306910e-01 9.57092026489052005722e-01
347 8.12994101830362275729e-02 5.50462606330059167625e-01 4.85340418535338269379e-01 9.57092026489052005722e-01
348 1.01469548084077765271e-01 6.38675049077324530344e-01 5.00000000000000000000e-01 1.00000000000000000000e+00
349 1.01470388394856392278e-01 6.38675049077365497574e-01 5.01415245397207165468e-01 1.00000000000000000000e+00
350 6.76446651863979175889e-02 5.92450032727931730214e-01 4.83603462349065316150e-01 1.00000000000000000000e+00
351 1.21951219525937654131e-01 5.75693909396610581375e-01 4.99999999999999777955e-01 9.57092026489052005722e-01
352 1.21951219494667542631e-01 5.75693909510962997800e-01 5.00000000000000666134e-01 9.57092026489052005722e-01
353 8.13008130033912868040e-02 5.50462606330059167625e-01 5.00000000000000111022e-01 9.57092026489052005722e-01
354 1.01469548084077820782e-01 6.38675049077323753188e-01 5.00000000000000000000e-01 1.00000000000000000000e+00
355 1.01469548084070132488e-01 6.38675049077364942463e-01 5.00000000000000111022e-01 1.00000000000000000000e+00
356 6.76463653893796812433e-02 5.92450032727930953058e-01 4.99999999999999944489e-01 1.00000000000000000000e+00
357 6.52663120069246066590e-02 7.50000000039348080350e-01 4.99999999999999333866e-01 8.81674598767944961430e-01
358 6.52663120069296442960e-02 7.50000000039323655443e-01 5.00000000000000111022e-01 8.81674598767944961430e-01
359 4.35108746712863300732e-02 6.66666666719097134042e-01 4.99999999999999944489e-01 8.81674598767944961430e-01
360 -5.61351110261790335587e-18 7.49999999970896280566e-01 5.00000000000000222045e-01 1.00000000000000000000e+00
361 -4.84859490672804237502e-19 7.49999999970896613632e-01 5.00000000000000111022e-01 1.00000000000000000000e+00
362 -1.13208879819953846575e-18 6.66666666627862336547e-01 4.99999999999999888978e-01 1.00000000000000000000e+00
363 6.52663120069245511479e-02 7.50000000039346526037e-01 5.00000000000000111022e-01 8.81674598767944961430e-01
364 6.52687733672837333554e-02 7.50000000039325320778e-01 4.97695576988379018157e-01 8.81674598767944961430e-01
365 4.35058914429346174635e-02 6.66666666719097800176e-01 5.15606624969960569693e-01 8.81674598767944961430e-01
366 1.38373738593860093493e-17 7.49999999970897168744e-01 5.00000000000000111022e-01 1.00000000000000000000e+00
367 -1.77918808020558693918e-17 7.49999999970895725454e-01 4.99999999999444055820e-01 1.00000000000000000000e+00
368 2.39466534298272142696e-18 6.66666666627861781436e-01 5.37634209384934780296e-01 1.00000000000000000000e+00
369 6.52663120069245927812e-02 7.50000000039349190573e-01 4.99999999999999944489e-01 8.81674598767944961430e-01
370 6.57035386048843983442e-02 7.50000000039322212153e-01 4.95061846823296014541e-01 8.81674598767944961430e-01
371 4.22827119891341640656e-02 6.66666666719096800975e-01 5.31906680803926779078e-01 8.81674598767944961430e-01
372 5.54139176860600726879e-18 7.49999999970895836476e-01 4.99999999999999888978e-01 1.00000000000000000000e+00
373 -1.79631925086902749561e-17 7.49999999970896613632e-01 4.99999999999922450922e-01 1.00000000000000000000e+00
374 3.94593009064445050789e-18 6.66666666627862780636e-01 5.75268418770359613035e-01 1.00000000000000000000e+00
375 6.52663120069246344146e-02 7.50000000039345637859e-01 5.00000000000000333067e-01 8.81674598767944961430e-01
376 6.57725028307621639723e-02 7.50000000024776070084e-01 4.97944295823564753167e-01 8.81674598767944961430e-01
377 5.30168081395970547387e-02 7.08333333408347809446e-01 5.24763813428945846695e-01 8.81674598767944961430e-01
378 -3.65244120421579669480e-18 7.49999999970897501811e-01 5.00000000000000222045e-01 1.00000000000000000000e+00
379 2.82214452381774569503e-18 7.49999999970895503409e-01 4.99999999999922284388e-01 1.00000000000000000000e+00
380 -1.42007715826494169627e-18 7.08333333299378420378e-01 5.75268418770359057923e-01 1.00000000000000000000e+00
381 6.52663120069246482924e-02 7.50000000039348635461e-01 4.99999999999999944489e-01 8.81674598767944961430e-01
382 6.58082934332527430543e-02 7.50000000030401459128e-01 4.99839287912216878595e-01 8.81674598767944961430e-01
383 6.38180465981006000975e-02 7.50000000057237992124e-01 5.19703778824633477740e-01 8.81674598767944961430e-01
384 -1.78160555399622147848e-18 7.49999999970895947499e-01 5.00000000000000222045e-01 1.00000000000000000000e+00
385 -1.73174045401625731927e-18 7.49999999970896502610e-01 4.99999999999922173366e-01 1.00000000000000000000e+00
386 -6.57333082588596883781e-18 7.49999999970897390789e-01 5.75268418770359279968e-01 1.00000000000000000000e+00
387 6.52663120069244401256e-02 7.50000000039346748082e-01 5.00000000000000000000e-01 8.81674598767944961430e-01
388 6.58448543886519244150e-02 7.50000000019502843784e-01 5.01747441809937577695e-01 8.81674598767944961430e-01
389 7.46177428699668077172e-02 7.91666666739047841794e-01 5.14617312618602218421e-01 8.81674598767944961430e-01
390 1.54728336367721163680e-17 7.49999999970896613632e-01 5.00000000000000000000e-01 1.00000000000000000000e+00
391 -1.59790966894366149532e-17 7.49999999985448750905e-01 5.00000000000801692046e-01 1.00000000000000000000e+00
392 7.18694440961380786388e-18 7.91666666613308311895e-01 5.75268418768599465452e-01 1.00000000000000000000e+00
393 6.52663120069245650257e-02 7.50000000039348635461e-01 4.99999999999999278355e-01 8.81674598767944961430e-01
394 6.58642370271347588062e-02 7.50000000071142203240e-01 5.03043758440228638840e-01 8.81674598767944961430e-01
395 8.54524709920238545457e-02 8.33333333295958822440e-01 5.10850618992990668232e-01 8.81674598767944961430e-01
396 7.03449291619494203344e-18 7.49999999970896280566e-01 5.00000000000000333067e-01 1.00000000000000000000e+00
397 -6.54482797153081211152e-18 7.49999999941793005220e-01 4.99999999998162636405e-01 1.00000000000000000000e+00
398 -9.68371240825959937002e-18 8.33333333372138773676e-01 5.75268418773877687755e-01 1.00000000000000000000e+00
399 6.52663120069247315591e-02 7.50000000039346637060e-01 5.00000000000000333067e-01 8.81674598767944961430e-01
400 6.52676286167654939874e-02 7.50000000036487479704e-01 5.01605846190161130949e-01 8.81674598767944961430e-01
401 8.70190644699971593834e-02 8.33333333365272599380e-01 5.05242622995377588246e-01 8.81674598767944961430e-01
402 -9.74553769003570195880e-18 7.49999999970896724655e-01 4.99999999999999833467e-01 1.00000000000000000000e+00
403 -1.34105292999361321219e-17 7.49999999941793227265e-01 4.99999999998514521593e-01 1.00000000000000000000e+00
404 -1.27862357091264491561e-17 8.33333333372138440609e-01 5.37634209386794736929e-01 1.00000000000000000000e+00
405 6.52663120069246344146e-02 7.50000000039349634662e-01 4.99999999999999944489e-01 8.81674598767944961430e-01
406 6.52663120102761340480e-02 7.50000000048037018807e-01 4.99999999999999000799e-01 8.81674598767944961430e-01
407 8.70217493358683980009e-02 8.33333333342168081082e-01 5.00000000000000000000e-01 8.81674598767944961430e-01
408 -7.10660709817948051128e-18 7.49999999970895836476e-01 5.00000000000000222045e-01 1.00000000000000000000e+00
409 -1.25342233973239653750e-18 7.49999999941793227265e-01 4.99999999999999777955e-01 1.00000000000000000000e+00
410 2.74167781529760811604e-17 8.33333333372138329587e-01 5.00000000000000000000e-01 1.00000000000000000000e+00
411 6.52663120069245789034e-02 7.50000000039345748881e-01 4.99999999999999944489e-01 8.81674598767944961430e-01
412 6.52676286167647445868e-02 7.50000000036489256061e-01 4.98394153809861739646e-01 8.81674598767944961430e-01
413 8.70190644699968957054e-02 8.33333333365270712001e-01 4.94757377004636900164e-01 8.81674598767944961430e-01
414 1.93593723750717322301e-18 7.49999999970897057722e-01 4.99999999999999888978e-01 1.00000000000000000000e+00
415 2.10623251164578692520e-17 7.49999999941792783176e-01 5.00000000001487476808e-01 1.00000000000000000000e+00
416 2.75142723835579099993e-18 8.33333333372137996520e-01 4.62365790613205873694e-01 1.00000000000000000000e+00
417 6.52663120069246066590e-02 7.50000000039348968528e-01 5.00000000000000111022e-01 8.81674598767944961430e-01
418 6.58642370271334265386e-02 7.50000000071140204838e-01 4.96956241559783296058e-01 8.81674598767944961430e-01
419 8.54524709920237296457e-02 8.33333333295959266529e-01 4.89149381007019878886e-01 8.81674598767944961430e-01
420 -4.09321505078004835087e-19 7.49999999970895947499e-01 4.99999999999999944489e-01 1.00000000000000000000e+00
421 2.05883320095943195426e-18 7.49999999941793782376e-01 5.00000000001838640351e-01 1.00000000000000000000e+00
422 3.63578794190602962578e-18 8.33333333372138551631e-01 4.24731581226122589801e-01 1.00000000000000000000e+00
423 6.52663120069246344146e-02 7.50000000039347081149e-01 4.99999999999999056310e-01 8.81674598767944961430e-01
424 6.58448543886521187041e-02 7.50000000019505286275e-01 4.98252558190077188272e-01 8.81674598767944961430e-01
425 7.46177428699667522061e-02 7.91666666739046620549e-01 4.85382687381406829896e-01 8.81674598767944961430e-01
426 -1.05037049807849735186e-18 7.49999999970896835677e-01 5.00000000000000666134e-01 1.00000000000000000000e+00
427 -2.07712518049082995354e-17 7.49999999985447751705e-01 4.99999999999198641021e-01 1.00000000000000000000e+00
428 -1.46195566569238066440e-17 7.91666666613309311096e-01 4.24731581231401311705e-01 1.00000000000000000000e+00
429 6.52663120069246205368e-02 7.50000000039348635461e-01 4.99999999999999555911e-01 8.81674598767944961430e-01
430 6.58082934332526736654e-02 7.50000000030402125262e-01 5.00160712087795222835e-01 8.81674598767944961430e-01
431 6.38180465981007943865e-02 7.50000000057238547235e-01 4.80296221175374626888e-01 8.81674598767944961430e-01
432 -1.15587129642294117376e-18 7.49999999970896058521e-01 5.00000000000000111022e-01 1.00000000000000000000e+00
433 -9.13952807863896172321e-19 7.49999999970897501811e-01 5.00000000000078603790e-01 1.00000000000000000000e+00
434 1.12378314898107116730e-17 7.49999999970896835677e-01 4.24731581229641663722e-01 1.00000000000000000000e+00
435 6.52663120069247038035e-02 7.50000000039346748082e-01 5.00000000000000333067e-01 8.81674598767944961430e-01
436 6.57725028307785397619e-02 7.50000000024775514973e-01 5.02055704176453954091e-01 8.81674598767944961430e-01
437 5.30168081395619023022e-02 7.08333333408345589000e-01 4.75236186571047491967e-01 8.81674598767944961430e-01
438 -3.04837250317799147748e-18 7.49999999970896502610e-01 5.00000000000000000000e-01 1.00000000000000000000e+00
439 -1.79836831235981117709e-17 7.49999999970894837276e-01 5.00000000000078936857e-01 1.00000000000000000000e+00
440 1.38067505329538137041e-17 7.08333333299379530601e-01 4.24731581229641830255e-01 1.00000000000000000000e+00
441 6.52663120069245233923e-02 7.50000000039348413416e-01 4.99999999999999389377e-01 8.81674598767944961430e-01
442 6.57035386048845093665e-02 7.50000000039323877488e-01 5.04938153176717641202e-01 8.81674598767944961430e-01
443 4.22827119891340044711e-02 6.66666666719097689153e-01 4.68093319196080159816e-01 8.81674598767944961430e-01
444 4.93732306756819935515e-18 7.49999999970896280566e-01 5.00000000000000222045e-01 1.00000000000000000000e+00
445 4.12203347521080402212e-18 7.49999999970896835677e-01 5.00000000000078714812e-01 1.00000000000000000000e+00
446 -1.12550255805158691410e-17 6.66666666627861559391e-01 4.24731581229641663722e-01 1.00000000000000000000e+00
447 6.52663120069248009480e-02 7.50000000039346526037e-01 5.00000000000000222045e-01 8.81674598767944961430e-01
448 6.52687733672818182207e-02 7.50000000039324876688e-01 5.02304423011640022168e-01 8.81674598767944961430e-01
449 4.35058914429347354247e-02 6.66666666719095801774e-01 4.84393375030049755381e-01 8.81674598767944961430e-01
450 -2.20257531463435441884e-18 7.49999999970897168744e-01 4.99999999999999944489e-01 1.00000000000000000000e+00
451 -4.76015891397915590762e-18 7.49999999970895725454e-01 5.00000000000557109914e-01 1.00000000000000000000e+00
452 2.56164977927174997501e-18 6.66666666627861337346e-01 4.62365790615066107883e-01 1.00000000000000000000e+00
453 6.52663120069245789034e-02 7.50000000039347858305e-01 5.00000000000000111022e-01 8.81674598767944961430e-01
454 6.52663120069296998071e-02 7.50000000039325098733e-01 4.99999999999999722444e-01 8.81674598767944961430e-01
455 4.35108746712862953787e-02 6.66666666719097245064e-01 5.00000000000000222045e-01 8.81674598767944961430e-01
456 3.66922993515998511795e-18 7.49999999970896613632e-01 4.99999999999999888978e-01 1.00000000000000000000e+00
457 -3.48870768774923206456e-18 7.49999999970895281365e-01 4.99999999999999944489e-01 1.00000000000000000000e+00
458 -1.01498869589227192117e-19 6.66666666627861892458e-01 4.99999999999999944489e-01 1.00000000000000000000e+00
459 -5.97562747942734003946e-18 5.70000000025029374129e-01 4.99999999999999944489e-01 1.00000000000000000000e+00
460 7.50613044919832572917e-20 5.35000000032304745545e-01 5.00000000000000222045e-01 1.00000000000000000000e+00
461 -2.54431110599080350192e-20 5.00000000000000111022e-01 5.00000000000000111022e-01 1.00000000000000000000e+00
462 1.99999999988358864722e-02 5.70000000025029818218e-01 5.00000000000000444089e-01 1.00000000000000000000e+00
463 2.00000000040744252416e-02 5.35000000032305411679e-01 4.99999999999999444888e-01 1.00000000000000000000e+00
464 1.99999999883587083194e-02 5.00000000000000000000e-01 4.99999999999999611422e-01 1.00000000000000000000e+00
465 3.99999999976720435613e-02 5.70000000025029818218e-01 4.99999999999999944489e-01 1.00000000000000000000e+00
466 3.99999999941795247871e-02 5.35000000032306077813e-01 5.00000000000000222045e-01 1.00000000000000000000e+00
467 4.00000000046568451872e-02 4.99999999999999888978e-01 5.00000000000000444089e-01 1.00000000000000000000e+00
468 -2.38082282948447408420e-20 5.70000000025029707196e-01 4.62365790614135963033e-01 1.00000000000000000000e+00
469 -2.28914166956998191136e-19 5.35000000032306743947e-01 4.62365790565984702276e-01 1.00000000000000000000e+00
470 1.91250410265613514469e-19 4.99999999999999500400e-01 4.62365790710436763700e-01 1.00000000000000000000e+00
471 1.99938947978414438555e-02 5.70000000025029152084e-01 4.75129898136812001130e-01 1.00000000000000000000e+00
472 1.99938948030818942903e-02 5.35000000032305300657e-01 4.75129898166881781130e-01 1.00000000000000000000e+00
473 1.99938947873606887029e-02 4.99999999999999777955e-01 4.75129898076672496643e-01 1.00000000000000000000e+00
474 3.99972963398275982438e-02 5.70000000025029707196e-01 4.78713615057956842769e-01 1.00000000000000000000e+00
475 3.99972963363310202167e-02 5.35000000032304967590e-01 4.78713615054506491653e-01 1.00000000000000000000e+00
476 3.99972963468212816540e-02 5.00000000000000222045e-01 4.78713615064856989889e-01 1.00000000000000000000e+00
477 -1.51222188346307143216e-18 5.70000000025029152084e-01 4.24731581227881960228e-01 1.00000000000000000000e+00
478 -9.77771667366071309842e-20 5.35000000032304745545e-01 4.24731581246356793002e-01 1.00000000000000000000e+00
479 7.37960561970295247455e-20 5.00000000000000111022e-01 4.24731581190932183656e-01 1.00000000000000000000e+00
480 1.92141135782626232276e-02 5.70000000025030040263e-01 4.49506961800916093885e-01 1.00000000000000000000e+00
481 1.92141135832002707406e-02 5.35000000032305855768e-01 4.49506961803659566002e-01 1.00000000000000000000e+00
482 1.92141135683879908658e-02 4.99999999999999833467e-01 4.49506961795427262274e-01 1.00000000000000000000e+00
483 3.91472867824526130076e-02 5.70000000025029929240e-01 4.57053697807531300601e-01 1.00000000000000000000e+00
484 3.91472867790897682827e-02 5.35000000032305744746e-01 4.57053697800268055040e-01 1.00000000000000000000e+00
485 3.91472867891784481742e-02 4.99999999999999944489e-01 4.57053697822058457856e-01 1.00000000000000000000e+00
486 -1.17956694444523803620e-19 4.64999999967694643832e-01 4.99999999999999722444e-01 1.00000000000000000000e+00
487 1.92752826525086528074e-19 4.29999999974970736893e-01 5.00000000000000111022e-01 1.00000000000000000000e+00
488 2.00000000040746403474e-02 4.64999999967694366276e-01 5.00000000000000333067e-01 1.00000000000000000000e+00
489 1.99999999988360044334e-02 4.29999999974971791605e-01 5.00000000000000444089e-01 1.00000000000000000000e+00
490 3.99999999941792888647e-02 4.64999999967695254455e-01 5.00000000000000444089e-01 1.00000000000000000000e+00
491 3.99999999976720019279e-02 4.29999999974971014449e-01 4.99999999999999944489e-01 1.00000000000000000000e+00
492 -1.03213305783785053365e-19 4.64999999967695476499e-01 4.62365790565986034544e-01 1.00000000000000000000e+00
493 6.94048561972316867387e-19 4.29999999974971569561e-01 4.62365790614135796499e-01 1.00000000000000000000e+00
494 1.99938948030817485735e-02 4.64999999967695920589e-01 4.75129898166881670107e-01 1.00000000000000000000e+00
495 1.99938947978415756945e-02 4.29999999974970292804e-01 4.75129898136812056642e-01 1.00000000000000000000e+00
496 3.99972963363306593942e-02 4.64999999967695809566e-01 4.78713615054506602675e-01 1.00000000000000000000e+00
497 3.99972963398272235436e-02 4.29999999974970847916e-01 4.78713615057956953791e-01 1.00000000000000000000e+00
498 1.54890710059016967296e-19 4.64999999967694643832e-01 4.24731581246357459136e-01 1.00000000000000000000e+00
499 -1.02480500240993539335e-18 4.29999999974970958938e-01 4.24731581227882071250e-01 1.00000000000000000000e+00
500 1.92141135832000417571e-02 4.64999999967694699343e-01 4.49506961803658344756e-01 1.00000000000000000000e+00
501 1.92141135782625711859e-02 4.29999999974971791605e-01 4.49506961800915982863e-01 1.00000000000000000000e+00
502 3.91472867790897197104e-02 4.64999999967695143432e-01 4.57053697800268277085e-01 1.00000000000000000000e+00
503 3.91472867824527864800e-02 4.29999999974971347516e-01 4.57053697807531467134e-01 1.00000000000000000000e+00
504 -4.60355458747435657832e-18 3.81666666615347816016e-01 5.00000000000000222045e-01 1.00000000000000000000e+00
505 3.10162198102106288766e-02 3.84706013135066970943e-01 4.99999999999999222844e-01 9.40837299383971981115e-01
506 5.38231826935257062772e-02 4.18774983623561802837e-01 5.00000000000000111022e-01 1.00000000000000000000e+00
507 -5.32190282163829072321e-18 3.81666666615347316416e-01 4.62365790613671556741e-01 1.00000000000000000000e+00
508 3.10104230779256404005e-02 3.84706013135068192188e-01 4.80421912363650227551e-01 9.40837299383971981115e-01
509 5.38211610930321507351e-02 4.18774983623562357948e-01 4.81795629120712165516e-01 1.00000000000000000000e+00
510 1.08889620934059502933e-17 3.81666666615347704994e-01 4.24731581227002719103e-01 1.00000000000000000000e+00
511 2.99520650130728621763e-02 3.84706013135065749697e-01 4.60062251180205383783e-01 9.40837299383971981115e-01
512 5.28661157507547899148e-02 4.18774983623561580792e-01 4.63307756841100371048e-01 1.00000000000000000000e+00
513 6.01976597206703850640e-02 4.57438200617384160829e-01 4.99999999999999722444e-01 9.78546013244525947350e-01
514 6.06504065182244117560e-02 5.00000000000000666134e-01 4.99999999999999666933e-01 1.00000000000000000000e+00
515 6.01959368987050186250e-02 4.57438200617384216340e-01 4.83138854328022226969e-01 9.78546013244525947350e-01
516 6.06486918188214735315e-02 4.99999999999999333866e-01 4.83191558415975275231e-01 1.00000000000000000000e+00
517 5.91983251985742017776e-02 4.57438200617383994295e-01 4.66037260644392936637e-01 9.78546013244525947350e-01
518 5.96505270829908451624e-02 4.99999999999999888978e-01 4.66144856801530393930e-01 1.00000000000000000000e+00
519 6.01976597206699826081e-02 5.42561799382616616327e-01 4.99999999999999833467e-01 9.78546013244525947350e-01
520 5.38231826935259560774e-02 5.81225016376439307386e-01 5.00000000000000333067e-01 1.00000000000000000000e+00
521 6.01959368987056084310e-02 5.42561799382616949394e-01 4.83138854328022615547e-01 9.78546013244525947350e-01
522 5.38211610930320882851e-02 5.81225016376438308185e-01 4.81795629120711776938e-01 1.00000000000000000000e+00
523 5.91983251985739797330e-02 5.42561799382616172238e-01 4.66037260644393047659e-01 9.78546013244525947350e-01
524 5.28661157507545054202e-02 5.81225016376438752275e-01 4.63307756841100260026e-01 1.00000000000000000000e+00
525 3.10162198102108578601e-02 6.15293986864932640479e-01 4.99999999999998889777e-01 9.40837299383971981115e-01
526 1.02155455480351343194e-17 6.18333333384653682785e-01 5.00000000000000444089e-01 1.00000000000000000000e+00
527 3.10104230779249638583e-02 6.15293986864933084568e-01 4.80421912363649561417e-01 9.40837299383971981115e-01
528 -4.25802838344583509510e-18 6.18333333384653682785e-01 4.62365790613671612252e-01 1.00000000000000000000e+00
529 2.99520650130735213712e-02 6.15293986864933084568e-01 4.60062251180204773160e-01 9.40837299383971981115e-01
530 5.95037181441836982766e-18 6.18333333384653682785e-01 4.24731581227002608081e-01 1.00000000000000000000e+00
531 2.38710881747666536290e-17 8.33333334303457962111e-02 5.00000000000000111022e-01 1.00000000000000000000e+00
532 6.43035927465662753879e-18 -1.38185208145551991633e-17 5.00000000000000000000e-01 1.00000000000000000000e+00
533 1.33669027575714693956e-01 7.80930807236925039749e-02 4.99999999999999666933e-01 9.40837299383971981115e-01
534 1.91056910581942934746e-01 2.34846007339050972810e-17 4.99999999999999722444e-01 1.00000000000000000000e+00
535 2.58703275977225477522e-01 1.57549967300376958512e-01 4.99999999999999888978e-01 1.00000000000000000000e+00
536 3.49593495930582920384e-01 -2.21921338049560050222e-17 5.00000000000000333067e-01 1.00000000000000000000e+00
537 5.58168409647612816275e-18 8.33333334303461015224e-02 4.62365790572031865047e-01 1.00000000000000000000e+00
538 -3.93695568734147660055e-18 -1.25852487322355830654e-18 4.62365790710437263300e-01 1.00000000000000000000e+00
539 1.33667937705330391873e-01 7.80930808102943546656e-02 5.02747016145098091222e-01 9.40837299383971981115e-01
540 1.91055336270261527654e-01 -3.14672819904167220858e-17 5.04510499980366899919e-01 1.00000000000000000000e+00
541 2.58702372473098518579e-01 1.57549967272865965029e-01 4.94680204969821568639e-01 1.00000000000000000000e+00
542 3.49593540253679058161e-01 -4.79939608910669012663e-17 4.95081591639665030691e-01 1.00000000000000000000e+00
543 1.04781985899027381645e-17 8.33333334303459905001e-02 4.24731581257793533446e-01 1.00000000000000000000e+00
544 -2.14250479300644239907e-18 5.44226972871307963786e-18 4.24731581190932405701e-01 1.00000000000000000000e+00
545 1.32177085034195201940e-01 7.80930807236906165958e-02 5.05440050365194681881e-01 9.40837299383971981115e-01
546 1.89002611225987854349e-01 -2.56472519789930472126e-18 5.08973405311070492552e-01 1.00000000000000000000e+00
547 2.57304518828104011874e-01 1.57549967300377041779e-01 4.89389147794473067243e-01 1.00000000000000000000e+00
548 3.49607990877282337472e-01 -1.11715376046327590455e-17 4.90222497915196286922e-01 1.00000000000000000000e+00
549 2.74764054811144964319e-01 3.22903209664342050189e-01 4.99999999999999888978e-01 9.78546013244525947350e-01
550 3.49593495930582254250e-01 2.49999999985448473350e-01 4.99999999999999666933e-01 1.00000000000000000000e+00
551 2.72357723563336040495e-01 5.00000000000000444089e-01 4.99999999999999888978e-01 1.00000000000000000000e+00
552 3.49593495930582753850e-01 4.99999999999999722444e-01 5.00000000000000111022e-01 1.00000000000000000000e+00
553 2.74763123569989831108e-01 3.22903209713620631405e-01 4.94594531665965342349e-01 9.78546013244525947350e-01
554 3.49593540253676282603e-01 2.49999999985447890483e-01 4.95081591639665918869e-01 1.00000000000000000000e+00
555 2.72356800916753072350e-01 4.99999999999999888978e-01 4.94575807175777870661e-01 1.00000000000000000000e+00
556 3.49593540253678836116e-01 5.00000000000000111022e-01 4.95081591639665419269e-01 1.00000000000000000000e+00
557 2.73383203225340210007e-01 3.22903209664342993879e-01 4.89208150132202146398e-01 9.78546013244525947350e-01
558 3.49607990877283281161e-01 2.49999999985448473350e-01 4.90222497915195898344e-01 1.00000000000000000000e+00
559 2.70982729910258679507e-01 5.00000000000000333067e-01 4.89171724020320608517e-01 1.00000000000000000000e+00
560 3.49607990877282226450e-01 4.99999999999999777955e-01 4.90222497915196064877e-01 1.00000000000000000000e+00
561 2.74764054811145685964e-01 6.77096790335660503324e-01 5.00000000000000111022e-01 9.78546013244525947350e-01
562 3.49593495930583197939e-01 7.50000000014550693983e-01 5.00000000000000111022e-01 1.00000000000000000000e+00
563 2.58703275977224422810e-01 8.42450032699621709220e-01 4.99999999999999555911e-01 1.00000000000000000000e+00
564 3.49593495930582753850e-01 1.00000000000000044409e+00 4.99999999999999944489e-01 1.00000000000000000000e+00
565 2.74763123569985834305e-01 6.77096790286380145751e-01 4.94594531665967451772e-01 9.78546013244525947350e-01
566 3.49593540253678558560e-01 7.50000000014551693184e-01 4.95081591639664808646e-01 1.00000000000000000000e+00
567 2.58702372473100683514e-01 8.42450032727133590882e-01 4.94680204969820014327e-01 1.00000000000000000000e+00
568 3.49593540253678558560e-01 1.00000000000000000000e+00 4.95081591639665086202e-01 1.00000000000000000000e+00
569 2.73383203225340654097e-01 6.77096790335659615145e-01 4.89208150132202423954e-01 9.78546013244525947350e-01
570 3.49607990877283281161e-01 7.50000000014552692384e-01 4.90222497915196342433e-01 1.00000000000000000000e+00
571 2.57304518828104011874e-01 8.42450032699623152510e-01 4.89389147794473622355e-01 1.00000000000000000000e+00
572 3.49607990877282392983e-01 1.00000000000000022204e+00 4.90222497915195953855e-01 1.00000000000000000000e+00
573 1.33669027575714693956e-01 9.21906919276307190714e-01 5.00000000000000222045e-01 9.40837299383971981115e-01
574 1.91056910581943045768e-01 9.99999999999999888978e-01 4.99999999999999666933e-01 1.00000000000000000000e+00
575 -3.36610206545181543142e-17 9.16666666569654120522e-01 5.00000000000000333067e-01 1.00000000000000000000e+00
576 3.03976341587133124217e-18 1.00000000000000000000e+00 4.99999999999999888978e-01 1.00000000000000000000e+00
577 1.33667937705329920028e-01 9.21906919189705353901e-01 5.02747016145098424289e-01 9.40837299383971981115e-01
578 1.91055336270261916232e-01 1.00000000000000066613e+00 5.04510499980367677075e-01 1.00000000000000000000e+00
579 1.19784733413956150789e-17 9.16666666569655452790e-01 4.62365790572032753225e-01 1.00000000000000000000e+00
580 3.69164578402005801494e-18 9.99999999999999888978e-01 4.62365790710436874722e-01 1.00000000000000000000e+00
581 1.32177085034195951341e-01 9.21906919276308967071e-01 5.05440050365193460635e-01 9.40837299383971981115e-01
582 1.89002611225987798838e-01 9.99999999999999222844e-01 5.08973405311070825618e-01 1.00000000000000000000e+00
583 -5.47581142877802707467e-18 9.16666666569653454388e-01 4.24731581257793977535e-01 1.00000000000000000000e+00
584 4.62714055425666599868e-18 9.99999999999999888978e-01 4.24731581190932350189e-01 1.00000000000000000000e+00
585 2.25883484181311975331e-18 5.70000000025029707196e-01 2.62365790612190175057e-01 1.00000000000000000000e+00
586 1.35707375366507720148e-20 5.35000000032306410880e-01 2.62365790616009841862e-01 1.00000000000000000000e+00
587 -1.34959591854442730235e-19 4.99999999999999500400e-01 2.62365790604552673315e-01 1.00000000000000000000e+00
588 1.38848116525294093537e-02 5.70000000025028819017e-01 3.40463273410848532574e-01 1.00000000000000000000e+00
589 1.38848116529036481881e-02 5.35000000032304745545e-01 3.40463273429185531160e-01 1.00000000000000000000e+00
590 1.38848116517823107902e-02 4.99999999999999888978e-01 3.40463273374169816954e-01 1.00000000000000000000e+00
591 3.40938962270340012450e-02 5.70000000025029374129e-01 3.67222007976782394145e-01 1.00000000000000000000e+00
592 3.40938962289211305867e-02 5.35000000032306299858e-01 3.67222007990912924225e-01 1.00000000000000000000e+00
593 3.40938962232593401058e-02 4.99999999999999888978e-01 3.67222007948520112741e-01 1.00000000000000000000e+00
594 -2.03424408974960230551e-18 5.70000000025029485151e-01 9.99999999996649818756e-02 1.00000000000000000000e+00
595 -3.04238217368622088074e-20 5.35000000032305411679e-01 1.00000000012087586487e-01 1.00000000000000000000e+00
596 1.20704495565634701743e-20 5.00000000000000111022e-01 9.99999999748193146853e-02 1.00000000000000000000e+00
597 6.95676880833116448311e-03 5.70000000025029596173e-01 1.81638107135653814606e-01 1.00000000000000000000e+00
598 6.95676880929724239522e-03 5.35000000032305855768e-01 1.81638107157046702067e-01 1.00000000000000000000e+00
599 6.95676880639887942198e-03 4.99999999999999722444e-01 1.81638107092869482972e-01 1.00000000000000000000e+00
600 2.12358357988933557636e-02 5.70000000025029596173e-01 2.38328679067172061190e-01 1.00000000000000000000e+00
601 2.12358357984817613939e-02 5.35000000032305522701e-01 2.38328679046174135570e-01 1.00000000000000000000e+00
602 2.12358357997166589948e-02 5.00000000000000222045e-01 2.38328679109169161432e-01 1.00000000000000000000e+00
603 1.18473622577755844751e-20 4.64999999967695476499e-01 2.62365790616009508796e-01 1.00000000000000000000e+00
604 6.01027545018553206038e-19 4.29999999974970792405e-01 2.62365790612190563635e-01 1.00000000000000000000e+00
605 1.38848116529034885935e-02 4.64999999967695198944e-01 3.40463273429186974450e-01 1.00000000000000000000e+00
606 1.38848116525295949691e-02 4.29999999974971292005e-01 3.40463273410847588885e-01 1.00000000000000000000e+00
607 3.40938962289212207923e-02 4.64999999967695143432e-01 3.67222007990912868713e-01 1.00000000000000000000e+00
608 3.40938962270336959337e-02 4.29999999974970625871e-01 3.67222007976782505168e-01 1.00000000000000000000e+00
609 -6.81792895648576024892e-21 4.64999999967694865877e-01 1.00000000012087489343e-01 1.00000000000000000000e+00
610 -8.14401990433753564440e-20 4.29999999974971069960e-01 9.99999999996648292200e-02 1.00000000000000000000e+00
611 6.95676880929735515224e-03 4.64999999967695698544e-01 1.81638107157046230222e-01 1.00000000000000000000e+00
612 6.95676880833111851293e-03 4.29999999974970847916e-01 1.81638107135654480739e-01 1.00000000000000000000e+00
613 2.12358357984816850661e-02 4.64999999967695254455e-01 2.38328679046173830258e-01 1.00000000000000000000e+00
614 2.12358357988933071914e-02 4.29999999974970903427e-01 2.38328679067171894657e-01 1.00000000000000000000e+00
615 -7.59991420212176087222e-18 3.81666666615346761304e-01 2.62365790609072946360e-01 1.00000000000000000000e+00
616 1.74236526578300367988e-18 3.33333333372138995720e-01 2.62365790618426242276e-01 1.00000000000000000000e+00
617 2.28503523811590253390e-02 3.84706013090955478706e-01 3.76669098691279902180e-01 9.40837299383971981115e-01
618 3.45605869191803471985e-02 3.33333333250633190303e-01 4.03581674785163047048e-01 8.81674598767943962230e-01
619 4.75608446878518151268e-02 4.18774983706565850916e-01 3.87419709653813337802e-01 1.00000000000000000000e+00
620 6.14069282136467664568e-02 4.07549967325445350319e-01 3.98421187153866818154e-01 1.00000000000000000000e+00
621 4.83221372652606308129e-19 3.81666666615347538460e-01 9.99999999990733162702e-02 1.00000000000000000000e+00
622 -1.87898710274230391158e-18 3.33333333372138218564e-01 1.00000000000848035531e-01 1.00000000000000000000e+00
623 1.13723318522959242205e-02 3.84706013105659772044e-01 2.26138147550550533404e-01 9.40837299383971981115e-01
624 1.83768321355626297608e-02 3.33333333260723174707e-01 2.70752189649978214359e-01 8.81674598767943962230e-01
625 3.11099262987092547994e-02 4.18774983678897649853e-01 2.76605715479323555073e-01 1.00000000000000000000e+00
626 4.32012912685046310268e-02 4.07549967307653082660e-01 3.02127586730545960592e-01 1.00000000000000000000e+00
627 5.38299871703141682988e-02 4.57438200748169265797e-01 3.96067009332693731327e-01 9.78546013244525947350e-01
628 7.50535558962047294473e-02 4.49537393783186911556e-01 4.09075616278431863915e-01 9.57092026489052005722e-01
629 5.42897037076272431788e-02 5.00000000000000444089e-01 3.96360862834374161334e-01 1.00000000000000000000e+00
630 7.50610212514989383337e-02 4.99999999999999888978e-01 4.08632100022094546521e-01 1.00000000000000000000e+00
631 3.57741641285470243772e-02 4.57438200730865995869e-01 2.94063752810715561825e-01 9.78546013244525947350e-01
632 5.52572536043232989678e-02 4.49537393691675168927e-01 3.26098790428818063880e-01 9.57092026489052005722e-01
633 3.61821054853578086274e-02 5.00000000000000000000e-01 2.94913806905762188038e-01 1.00000000000000000000e+00
634 5.53790075040287363417e-02 5.00000000000000000000e-01 3.25194936626952424419e-01 1.00000000000000000000e+00
635 5.38299871703142654433e-02 5.42561799251830678692e-01 3.96067009332692621104e-01 9.78546013244525947350e-01
636 7.50535558962050625142e-02 5.50462606216813532534e-01 4.09075616278432974138e-01 9.57092026489052005722e-01
637 4.75608446878516485934e-02 5.81225016293433927039e-01 3.87419709653813393313e-01 1.00000000000000000000e+00
638 6.14069282136468011513e-02 5.92450032674555537859e-01 3.98421187153866429576e-01 1.00000000000000000000e+00
639 3.57741641285470798883e-02 5.42561799269134503731e-01 2.94063752810715839381e-01 9.78546013244525947350e-01
640 5.52572536043233406011e-02 5.50462606308325996807e-01 3.26098790428817397746e-01 9.57092026489052005722e-01
641 3.11099262987090154076e-02 5.81225016321102905259e-01 2.76605715479323444050e-01 1.00000000000000000000e+00
642 4.32012912685045893935e-02 5.92450032692347194896e-01 3.02127586730546460192e-01 1.00000000000000000000e+00
643 2.28503523811583973691e-02 6.15293986909046020095e-01 3.76669098691278847468e-01 9.40837299383971981115e-01
644 3.45605869191807565932e-02 6.66666666749365144362e-01 4.03581674785163546648e-01 8.81674598767943962230e-01
645 -7.16055593682689566463e-18 6.18333333384653682785e-01 2.62365790609072724315e-01 1.00000000000000000000e+00
646 1.30444336854135231084e-17 6.66666666627861781436e-01 2.62365790618426297787e-01 1.00000000000000000000e+00
647 1.13723318522960699373e-02 6.15293986894342115335e-01 2.26138147550550117071e-01 9.40837299383971981115e-01
648 1.83768321355623695523e-02 6.66666666739277213871e-01 2.70752189649978325381e-01 8.81674598767943962230e-01
649 1.37989870374916149462e-18 6.18333333384653238696e-01 9.99999999990731913702e-02 1.00000000000000000000e+00
650 -2.10444239267393059862e-18 6.66666666627861670413e-01 1.00000000000848007775e-01 1.00000000000000000000e+00
651 -1.47373501932305539117e-18 2.91666666700620802466e-01 2.62365790618426297787e-01 1.00000000000000000000e+00
652 2.97432280004905720866e-18 2.50000000029104274546e-01 2.62365790618426464320e-01 1.00000000000000000000e+00
653 4.47944238010395123784e-02 2.91666666608022706608e-01 4.27486975624096765536e-01 8.81674598767943962230e-01
654 5.55496861967206129185e-02 2.50000000016433687744e-01 4.43229996171126960913e-01 8.81674598767944961430e-01
655 7.83046441630307482606e-02 3.84437459050967100804e-01 4.12154429470480421216e-01 1.00000000000000000000e+00
656 9.52759573917527358144e-02 3.61324950962111812736e-01 4.20270812106589453094e-01 1.00000000000000000000e+00
657 2.55068695011657288940e-18 2.91666666700621135533e-01 1.00000000000847827364e-01 1.00000000000000000000e+00
658 -1.81809462884018846698e-18 2.50000000029103885968e-01 1.00000000000848063286e-01 1.00000000000000000000e+00
659 2.42648839235002355963e-02 2.91666666571220756232e-01 3.11319365477453202651e-01 8.81674598767943962230e-01
660 3.18629906362562914657e-02 2.50000000003803624082e-01 3.45068147324127660891e-01 8.81674598767944961430e-01
661 5.79883005964768605267e-02 3.84437459138826320704e-01 3.33112038621891259904e-01 1.00000000000000000000e+00
662 7.43066544605555101555e-02 3.61324950938450406568e-01 3.51790823170872513082e-01 1.00000000000000000000e+00
663 9.54180895461090028409e-02 4.36921742229403442526e-01 4.22150272478693633360e-01 9.57092026489053004923e-01
664 1.15825611480964693611e-01 4.24306090544621206107e-01 4.29746357929077560378e-01 9.57092026489052005722e-01
665 9.54208528200334027414e-02 5.00000000000000444089e-01 4.21718944025451181190e-01 1.00000000000000000000e+00
666 1.15828867049000139300e-01 4.99999999999999944489e-01 4.29326137413643671437e-01 1.00000000000000000000e+00
667 7.39850354752322608709e-02 4.36921742116173128512e-01 3.56329730765884811206e-01 9.57092026489053004923e-01
668 9.41403742600317450240e-02 4.24306090556982262729e-01 3.73193094087422405636e-01 9.57092026489052005722e-01
669 7.41031882496345911671e-02 4.99999999999999777955e-01 3.55267156697577357605e-01 1.00000000000000000000e+00
670 9.42414192513931908701e-02 5.00000000000000000000e-01 3.72145422332923248021e-01 1.00000000000000000000e+00
671 9.54180895461082256848e-02 5.63078257770595169696e-01 4.22150272478691857003e-01 9.57092026489053004923e-01
672 1.15825611480963847066e-01 5.75693909455379237983e-01 4.29746357929078282023e-01 9.57092026489052005722e-01
673 7.83046441630308592829e-02 6.15562540949032621640e-01 4.12154429470480698772e-01 1.00000000000000000000e+00
674 9.52759573917530411258e-02 6.38675049037888964421e-01 4.20270812106590174739e-01 1.00000000000000000000e+00
675 7.39850354752326355712e-02 5.63078257883828259267e-01 3.56329730765886032451e-01 9.57092026489053004923e-01
676 9.41403742600317033906e-02 5.75693909443018680960e-01 3.73193094087422350125e-01 9.57092026489052005722e-01
677 5.79883005964767633822e-02 6.15562540861174678497e-01 3.33112038621890871326e-01 1.00000000000000000000e+00
678 7.43066544605553158664e-02 6.38675049061549371388e-01 3.51790823170872346548e-01 1.00000000000000000000e+00
679 4.47944238010568596131e-02 7.08333333391978792193e-01 4.27486975624104315052e-01 8.81674598767943962230e-01
680 5.55496861967200300514e-02 7.49999999983565257544e-01 4.43229996171125406601e-01 8.81674598767944961430e-01
681 -2.25191205810142791614e-17 7.08333333299378531400e-01 2.62365790618425909209e-01 1.00000000000000000000e+00
682 -8.76286579199842993055e-18 7.49999999970896391588e-01 2.62365790618426131253e-01 1.00000000000000000000e+00
683 2.42648839235002876380e-02 7.08333333428779798879e-01 3.11319365477452536517e-01 8.81674598767943962230e-01
684 3.18629906362561804434e-02 7.49999999996196486940e-01 3.45068147324127993958e-01 8.81674598767944961430e-01
685 7.77159783920186921596e-18 7.08333333299379086512e-01 1.00000000000848104920e-01 1.00000000000000000000e+00
686 3.67775441464481292339e-18 7.49999999970896280566e-01 1.00000000000847924508e-01 1.00000000000000000000e+00
687 -1.64131142308997951825e-18 2.08333333386690300326e-01 2.62365790624661865404e-01 1.00000000000000000000e+00
688 1.60789464212133044448e-18 1.66666666627861392858e-01 2.62365790605954218861e-01 1.00000000000000000000e+00
689 6.62759401115273066862e-02 2.08333333358897310195e-01 4.59093155415049580803e-01 8.81674598767943962230e-01
690 7.71367220933293906704e-02 1.66666666705989535702e-01 4.70335671528835597144e-01 8.81674598767943962230e-01
691 1.12239901190792204511e-01 3.38212442752571063043e-01 4.28577305687159126890e-01 1.00000000000000000000e+00
692 1.29224949852568965492e-01 3.15099934583559115886e-01 4.34181192316279052079e-01 1.00000000000000000000e+00
693 4.12131250707840252793e-18 2.08333333386690217059e-01 1.00000000002031075308e-01 1.00000000000000000000e+00
694 -4.54417169915588124228e-18 1.66666666627861642658e-01 9.99999999984819698540e-02 1.00000000000000000000e+00
695 3.94785818142055905389e-02 2.08333333322886199435e-01 3.78621364645046309949e-01 8.81674598767943962230e-01
696 4.83845058208207806638e-02 1.66666666700139021184e-01 4.04853043484739272273e-01 8.81674598767943962230e-01
697 9.05720864421754034979e-02 3.38212442759243669954e-01 3.70671207327107399276e-01 1.00000000000000000000e+00
698 1.07468316723658793843e-01 3.15099934593876307432e-01 3.82792571360791200608e-01 1.00000000000000000000e+00
699 1.36230355072124970084e-01 4.11690438967300065265e-01 4.37530566645354335176e-01 9.57092026489052005722e-01
700 1.56657542742990762985e-01 3.99074787423901733430e-01 4.42692079604451782515e-01 9.57092026489052005722e-01
701 1.36233639778408383014e-01 4.99999999999999000799e-01 4.37120411919806661771e-01 1.00000000000000000000e+00
702 1.56661219327004164192e-01 5.00000000000000111022e-01 4.42291322863558877820e-01 1.00000000000000000000e+00
703 1.14230932293045206460e-01 4.11690439014946951701e-01 3.90391684498606839071e-01 9.57092026489052005722e-01
704 1.34835617367099036557e-01 3.99074787427514121596e-01 4.01015327712884284139e-01 9.57092026489052005722e-01
705 1.14316761307985459428e-01 5.00000000000000444089e-01 3.89351656171196047751e-01 1.00000000000000000000e+00
706 1.34909199878006563766e-01 4.99999999999999888978e-01 4.00027087600468844730e-01 1.00000000000000000000e+00
707 1.36230355072125858262e-01 5.88309561032702044159e-01 4.37530566645354168642e-01 9.57092026489053004923e-01
708 1.56657542742990429918e-01 6.00925212576098766171e-01 4.42692079604452171093e-01 9.57092026489052005722e-01
709 1.12239901190792717989e-01 6.61787557247429769625e-01 4.28577305687159793024e-01 1.00000000000000000000e+00
710 1.29224949852568632425e-01 6.84900065416440773092e-01 4.34181192316279496168e-01 1.00000000000000000000e+00
711 1.14230932293044637471e-01 5.88309560985054269544e-01 3.90391684498606339471e-01 9.57092026489053004923e-01
712 1.34835617367099230846e-01 6.00925212572487654761e-01 4.01015327712884284139e-01 9.57092026489052005722e-01
713 9.05720864421751398199e-02 6.61787557240756774135e-01 3.70671207327107232743e-01 1.00000000000000000000e+00
714 1.07468316723658821599e-01 6.84900065406124358702e-01 3.82792571360790978563e-01 1.00000000000000000000e+00
715 6.62759401115285279316e-02 7.91666666641104743718e-01 4.59093155415051912271e-01 8.81674598767943962230e-01
716 7.71367220933292518925e-02 8.33333333294011047165e-01 4.70335671528834597943e-01 8.81674598767943962230e-01
717 1.04665013298359548291e-17 7.91666666613310199274e-01 2.62365790624661643360e-01 1.00000000000000000000e+00
718 1.60262588007838364644e-17 8.33333333372137330386e-01 2.62365790605955051529e-01 1.00000000000000000000e+00
719 3.94785818142061248337e-02 7.91666666677115271611e-01 3.78621364645045477282e-01 8.81674598767943962230e-01
720 4.83845058208205169858e-02 8.33333333299861478416e-01 4.04853043484739383295e-01 8.81674598767943962230e-01
721 -2.01928049023784129025e-18 7.91666666613309200073e-01 1.00000000002031241841e-01 1.00000000000000000000e+00
722 -2.56088964518636724375e-18 8.33333333372138440609e-01 9.99999999984817200538e-02 1.00000000000000000000e+00
723 1.21541795016145590727e-17 8.33333334303461292780e-02 2.62365790656542918757e-01 1.00000000000000000000e+00
724 -2.48915679391041631674e-18 -2.36058449461012504243e-17 2.62365790604552451271e-01 1.00000000000000000000e+00
725 1.25200414225525635814e-01 7.80930807223237516412e-02 5.18011492286017283249e-01 9.40837299383971981115e-01
726 1.79339612524714087094e-01 -2.45620679517579661940e-17 5.28794812245352296998e-01 1.00000000000000000000e+00
727 2.50823371029323338721e-01 1.57549967302956006598e-01 4.66038760379052119376e-01 1.00000000000000000000e+00
728 3.49690932836223267177e-01 7.82381550318459224512e-19 4.68613679772164726245e-01 1.00000000000000000000e+00
729 1.07166609011977615369e-17 8.33333334303462819337e-02 1.00000000019777879334e-01 1.00000000000000000000e+00
730 -1.24347349224697256726e-18 3.53747532102628875983e-18 9.99999999748193563187e-02 1.00000000000000000000e+00
731 9.36267064298397788669e-02 7.80930807282606831432e-02 5.23037941481222068418e-01 9.40837299383971981115e-01
732 1.36114989238099365343e-01 7.94244803208742487394e-19 5.43194360865988268294e-01 1.00000000000000000000e+00
733 2.20934312498941992642e-01 1.57549967291779668965e-01 4.46821632538728308326e-01 1.00000000000000000000e+00
734 3.49921404453963524883e-01 -3.02684357786320368112e-17 4.53468651484336959800e-01 1.00000000000000000000e+00
735 2.66959217690180661275e-01 3.22903209671977109441e-01 4.65615120352242006785e-01 9.78546013244525947350e-01
736 3.49690932836221102242e-01 2.49999999985449000706e-01 4.68613679772165003801e-01 1.00000000000000000000e+00
737 2.64589180929176326362e-01 4.99999999999999722444e-01 4.65485443914813779021e-01 1.00000000000000000000e+00
738 3.49690932836224321889e-01 5.00000000000000333067e-01 4.68613679772164781756e-01 1.00000000000000000000e+00
739 2.37569272994426705647e-01 3.22903209686049019744e-01 4.44801510637190811170e-01 9.78546013244525947350e-01
740 3.49921404453963968972e-01 2.49999999985448362327e-01 4.53468651484336737756e-01 1.00000000000000000000e+00
741 2.35309677948140671955e-01 5.00000000000000000000e-01 4.44717431943831731367e-01 1.00000000000000000000e+00
742 3.49921404453963080794e-01 4.99999999999999777955e-01 4.53468651484336626734e-01 1.00000000000000000000e+00
743 2.66959217690178718385e-01 6.77096790328023612204e-01 4.65615120352241618207e-01 9.78546013244525947350e-01
744 3.49690932836223100644e-01 7.50000000014550138872e-01 4.68613679772164448689e-01 1.00000000000000000000e+00
745 2.50823371029324060366e-01 8.42450032697045991803e-01 4.66038760379051120175e-01 1.00000000000000000000e+00
746 3.49690932836223100644e-01 9.99999999999999000799e-01 4.68613679772164948290e-01 1.00000000000000000000e+00
747 2.37569272994428037915e-01 6.77096790313951646390e-01 4.44801510637190478104e-01 9.78546013244525947350e-01
748 3.49921404453963247327e-01 7.50000000014551693184e-01 4.53468651484336682245e-01 1.00000000000000000000e+00
749 2.20934312498942214686e-01 8.42450032708220275524e-01 4.46821632538728752415e-01 1.00000000000000000000e+00
750 3.49921404453963524883e-01 1.00000000000000044409e+00 4.53468651484336682245e-01 1.00000000000000000000e+00
751 1.25200414225526190926e-01 9.21906919277675540592e-01 5.18011492286019725739e-01 9.40837299383971981115e-01
752 1.79339612524714170361e-01 1.00000000000000066613e+00 5.28794812245351741886e-01 1.00000000000000000000e+00
753 -1.60380483862273948235e-17 9.16666666569656451991e-01 2.62365790656541642001e-01 1.00000000000000000000e+00
754 -5.60085306813400633878e-18 1.00000000000000022204e+00 2.62365790604552673315e-01 1.00000000000000000000e+00
755 9.36267064298404311229e-02 9.21906919271738289900e-01 5.23037941481222623530e-01 9.40837299383971981115e-01
756 1.36114989238099282076e-01 1.00000000000000022204e+00 5.43194360865988823406e-01 1.00000000000000000000e+00
757 -5.69328344329001512522e-18 9.16666666569654120522e-01 1.00000000019777948723e-01 1.00000000000000000000e+00
758 8.51949072115421120657e-18 1.00000000000000022204e+00 9.99999999748192036630e-02 1.00000000000000000000e+00
759 4.00000000046568729428e-02 4.99999999999999888978e-01 5.00000000000000111022e-01 1.00000000000000000000e+00
760 3.99999999941792749869e-02 4.64999999967695309966e-01 5.00000000000000222045e-01 1.00000000000000000000e+00
761 3.99999999976720088668e-02 4.29999999974970847916e-01 5.00000000000000111022e-01 1.00000000000000000000e+00
762 1.99999999883587256666e-02 4.99999999999999666933e-01 4.99999999999999833467e-01 1.00000000000000000000e+00
763 2.00000000040745848362e-02 4.64999999967694921388e-01 4.99999999999998612221e-01 1.00000000000000000000e+00
764 1.99999999988360079028e-02 4.29999999974971292005e-01 5.00000000000000222045e-01 1.00000000000000000000e+00
765 -8.68022013380859712985e-19 5.00000000000000111022e-01 4.99999999999999888978e-01 1.00000000000000000000e+00
766 9.98639488098600238165e-18 4.64999999967695143432e-01 5.00000000000000333067e-01 1.00000000000000000000e+00
767 -1.17962728113852051613e-18 4.29999999974971069960e-01 5.00000000000000222045e-01 1.00000000000000000000e+00
768 3.99972963468212538984e-02 4.99999999999999944489e-01 5.21286384935150781672e-01 1.00000000000000000000e+00
769 3.99972963363304234718e-02 4.64999999967695587522e-01 5.21286384945501946042e-01 1.00000000000000000000e+00
770 3.99972963398275357938e-02 4.29999999974970958938e-01 5.21286384942050817770e-01 1.00000000000000000000e+00
771 1.99938947873614970840e-02 5.00000000000000666134e-01 5.24870101923335052874e-01 1.00000000000000000000e+00
772 1.99938948030819602097e-02 4.64999999967695420988e-01 5.24870101833128099855e-01 1.00000000000000000000e+00
773 1.99938947978411975248e-02 4.29999999974970792405e-01 5.24870101863194493674e-01 1.00000000000000000000e+00
774 2.30225137510265064216e-18 4.99999999999999944489e-01 5.37634209289563846923e-01 1.00000000000000000000e+00
775 -1.60856060266755968049e-17 4.64999999967695476499e-01 5.37634209434014742612e-01 1.00000000000000000000e+00
776 -2.26874449132366128747e-18 4.29999999974971014449e-01 5.37634209385864147990e-01 1.00000000000000000000e+00
777 3.91472867891784065408e-02 4.99999999999999944489e-01 5.42946302177946815704e-01 1.00000000000000000000e+00
778 3.91472867790900111440e-02 4.64999999967695032410e-01 5.42946302199737274030e-01 1.00000000000000000000e+00
779 3.91472867824526962743e-02 4.29999999974971069960e-01 5.42946302192473861936e-01 1.00000000000000000000e+00
780 1.92141135683880394380e-02 4.99999999999999666933e-01 5.50493038204577400663e-01 1.00000000000000000000e+00
781 1.92141135832000903294e-02 4.64999999967694921388e-01 5.50493038196343653645e-01 1.00000000000000000000e+00
782 1.92141135782629354778e-02 4.29999999974971069960e-01 5.50493038199088902118e-01 1.00000000000000000000e+00
783 -5.69109187000265535115e-19 5.00000000000000111022e-01 5.75268418809067982878e-01 1.00000000000000000000e+00
784 4.65471135322169050094e-18 4.64999999967695254455e-01 5.75268418753643762109e-01 1.00000000000000000000e+00
785 -3.11939216267687730253e-18 4.29999999974971069960e-01 5.75268418772118206306e-01 1.00000000000000000000e+00
786 3.99999999976720227446e-02 5.70000000025029596173e-01 5.00000000000000444089e-01 1.00000000000000000000e+00
787 3.99999999941795178482e-02 5.35000000032306188835e-01 4.99999999999999777955e-01 1.00000000000000000000e+00
788 1.99999999988358760639e-02 5.70000000025029152084e-01 5.00000000000000666134e-01 1.00000000000000000000e+00
789 2.00000000040744807528e-02 5.35000000032305633724e-01 4.99999999999998889777e-01 1.00000000000000000000e+00
790 -1.06363627736212822910e-18 5.70000000025030151285e-01 4.99999999999999888978e-01 1.00000000000000000000e+00
791 2.99647969837410822958e-18 5.35000000032305522701e-01 5.00000000000000222045e-01 1.00000000000000000000e+00
792 3.99972963398276676328e-02 5.70000000025030151285e-01 5.21286384942050484703e-01 1.00000000000000000000e+00
793 3.99972963363303471440e-02 5.35000000032304745545e-01 5.21286384945502723198e-01 1.00000000000000000000e+00
794 1.99938947978412981388e-02 5.70000000025030040263e-01 5.24870101863194160607e-01 1.00000000000000000000e+00
795 1.99938948030813010148e-02 5.35000000032304745545e-01 5.24870101833126989632e-01 1.00000000000000000000e+00
796 8.99649237259678601359e-19 5.70000000025029152084e-01 5.37634209385864814124e-01 1.00000000000000000000e+00
797 -3.94254169484650366556e-18 5.35000000032306077813e-01 5.37634209434014964657e-01 1.00000000000000000000e+00
798 3.91472867824527726022e-02 5.70000000025029485151e-01 5.42946302192474195003e-01 1.00000000000000000000e+00
799 3.91472867790900250218e-02 5.35000000032306077813e-01 5.42946302199737385052e-01 1.00000000000000000000e+00
800 1.92141135782631297668e-02 5.70000000025029818218e-01 5.50493038199088902118e-01 1.00000000000000000000e+00
801 1.92141135831997572625e-02 5.35000000032305855768e-01 5.50493038196346429203e-01 1.00000000000000000000e+00
802 -9.53343582691917325751e-19 5.70000000025030373330e-01 5.75268418772118095283e-01 1.00000000000000000000e+00
803 3.91490281199679084549e-18 5.35000000032305411679e-01 5.75268418753643540065e-01 1.00000000000000000000e+00
804 8.34162504425671812378e-18 6.18333333384652794606e-01 5.00000000000000666134e-01 1.00000000000000000000e+00
805 3.10162198102108647990e-02 6.15293986864933750702e-01 4.99999999999999333866e-01 9.40837299383971981115e-01
806 5.38231826935259630162e-02 5.81225016376439196364e-01 4.99999999999999555911e-01 1.00000000000000000000e+00
807 -7.82651220465577568060e-18 6.18333333384654459941e-01 5.37634209386328554281e-01 1.00000000000000000000e+00
808 3.10104230779269345042e-02 6.15293986864931641279e-01 5.19578087636357599521e-01 9.40837299383971981115e-01
809 5.38211610930319980795e-02 5.81225016376437197962e-01 5.18204370879297604446e-01 1.00000000000000000000e+00
810 8.09566433147914730499e-18 6.18333333384653682785e-01 5.75268418772998391120e-01 1.00000000000000000000e+00
811 2.99520650130731189154e-02 6.15293986864932085368e-01 5.39937748819799168132e-01 9.40837299383971981115e-01
812 5.28661157507547135870e-02 5.81225016376438752275e-01 5.36692243158905624156e-01 1.00000000000000000000e+00
813 6.01976597206697952580e-02 5.42561799382616727350e-01 5.00000000000000444089e-01 9.78546013244525947350e-01
814 6.06504065182243562449e-02 5.00000000000000666134e-01 5.00000000000000666134e-01 1.00000000000000000000e+00
815 6.01959368987060941536e-02 5.42561799382617837573e-01 5.16861145671987043393e-01 9.78546013244525947350e-01
816 6.06486918188219870096e-02 4.99999999999999666933e-01 5.16808441584034716776e-01 1.00000000000000000000e+00
817 5.91983251985735425826e-02 5.42561799382616061216e-01 5.33962739355612892034e-01 9.78546013244525947350e-01
818 5.96505270829912129238e-02 5.00000000000000111022e-01 5.33855143198476045363e-01 1.00000000000000000000e+00
819 6.01976597206704752696e-02 4.57438200617383439184e-01 4.99999999999999500400e-01 9.78546013244525947350e-01
820 5.38231826935256923994e-02 4.18774983623562357948e-01 4.99999999999999944489e-01 1.00000000000000000000e+00
821 6.01959368987054002642e-02 4.57438200617385326563e-01 5.16861145671987043393e-01 9.78546013244525947350e-01
822 5.38211610930314915402e-02 4.18774983623561858348e-01 5.18204370879297049335e-01 1.00000000000000000000e+00
823 5.91983251985739103440e-02 4.57438200617384382873e-01 5.33962739355613114078e-01 9.78546013244525947350e-01
824 5.28661157507547413426e-02 4.18774983623562135904e-01 5.36692243158906290290e-01 1.00000000000000000000e+00
825 3.10162198102106149988e-02 3.84706013135066804409e-01 4.99999999999999888978e-01 9.40837299383971981115e-01
826 1.17657439182837560098e-18 3.81666666615347427438e-01 4.99999999999999444888e-01 1.00000000000000000000e+00
827 3.10104230779274236962e-02 3.84706013135067914632e-01 5.19578087636358487700e-01 9.40837299383971981115e-01
828 -5.42678799867138333101e-18 3.81666666615346983349e-01 5.37634209386330219616e-01 1.00000000000000000000e+00
829 2.99520650130734797378e-02 3.84706013135066360320e-01 5.39937748819799390176e-01 9.40837299383971981115e-01
830 1.85849374617797983327e-18 3.81666666615347538460e-01 5.75268418772998058053e-01 1.00000000000000000000e+00
831 2.86051760035960643363e-17 9.16666666569655674834e-01 5.37634209427969356199e-01 1.00000000000000000000e+00
832 -6.09664583925000872202e-18 9.99999999999999555911e-01 5.37634209289563513856e-01 1.00000000000000000000e+00
833 1.33667937705330780451e-01 9.21906919189703799589e-01 4.97252983854919283768e-01 9.40837299383971981115e-01
834 1.91055336270261472142e-01 1.00000000000000133227e+00 4.95489500019652195917e-01 1.00000000000000000000e+00
835 2.58702372473099684314e-01 8.42450032727135811328e-01 5.05319795030195195729e-01 1.00000000000000000000e+00
836 3.49593540253678947138e-01 9.99999999999999444888e-01 5.04918408360349957320e-01 1.00000000000000000000e+00
837 -4.47641074658782998576e-18 9.16666666569653454388e-01 5.75268418742206688599e-01 1.00000000000000000000e+00
838 -7.76483972472438669147e-20 1.00000000000000022204e+00 5.75268418809068204922e-01 1.00000000000000000000e+00
839 1.32177085034194424784e-01 9.21906919276308300937e-01 4.94559949634817530573e-01 9.40837299383971981115e-01
840 1.89002611225987687815e-01 9.99999999999998889777e-01 4.91026594688942163991e-01 1.00000000000000000000e+00
841 2.57304518828104844541e-01 8.42450032699623041488e-01 5.10610852205536591697e-01 1.00000000000000000000e+00
842 3.49607990877282559516e-01 1.00000000000000000000e+00 5.09777502084813649574e-01 1.00000000000000000000e+00
843 2.74763123569984779593e-01 6.77096790286378036328e-01 5.05405468334047647261e-01 9.78546013244525947350e-01
844 3.49593540253678392027e-01 7.50000000014553580563e-01 5.04918408360349624253e-01 1.00000000000000000000e+00
845 2.72356800916754737685e-01 4.99999999999999278355e-01 5.05424192824237117350e-01 1.00000000000000000000e+00
846 3.49593540253678669583e-01 5.00000000000000444089e-01 5.04918408360349735275e-01 1.00000000000000000000e+00
847 2.73383203225339932452e-01 6.77096790335658282878e-01 5.10791849867808456231e-01 9.78546013244525947350e-01
848 3.49607990877282004405e-01 7.50000000014552026251e-01 5.09777502084813871619e-01 1.00000000000000000000e+00
849 2.70982729910258623995e-01 4.99999999999999278355e-01 5.10828275979688717356e-01 1.00000000000000000000e+00
850 3.49607990877282170938e-01 5.00000000000000222045e-01 5.09777502084813760597e-01 1.00000000000000000000e+00
851 2.74763123569985390215e-01 3.22903209713622518784e-01 5.05405468334046759082e-01 9.78546013244525947350e-01
852 3.49593540253678725094e-01 2.49999999985447279860e-01 5.04918408360350512432e-01 1.00000000000000000000e+00
853 2.58702372473099850847e-01 1.57549967272864716028e-01 5.05319795030194418572e-01 1.00000000000000000000e+00
854 3.49593540253678336516e-01 -1.59239864936439787948e-17 5.04918408360349291186e-01 1.00000000000000000000e+00
855 2.73383203225340432052e-01 3.22903209664343104901e-01 5.10791849867808678276e-01 9.78546013244525947350e-01
856 3.49607990877282170938e-01 2.49999999985448223550e-01 5.09777502084814204686e-01 1.00000000000000000000e+00
857 2.57304518828104900052e-01 1.57549967300376708712e-01 5.10610852205537035786e-01 1.00000000000000000000e+00
858 3.49607990877282392983e-01 -6.68166507857514199767e-18 5.09777502084813760597e-01 1.00000000000000000000e+00
859 1.33667937705330752696e-01 7.80930808102899970402e-02 4.97252983854920060924e-01 9.40837299383971981115e-01
860 1.91055336270261638676e-01 -2.07420225055595542940e-17 4.95489500019651751828e-01 1.00000000000000000000e+00
861 -3.39826407898065324398e-17 8.33333334303457823333e-02 5.37634209427969134154e-01 1.00000000000000000000e+00
862 1.00862611160698849408e-17 1.15276411753717651187e-17 5.37634209289563957945e-01 1.00000000000000000000e+00
863 1.32177085034194841118e-01 7.80930807236928647974e-02 4.94559949634817752617e-01 9.40837299383971981115e-01
864 1.89002611225987715571e-01 -2.20974682701033499823e-17 4.91026594688942719102e-01 1.00000000000000000000e+00
865 3.92375491524638498698e-17 8.33333334303463374448e-02 5.75268418742206799621e-01 1.00000000000000000000e+00
866 -4.56137048389488924735e-18 -3.11811620655951819305e-18 5.75268418809067982878e-01 1.00000000000000000000e+00
867 3.40938962232597703172e-02 5.00000000000000000000e-01 6.32777992051484106106e-01 1.00000000000000000000e+00
868 3.40938962289212901813e-02 4.64999999967694810366e-01 6.32777992009090795023e-01 1.00000000000000000000e+00
869 3.40938962270343481897e-02 4.29999999974970514849e-01 6.32777992023221491635e-01 1.00000000000000000000e+00
870 1.38848116517830497824e-02 5.00000000000000555112e-01 6.59536726625829961002e-01 1.00000000000000000000e+00
871 1.38848116529039587036e-02 4.64999999967695643033e-01 6.59536726570814746395e-01 1.00000000000000000000e+00
872 1.38848116525302454904e-02 4.29999999974971347516e-01 6.59536726589155630762e-01 1.00000000000000000000e+00
873 9.37635174690448487276e-19 5.00000000000000000000e-01 7.37634209395447770774e-01 1.00000000000000000000e+00
874 -3.86707608477859893353e-18 4.64999999967695365477e-01 7.37634209383989492004e-01 1.00000000000000000000e+00
875 -2.00144193007107290453e-18 4.29999999974970681382e-01 7.37634209387809325342e-01 1.00000000000000000000e+00
876 2.12358357997169851228e-02 5.00000000000000111022e-01 7.61671320890831893280e-01 1.00000000000000000000e+00
877 2.12358357984819348663e-02 4.64999999967695309966e-01 7.61671320953828834277e-01 1.00000000000000000000e+00
878 2.12358357988935673999e-02 4.29999999974971125472e-01 7.61671320932830187012e-01 1.00000000000000000000e+00
879 6.95676880639886294211e-03 4.99999999999999833467e-01 8.18361892907131349695e-01 1.00000000000000000000e+00
880 6.95676880929718688407e-03 4.64999999967695587522e-01 8.18361892842954574689e-01 1.00000000000000000000e+00
881 6.95676880833127377068e-03 4.29999999974970847916e-01 8.18361892864345019660e-01 1.00000000000000000000e+00
882 -3.21656811245217771106e-19 5.00000000000000111022e-01 9.00000000025180768581e-01 1.00000000000000000000e+00
883 -1.52713634602169183017e-18 4.64999999967695143432e-01 8.99999999987912913113e-01 1.00000000000000000000e+00
884 1.26300604657396082789e-18 4.29999999974970847916e-01 9.00000000000334865469e-01 1.00000000000000000000e+00
885 3.40938962270343065564e-02 5.70000000025029596173e-01 6.32777992023221713680e-01 1.00000000000000000000e+00
886 3.40938962289212901813e-02 5.35000000032305966791e-01 6.32777992009090795023e-01 1.00000000000000000000e+00
887 1.38848116525302420210e-02 5.70000000025029041062e-01 6.59536726589153965428e-01 1.00000000000000000000e+00
888 1.38848116529042900358e-02 5.35000000032305411679e-01 6.59536726570812303905e-01 1.00000000000000000000e+00
889 1.08334638024686712251e-18 5.70000000025029152084e-01 7.37634209387808992275e-01 1.00000000000000000000e+00
890 -6.86457620870972069244e-18 5.35000000032306188835e-01 7.37634209383991046316e-01 1.00000000000000000000e+00
891 2.12358357988936610750e-02 5.70000000025029596173e-01 7.61671320932829520878e-01 1.00000000000000000000e+00
892 2.12358357984818203745e-02 5.35000000032305633724e-01 7.61671320953828390188e-01 1.00000000000000000000e+00
893 6.95676880833114106434e-03 5.70000000025029596173e-01 8.18361892864346240906e-01 1.00000000000000000000e+00
894 6.95676880929725193620e-03 5.35000000032306077813e-01 8.18361892842954130600e-01 1.00000000000000000000e+00
895 5.86467156636374619705e-20 5.70000000025029707196e-01 9.00000000000335420580e-01 1.00000000000000000000e+00
896 1.49587441726151899323e-18 5.35000000032305189634e-01 8.99999999987912691068e-01 1.00000000000000000000e+00
897 -9.57464534862008522206e-18 6.18333333384654459941e-01 7.37634209390927275685e-01 1.00000000000000000000e+00
898 -1.83206766048075820511e-18 6.66666666627861115302e-01 7.37634209381573313635e-01 1.00000000000000000000e+00
899 2.28503523811596706561e-02 6.15293986909044687827e-01 6.23330901308723261955e-01 9.40837299383971981115e-01
900 3.45605869191812006824e-02 6.66666666749366809697e-01 5.96418325214841171800e-01 8.81674598767943962230e-01
901 4.75608446878521759493e-02 5.81225016293434926240e-01 6.12580290346192213313e-01 1.00000000000000000000e+00
902 6.14069282136472868738e-02 5.92450032674555648882e-01 6.01578812846139454606e-01 1.00000000000000000000e+00
903 -1.62509496679278122907e-18 6.18333333384653238696e-01 9.00000000000927724564e-01 1.00000000000000000000e+00
904 -4.68748119362589910483e-19 6.66666666627861448369e-01 8.99999999999152144881e-01 1.00000000000000000000e+00
905 1.13723318522959398330e-02 6.15293986894342559424e-01 7.73861852449450160485e-01 9.40837299383971981115e-01
906 1.83768321355625915969e-02 6.66666666739277324893e-01 7.29247810350023284442e-01 8.81674598767943962230e-01
907 3.11099262987095358246e-02 5.81225016321102683214e-01 7.23394284520679553552e-01 1.00000000000000000000e+00
908 4.32012912685049224604e-02 5.92450032692347305918e-01 6.97872413269457259055e-01 1.00000000000000000000e+00
909 5.38299871703164303782e-02 5.42561799251831788915e-01 6.03932990667313096544e-01 9.78546013244525947350e-01
910 7.50535558962044657694e-02 5.50462606216813532534e-01 5.90924383721574852935e-01 9.57092026489052005722e-01
911 5.42897037076270280731e-02 5.00000000000000222045e-01 6.03639137165633110627e-01 1.00000000000000000000e+00
912 7.50610212514991326227e-02 4.99999999999999555911e-01 5.91367899977911726239e-01 1.00000000000000000000e+00
913 3.57741641285470660105e-02 5.42561799269134614754e-01 7.05936247189287158221e-01 9.78546013244525947350e-01
914 5.52572536043239234682e-02 5.50462606308325774762e-01 6.73901209571186932124e-01 9.57092026489052005722e-01
915 3.61821054853584608835e-02 5.00000000000000000000e-01 7.05086193094241808765e-01 1.00000000000000000000e+00
916 5.53790075040290902253e-02 4.99999999999999944489e-01 6.74805063373052682607e-01 1.00000000000000000000e+00
917 5.38299871703155005664e-02 4.57438200748168988241e-01 6.03932990667312763478e-01 9.78546013244525947350e-01
918 7.50535558962044102582e-02 4.49537393783188521379e-01 5.90924383721574741912e-01 9.57092026489052005722e-01
919 4.75608446878522939105e-02 4.18774983706565906427e-01 6.12580290346193101492e-01 1.00000000000000000000e+00
920 6.14069282136472729960e-02 4.07549967325445683386e-01 6.01578812846139676651e-01 1.00000000000000000000e+00
921 3.57741641285469341716e-02 4.57438200730866051380e-01 7.05936247189287269244e-01 9.78546013244525947350e-01
922 5.52572536043240206127e-02 4.49537393691675446483e-01 6.73901209571186932124e-01 9.57092026489052005722e-01
923 3.11099262987096017441e-02 4.18774983678897538830e-01 7.23394284520679109463e-01 1.00000000000000000000e+00
924 4.32012912685049918493e-02 4.07549967307653138171e-01 6.97872413269457481100e-01 1.00000000000000000000e+00
925 2.28503523811597608617e-02 3.84706013090954090927e-01 6.23330901308720375376e-01 9.40837299383971981115e-01
926 3.45605869191807704710e-02 3.33333333250633578881e-01 5.96418325214841948956e-01 8.81674598767943962230e-01
927 -5.93366259049799985612e-18 3.81666666615347538460e-01 7.37634209390927608752e-01 1.00000000000000000000e+00
928 5.35899178372545184184e-18 3.33333333372138218564e-01 7.37634209381573313635e-01 1.00000000000000000000e+00
929 1.13723318522957750343e-02 3.84706013105660549201e-01 7.73861852449452158886e-01 9.40837299383971981115e-01
930 1.83768321355626366997e-02 3.33333333260724007374e-01 7.29247810350023728532e-01 8.81674598767943962230e-01
931 1.67151975322848519890e-18 3.81666666615347094371e-01 9.00000000000926503319e-01 1.00000000000000000000e+00
932 -2.38086310764356890903e-18 3.33333333372138607142e-01 8.99999999999152366925e-01 1.00000000000000000000e+00
933 -1.14469790839548965023e-17 7.08333333299380196735e-01 7.37634209381573757724e-01 1.00000000000000000000e+00
934 2.72566579792347277713e-18 7.49999999970896613632e-01 7.37634209381573091591e-01 1.00000000000000000000e+00
935 4.47944238010394152338e-02 7.08333333391976682769e-01 5.72513024375910339892e-01 8.81674598767943962230e-01
936 5.55496861967209668021e-02 7.49999999983567366968e-01 5.56770003828883197627e-01 8.81674598767944961430e-01
937 7.83046441630315531723e-02 6.15562540949032621640e-01 5.87845570529525573988e-01 1.00000000000000000000e+00
938 9.52759573917531105147e-02 6.38675049037889075443e-01 5.79729187893417874378e-01 1.00000000000000000000e+00
939 2.81407187041770072366e-18 7.08333333299379530601e-01 8.99999999999151256702e-01 1.00000000000000000000e+00
940 1.15991306722691055446e-18 7.49999999970896391588e-01 8.99999999999152366925e-01 1.00000000000000000000e+00
941 2.42648839235002390657e-02 7.08333333428778466612e-01 6.88680634522549017795e-01 8.81674598767943962230e-01
942 3.18629906362568535161e-02 7.49999999996196042851e-01 6.54931852675875392222e-01 8.81674598767944961430e-01
943 5.79883005964772629826e-02 6.15562540861175122586e-01 6.66887961378114679789e-01 1.00000000000000000000e+00
944 7.43066544605557599557e-02 6.38675049061549704454e-01 6.48209176829132815989e-01 1.00000000000000000000e+00
945 9.54180895461080869069e-02 5.63078257770596168896e-01 5.77849727521313472067e-01 9.57092026489053004923e-01
946 1.15825611480965415256e-01 5.75693909455378904916e-01 5.70253642070928878915e-01 9.57092026489052005722e-01
947 9.54208528200341382641e-02 5.00000000000000666134e-01 5.78281055974557700594e-01 1.00000000000000000000e+00
948 1.15828867049000056033e-01 5.00000000000000000000e-01 5.70673862586364100125e-01 1.00000000000000000000e+00
949 7.39850354752323718932e-02 5.63078257883827260066e-01 6.43670269234120628887e-01 9.57092026489053004923e-01
950 9.41403742600322862577e-02 5.75693909443019014027e-01 6.26806905912585032858e-01 9.57092026489052005722e-01
951 7.41031882496348548450e-02 4.99999999999999777955e-01 6.44732843302427749421e-01 1.00000000000000000000e+00
952 9.42414192513939263929e-02 4.99999999999999888978e-01 6.27854577667083080250e-01 1.00000000000000000000e+00
953 9.54180895461084477294e-02 4.36921742229400333901e-01 5.77849727521312472867e-01 9.57092026489053004923e-01
954 1.15825611480964971167e-01 4.24306090544622149796e-01 5.70253642070930877317e-01 9.57092026489052005722e-01
955 7.83046441630307205051e-02 3.84437459050966823249e-01 5.87845570529526795234e-01 1.00000000000000000000e+00
956 9.52759573917533741927e-02 3.61324950962111590691e-01 5.79729187893418429489e-01 1.00000000000000000000e+00
957 7.39850354752319694374e-02 4.36921742116173683623e-01 6.43670269234121628088e-01 9.57092026489053004923e-01
958 9.41403742600318699241e-02 4.24306090556982429263e-01 6.26806905912585143881e-01 9.57092026489052005722e-01
959 5.79883005964772629826e-02 3.84437459138825710081e-01 6.66887961378113569566e-01 1.00000000000000000000e+00
960 7.43066544605558015890e-02 3.61324950938450517590e-01 6.48209176829132815989e-01 1.00000000000000000000e+00
961 4.47944238010389017557e-02 2.91666666608022984164e-01 5.72513024375908230468e-01 8.81674598767943962230e-01
962 5.55496861967220145750e-02 2.50000000016433521211e-01 5.56770003828881643315e-01 8.81674598767944961430e-01
963 -1.36800961929132447525e-17 2.91666666700621635133e-01 7.37634209381573535680e-01 1.00000000000000000000e+00
964 -2.76220353616636362844e-18 2.50000000029103885968e-01 7.37634209381573535680e-01 1.00000000000000000000e+00
965 2.42648839235000482462e-02 2.91666666571220478676e-01 6.88680634522549683929e-01 8.81674598767943962230e-01
966 3.18629906362565898381e-02 2.50000000003804345727e-01 6.54931852675876058356e-01 8.81674598767944961430e-01
967 9.29521813005983190086e-18 2.91666666700621246555e-01 8.99999999999151589769e-01 1.00000000000000000000e+00
968 -3.16658110509295594228e-18 2.50000000029103941479e-01 8.99999999999152033858e-01 1.00000000000000000000e+00
969 -2.96097323142051053131e-18 7.91666666613311642564e-01 7.37634209375339300330e-01 1.00000000000000000000e+00
970 1.49434087256711153454e-17 8.33333333372137774475e-01 7.37634209394044892960e-01 1.00000000000000000000e+00
971 6.62759401115289997763e-02 7.91666666641101635093e-01 5.40906844584959634048e-01 8.81674598767943962230e-01
972 7.71367220933293351592e-02 8.33333333294011158188e-01 5.29664328471173173618e-01 8.81674598767943962230e-01
973 1.12239901190792884522e-01 6.61787557247428770424e-01 5.71422694312848089560e-01 1.00000000000000000000e+00
974 1.29224949852568826714e-01 6.84900065416440662069e-01 5.65818807683728275393e-01 1.00000000000000000000e+00
975 1.07567313147446688034e-19 7.91666666613309311096e-01 8.99999999997968092025e-01 1.00000000000000000000e+00
976 -2.41173379388498555958e-18 8.33333333372138551631e-01 9.00000000001518696280e-01 1.00000000000000000000e+00
977 3.94785818142060554448e-02 7.91666666677114383432e-01 6.21378635354956854187e-01 8.81674598767943962230e-01
978 4.83845058208212733253e-02 8.33333333299860812282e-01 5.95146956515265723731e-01 8.81674598767943962230e-01
979 9.05720864421759724872e-02 6.61787557240756996180e-01 6.29328792672899206551e-01 1.00000000000000000000e+00
980 1.07468316723659446099e-01 6.84900065406124247680e-01 6.17207428639216293398e-01 1.00000000000000000000e+00
981 1.36230355072124276195e-01 5.88309561032701044958e-01 5.62469433354653713941e-01 9.57092026489053004923e-01
982 1.56657542742990624207e-01 6.00925212576099765371e-01 5.57307920395558098470e-01 9.57092026489052005722e-01
983 1.36233639778409743037e-01 4.99999999999999222844e-01 5.62879588080200776723e-01 1.00000000000000000000e+00
984 1.56661219327003969903e-01 4.99999999999999167333e-01 5.57708677136449892942e-01 1.00000000000000000000e+00
985 1.14230932293045178705e-01 5.88309560985053825455e-01 6.09608315501401265557e-01 9.57092026489053004923e-01
986 1.34835617367099508401e-01 6.00925212572487210672e-01 5.98984672287123043333e-01 9.57092026489052005722e-01
987 1.14316761307985195750e-01 5.00000000000000222045e-01 6.10648343828811501766e-01 1.00000000000000000000e+00
988 1.34909199878007257656e-01 5.00000000000000111022e-01 5.99972912399538982342e-01 1.00000000000000000000e+00
989 1.36230355072124359461e-01 4.11690438967299621176e-01 5.62469433354651604517e-01 9.57092026489052005722e-01
990 1.56657542742991429119e-01 3.99074787423902455075e-01 5.57307920395556766202e-01 9.57092026489052005722e-01
991 1.12239901190792579211e-01 3.38212442752572728377e-01 5.71422694312848422626e-01 1.00000000000000000000e+00
992 1.29224949852569048758e-01 3.15099934583558893841e-01 5.65818807683728719482e-01 1.00000000000000000000e+00
993 1.14230932293045039927e-01 4.11690439014947395791e-01 6.09608315501402264758e-01 9.57092026489052005722e-01
994 1.34835617367099619424e-01 3.99074787427514177107e-01 5.98984672287123709467e-01 9.57092026489052005722e-01
995 9.05720864421760696317e-02 3.38212442759243392398e-01 6.29328792672898984506e-01 1.00000000000000000000e+00
996 1.07468316723659279566e-01 3.15099934593876418454e-01 6.17207428639216182376e-01 1.00000000000000000000e+00
997 6.62759401115280699646e-02 2.08333333358897559995e-01 5.40906844584960189160e-01 8.81674598767943962230e-01
998 7.71367220933295710816e-02 1.66666666705990368369e-01 5.29664328471173395663e-01 8.81674598767943962230e-01
999 6.08140198903555182593e-18 2.08333333386690716660e-01 7.37634209375339078285e-01 1.00000000000000000000e+00
1000 1.45774006578971362380e-18 1.66666666627861836947e-01 7.37634209394045448072e-01 1.00000000000000000000e+00
1001 3.94785818142062011615e-02 2.08333333322886560257e-01 6.21378635354957742365e-01 8.81674598767943962230e-01
1002 4.83845058208213288364e-02 1.66666666700139215473e-01 5.95146956515265945775e-01 8.81674598767943962230e-01
1003 1.20000110278424883078e-18 2.08333333386690577882e-01 8.99999999997967758958e-01 1.00000000000000000000e+00
1004 -2.43217974695118463771e-18 1.66666666627861559391e-01 9.00000000001518585258e-01 1.00000000000000000000e+00
1005 -3.32731650652037106686e-19 9.16666666569658006303e-01 7.37634209343459468222e-01 1.00000000000000000000e+00
1006 1.61813062948394678107e-18 9.99999999999998223643e-01 7.37634209395446105439e-01 1.00000000000000000000e+00
1007 1.25200414225531325707e-01 9.21906919277677538993e-01 4.81988507713992542225e-01 9.40837299383971981115e-01
1008 1.79339612524714031583e-01 1.00000000000000199840e+00 4.71205187754661691812e-01 1.00000000000000000000e+00
1009 2.50823371029322728099e-01 8.42450032697045214647e-01 5.33961239620958871832e-01 1.00000000000000000000e+00
1010 3.49690932836222934110e-01 1.00000000000000022204e+00 5.31386320227844932695e-01 1.00000000000000000000e+00
1011 -6.22712785460787380446e-18 9.16666666569653232344e-01 8.99999999980221510043e-01 1.00000000000000000000e+00
1012 8.75284489119803456429e-19 1.00000000000000022204e+00 9.00000000025180990626e-01 1.00000000000000000000e+00
1013 9.36267064298405976563e-02 9.21906919271739067057e-01 4.76962058518788700745e-01 9.40837299383971981115e-01
1014 1.36114989238099920454e-01 1.00000000000000066613e+00 4.56805639134022889447e-01 1.00000000000000000000e+00
1015 2.20934312498942020397e-01 8.42450032708220719613e-01 5.53178367461280462436e-01 1.00000000000000000000e+00
1016 3.49921404453963635905e-01 1.00000000000000022204e+00 5.46531348515673087718e-01 1.00000000000000000000e+00
1017 2.66959217690176109361e-01 6.77096790328021613803e-01 5.34384879647766264377e-01 9.78546013244525947350e-01
1018 3.49690932836223988822e-01 7.50000000014552026251e-01 5.31386320227844821673e-01 1.00000000000000000000e+00
1019 2.64589180929178713342e-01 5.00000000000000555112e-01 5.34514556085196823609e-01 1.00000000000000000000e+00
1020 3.49690932836222934110e-01 4.99999999999999722444e-01 5.31386320227845154740e-01 1.00000000000000000000e+00
1021 2.37569272994428676293e-01 6.77096790313952090479e-01 5.55198489362820790660e-01 9.78546013244525947350e-01
1022 3.49921404453963358350e-01 7.50000000014551249095e-01 5.46531348515672643629e-01 1.00000000000000000000e+00
1023 2.35309677948140200110e-01 5.00000000000000000000e-01 5.55282568056177261440e-01 1.00000000000000000000e+00
1024 3.49921404453963635905e-01 5.00000000000000000000e-01 5.46531348515673531807e-01 1.00000000000000000000e+00
1025 2.66959217690176719984e-01 3.22903209671976221262e-01 5.34384879647768373800e-01 9.78546013244525947350e-01
1026 3.49690932836224765978e-01 2.49999999985448112527e-01 5.31386320227844044517e-01 1.00000000000000000000e+00
1027 2.50823371029323116677e-01 1.57549967302956728243e-01 5.33961239620958427743e-01 1.00000000000000000000e+00
1028 3.49690932836223156155e-01 -3.93937746975693308673e-17 5.31386320227845043718e-01 1.00000000000000000000e+00
1029 2.37569272994429009360e-01 3.22903209686048797700e-01 5.55198489362819569415e-01 9.78546013244525947350e-01
1030 3.49921404453964524084e-01 2.49999999985448001505e-01 5.46531348515672754651e-01 1.00000000000000000000e+00
1031 2.20934312498941742842e-01 1.57549967291779335898e-01 5.53178367461280795503e-01 1.00000000000000000000e+00
1032 3.49921404453963691417e-01 -3.29932074580559047646e-18 5.46531348515673309763e-01 1.00000000000000000000e+00
1033 1.25200414225530104462e-01 7.80930807223220030400e-02 4.81988507713992986314e-01 9.40837299383971981115e-01
1034 1.79339612524714059338e-01 2.58038282779659128101e-18 4.71205187754660748123e-01 1.00000000000000000000e+00
1035 -5.72722432504093174023e-17 8.33333334303456019221e-02 7.37634209343458024932e-01 1.00000000000000000000e+00
1036 2.82461117521992651516e-18 3.33491037010171689906e-18 7.37634209395447104640e-01 1.00000000000000000000e+00
1037 9.36267064298412776679e-02 7.80930807282599059871e-02 4.76962058518788256656e-01 9.40837299383971981115e-01
1038 1.36114989238099864943e-01 -2.17671386434379312716e-18 4.56805639134023222514e-01 1.00000000000000000000e+00
1039 7.09053879038710366312e-19 8.33333334303464068338e-02 8.99999999980221954132e-01 1.00000000000000000000e+00
1040 2.56847424267835007747e-17 -1.07312474670683230735e-17 9.00000000025180546537e-01 1.00000000000000000000e+00
