要素番号	点番号	x	y	z
0	0	1.199999999999999e+00	-6.000000000000004e-01	-6.936864838513605e-16
0	1	1.199999999999998e+00	-5.500000000000005e-01	-6.631972450400441e-16
0	2	1.199999999999999e+00	-4.000000000000004e-01	-6.594295716016035e-16
0	3	1.907786888298030e+00	-5.290047592607664e-01	-1.656525526778115e-14
0	4	1.848804647606527e+00	-4.849210293223691e-01	-1.524257676512980e-14
0	5	1.671857925532018e+00	-3.526698395071787e-01	-1.123793801199102e-14
0	6	2.448075441506749e+00	-3.328201177351371e-01	-2.860087434995438e-14
0	7	2.344069154714519e+00	-3.050851079238761e-01	-2.631461922469304e-14
0	8	2.032050294337831e+00	-2.218800784900926e-01	-1.933257548135896e-14
0	9	1.199999999999999e+00	-6.000000000000004e-01	-6.936864838513605e-16
0	10	1.199746173298336e+00	-5.500000000000004e-01	-2.412427559246121e-02
0	11	1.195940512712443e+00	-4.000000000000004e-01	-9.640693502633144e-02
0	12	1.907786888298030e+00	-5.290047592607664e-01	-1.656525526778115e-14
0	13	1.848564209843379e+00	-4.849210293223692e-01	-4.839450397922909e-02
0	14	1.667954170053425e+00	-3.526698395071784e-01	-1.670356764222403e-01
0	15	2.448075441506749e+00	-3.328201177351371e-01	-2.860087434995438e-14
0	16	2.343838937386842e+00	-3.050851079238760e-01	-6.692116334228074e-02
0	17	2.028265416610638e+00	-2.218800784900925e-01	-2.209500694897767e-01
0	18	1.199999999999999e+00	-6.000000000000004e-01	-6.936864838513605e-16
0	19	1.198984780220130e+00	-5.500000000000005e-01	-4.823953135910192e-02
0	20	1.183784282049669e+00	-4.000000000000005e-01	-1.922378360100963e-01
0	21	1.907786888298030e+00	-5.290047592607664e-01	-1.656525526778115e-14
0	22	1.847842978990197e+00	-4.849210293223696e-01	-9.678334987206573e-02
0	23	1.656264281974621e+00	-3.526698395071787e-01	-3.336514577864674e-01
0	24	2.448075441506749e+00	-3.328201177351371e-01	-2.860087434995438e-14
0	25	2.343148364335903e+00	-3.050851079238759e-01	-1.338392347792640e-01
0	26	2.016931510769085e+00	-2.218800784900925e-01	-4.415994324901025e-01
1	0	1.199999999999999e+00	-6.000000000000004e-01	-6.936864838513605e-16
1	1	1.198984780220130e+00	-5.500000000000005e-01	-4.823953135910192e-02
1	2	1.183784282049669e+00	-4.000000000000005e-01	-1.922378360100963e-01
1	3	1.907786888298030e+00	-5.290047592607664e-01	-1.656525526778115e-14
1	4	1.847842978990197e+00	-4.849210293223696e-01	-9.678334987206573e-02
1	5	1.656264281974621e+00	-3.526698395071787e-01	-3.336514577864674e-01
1	6	2.448075441506749e+00	-3.328201177351371e-01	-2.860087434995438e-14
1	7	2.343148364335903e+00	-3.050851079238759e-01	-1.338392347792640e-01
1	8	2.016931510769085e+00	-2.218800784900925e-01	-4.415994324901025e-01
1	9	1.199999999999999e+00	-6.000000000000004e-01	-6.936864838513605e-16
1	10	1.198984780220130e+00	-5.750000000000005e-01	-4.823953135910178e-02
1	11	1.183784282049669e+00	-5.000000000000002e-01	-1.922378360100963e-01
1	12	1.907786888298030e+00	-5.290047592607664e-01	-1.656525526778115e-14
1	13	1.877336533479744e+00	-5.069628942915678e-01	-9.898988707720013e-02
1	14	1.774384281955860e+00	-4.408372993839728e-01	-3.690048632305604e-01
1	15	2.448075441506749e+00	-3.328201177351371e-01	-2.860087434995438e-14
1	16	2.395155799977529e+00	-3.189526128295066e-01	-1.377301303892708e-01
1	17	2.225218317948937e+00	-2.773500981126149e-01	-5.039398316101039e-01
1	18	1.199999999999999e+00	-6.000000000000004e-01	-6.936864838513605e-16
1	19	1.198984780220129e+00	-6.000000000000004e-01	-4.823953135910191e-02
1	20	1.183784282049668e+00	-6.000000000000003e-01	-1.922378360100963e-01
1	21	1.907786888298030e+00	-5.290047592607664e-01	-1.656525526778115e-14
1	22	1.906830087969293e+00	-5.290047592607662e-01	-1.011964242823351e-01
1	23	1.892504281937097e+00	-5.290047592607665e-01	-4.043582686746531e-01
1	24	2.448075441506749e+00	-3.328201177351371e-01	-2.860087434995438e-14
1	25	2.447163235619154e+00	-3.328201177351373e-01	-1.416210259992787e-01
1	26	2.433505125128794e+00	-3.328201177351373e-01	-5.662802307301064e-01
2	0	1.199999999999999e+00	-6.000000000000004e-01	-6.936864838513605e-16
2	1	1.198984780220129e+00	-6.000000000000004e-01	-4.823953135910191e-02
2	2	1.183784282049668e+00	-6.000000000000003e-01	-1.922378360100963e-01
2	3	1.907786888298030e+00	-5.290047592607664e-01	-1.656525526778115e-14
2	4	1.906830087969293e+00	-5.290047592607662e-01	-1.011964242823351e-01
2	5	1.892504281937097e+00	-5.290047592607665e-01	-4.043582686746531e-01
2	6	2.448075441506749e+00	-3.328201177351371e-01	-2.860087434995438e-14
2	7	2.447163235619154e+00	-3.328201177351373e-01	-1.416210259992787e-01
2	8	2.433505125128794e+00	-3.328201177351373e-01	-5.662802307301064e-01
2	9	1.199999999999999e+00	-6.000000000000004e-01	-6.936864838513605e-16
2	10	1.198984780220129e+00	-6.250000000000002e-01	-4.823953135910178e-02
2	11	1.183784282049669e+00	-7.000000000000004e-01	-1.922378360100963e-01
2	12	1.907786888298030e+00	-5.290047592607664e-01	-1.656525526778115e-14
2	13	1.936323642458842e+00	-5.510466242299654e-01	-1.034029614874696e-01
2	14	2.010624281918335e+00	-6.171722191375617e-01	-4.397116741187460e-01
2	15	2.448075441506749e+00	-3.328201177351371e-01	-2.860087434995438e-14
2	16	2.499170671260782e+00	-3.466876226407682e-01	-1.455119216092857e-01
2	17	2.641791932308648e+00	-3.882901373576613e-01	-6.286206298501077e-01
2	18	1.199999999999999e+00	-6.000000000000004e-01	-6.936864838513605e-16
2	19	1.198984780220130e+00	-6.500000000000002e-01	-4.823953135910194e-02
2	20	1.183784282049669e+00	-8.000000000000003e-01	-1.922378360100963e-01
2	21	1.907786888298030e+00	-5.290047592607664e-01	-1.656525526778115e-14
2	22	1.965817196948390e+00	-5.730884891991633e-01	-1.056094986926045e-01
2	23	2.128744281899575e+00	-7.053396790143560e-01	-4.750650795628390e-01
2	24	2.448075441506749e+00	-3.328201177351371e-01	-2.860087434995438e-14
2	25	2.551178106902407e+00	-3.605551275463990e-01	-1.494028172192935e-01
2	26	2.850078739488501e+00	-4.437601569801843e-01	-6.909610289701096e-01
3	0	1.199999999999999e+00	-6.000000000000004e-01	-6.936864838513605e-16
3	1	1.198984780220130e+00	-6.500000000000002e-01	-4.823953135910194e-02
3	2	1.183784282049669e+00	-8.000000000000003e-01	-1.922378360100963e-01
3	3	1.907786888298030e+00	-5.290047592607664e-01	-1.656525526778115e-14
3	4	1.965817196948390e+00	-5.730884891991633e-01	-1.056094986926045e-01
3	5	2.128744281899575e+00	-7.053396790143560e-01	-4.750650795628390e-01
3	6	2.448075441506749e+00	-3.328201177351371e-01	-2.860087434995438e-14
3	7	2.551178106902407e+00	-3.605551275463990e-01	-1.494028172192935e-01
3	8	2.850078739488501e+00	-4.437601569801843e-01	-6.909610289701096e-01
3	9	1.199999999999999e+00	-6.000000000000004e-01	-6.936864838513605e-16
3	10	1.199746173298336e+00	-6.499999999999999e-01	-2.412427559246106e-02
3	11	1.195940512712444e+00	-8.000000000000003e-01	-9.640693502633145e-02
3	12	1.907786888298030e+00	-5.290047592607664e-01	-1.656525526778115e-14
3	13	1.966531125578841e+00	-5.730884891991632e-01	-5.280727277682321e-02
3	14	2.139967827394410e+00	-7.053396790143561e-01	-2.376644178181497e-01
3	15	2.448075441506749e+00	-3.328201177351371e-01	-2.860087434995438e-14
3	16	2.551855803584753e+00	-3.605551275463989e-01	-7.470241566042925e-02
3	17	2.860590320508837e+00	-4.437601569801843e-01	-3.454932039532221e-01
3	18	1.199999999999999e+00	-6.000000000000004e-01	-6.936864838513605e-16
3	19	1.199999999999998e+00	-6.500000000000001e-01	-6.706750789951616e-16
3	20	1.199999999999998e+00	-8.000000000000003e-01	-6.768236355854450e-16
3	21	1.907786888298030e+00	-5.290047592607664e-01	-1.656525526778115e-14
3	22	1.966769128989533e+00	-5.730884891991637e-01	-1.791887638487449e-14
3	23	2.143715851064039e+00	-7.053396790143559e-01	-2.190948860523440e-14
3	24	2.448075441506749e+00	-3.328201177351371e-01	-2.860087434995438e-14
3	25	2.552081728298978e+00	-3.605551275463990e-01	-3.106289645861386e-14
3	26	2.864100588675666e+00	-4.437601569801843e-01	-3.800007221717184e-14
4	0	1.199999999999999e+00	-6.000000000000004e-01	-6.936864838513605e-16
4	1	1.199999999999998e+00	-6.500000000000001e-01	-6.706750789951616e-16
4	2	1.199999999999998e+00	-8.000000000000003e-01	-6.768236355854450e-16
4	3	1.907786888298030e+00	-5.290047592607664e-01	-1.656525526778115e-14
4	4	1.966769128989533e+00	-5.730884891991637e-01	-1.791887638487449e-14
4	5	2.143715851064039e+00	-7.053396790143559e-01	-2.190948860523440e-14
4	6	2.448075441506749e+00	-3.328201177351371e-01	-2.860087434995438e-14
4	7	2.552081728298978e+00	-3.605551275463990e-01	-3.106289645861386e-14
4	8	2.864100588675666e+00	-4.437601569801843e-01	-3.800007221717184e-14
4	9	1.199999999999999e+00	-6.000000000000004e-01	-6.936864838513605e-16
4	10	1.199746173298336e+00	-6.500000000000001e-01	2.412427559245946e-02
4	11	1.195940512712443e+00	-8.000000000000003e-01	9.640693502632995e-02
4	12	1.907786888298030e+00	-5.290047592607664e-01	-1.656525526778115e-14
4	13	1.966531125578842e+00	-5.730884891991639e-01	5.280727277678719e-02
4	14	2.139967827394408e+00	-7.053396790143558e-01	2.376644178181088e-01
4	15	2.448075441506749e+00	-3.328201177351371e-01	-2.860087434995438e-14
4	16	2.551855803584753e+00	-3.605551275463990e-01	7.470241566036724e-02
4	17	2.860590320508835e+00	-4.437601569801842e-01	3.454932039531511e-01
4	18	1.199999999999999e+00	-6.000000000000004e-01	-6.936864838513605e-16
4	19	1.198984780220130e+00	-6.500000000000001e-01	4.823953135910015e-02
4	20	1.183784282049669e+00	-8.000000000000004e-01	1.922378360100949e-01
4	21	1.907786888298030e+00	-5.290047592607664e-01	-1.656525526778115e-14
4	22	1.965817196948391e+00	-5.730884891991637e-01	1.056094986925685e-01
4	23	2.128744281899573e+00	-7.053396790143559e-01	4.750650795627956e-01
4	24	2.448075441506749e+00	-3.328201177351371e-01	-2.860087434995438e-14
4	25	2.551178106902406e+00	-3.605551275463989e-01	1.494028172192300e-01
4	26	2.850078739488502e+00	-4.437601569801843e-01	6.909610289700349e-01
5	0	1.199999999999999e+00	-6.000000000000004e-01	-6.936864838513605e-16
5	1	1.198984780220130e+00	-6.500000000000001e-01	4.823953135910015e-02
5	2	1.183784282049669e+00	-8.000000000000004e-01	1.922378360100949e-01
5	3	1.907786888298030e+00	-5.290047592607664e-01	-1.656525526778115e-14
5	4	1.965817196948391e+00	-5.730884891991637e-01	1.056094986925685e-01
5	5	2.128744281899573e+00	-7.053396790143559e-01	4.750650795627956e-01
5	6	2.448075441506749e+00	-3.328201177351371e-01	-2.860087434995438e-14
5	7	2.551178106902406e+00	-3.605551275463989e-01	1.494028172192300e-01
5	8	2.850078739488502e+00	-4.437601569801843e-01	6.909610289700349e-01
5	9	1.199999999999999e+00	-6.000000000000004e-01	-6.936864838513605e-16
5	10	1.198984780220130e+00	-6.250000000000007e-01	4.823953135909987e-02
5	11	1.183784282049668e+00	-7.000000000000004e-01	1.922378360100948e-01
5	12	1.907786888298030e+00	-5.290047592607664e-01	-1.656525526778115e-14
5	13	1.936323642458842e+00	-5.510466242299653e-01	1.034029614874340e-01
5	14	2.010624281918335e+00	-6.171722191375613e-01	4.397116741187082e-01
5	15	2.448075441506749e+00	-3.328201177351371e-01	-2.860087434995438e-14
5	16	2.499170671260781e+00	-3.466876226407681e-01	1.455119216092242e-01
5	17	2.641791932308647e+00	-3.882901373576613e-01	6.286206298500422e-01
5	18	1.199999999999999e+00	-6.000000000000004e-01	-6.936864838513605e-16
5	19	1.198984780220130e+00	-6.000000000000004e-01	4.823953135910016e-02
5	20	1.183784282049669e+00	-6.000000000000002e-01	1.922378360100948e-01
5	21	1.907786888298030e+00	-5.290047592607664e-01	-1.656525526778115e-14
5	22	1.906830087969293e+00	-5.290047592607664e-01	1.011964242823018e-01
5	23	1.892504281937097e+00	-5.290047592607664e-01	4.043582686746204e-01
5	24	2.448075441506749e+00	-3.328201177351371e-01	-2.860087434995438e-14
5	25	2.447163235619155e+00	-3.328201177351373e-01	1.416210259992202e-01
5	26	2.433505125128794e+00	-3.328201177351373e-01	5.662802307300502e-01
6	0	1.199999999999999e+00	-6.000000000000004e-01	-6.936864838513605e-16
6	1	1.198984780220130e+00	-6.000000000000004e-01	4.823953135910016e-02
6	2	1.183784282049669e+00	-6.000000000000002e-01	1.922378360100948e-01
6	3	1.907786888298030e+00	-5.290047592607664e-01	-1.656525526778115e-14
6	4	1.906830087969293e+00	-5.290047592607664e-01	1.011964242823018e-01
6	5	1.892504281937097e+00	-5.290047592607664e-01	4.043582686746204e-01
6	6	2.448075441506749e+00	-3.328201177351371e-01	-2.860087434995438e-14
6	7	2.447163235619155e+00	-3.328201177351373e-01	1.416210259992202e-01
6	8	2.433505125128794e+00	-3.328201177351373e-01	5.662802307300502e-01
6	9	1.199999999999999e+00	-6.000000000000004e-01	-6.936864838513605e-16
6	10	1.198984780220130e+00	-5.750000000000004e-01	4.823953135909985e-02
6	11	1.183784282049669e+00	-5.000000000000002e-01	1.922378360100949e-01
6	12	1.907786888298030e+00	-5.290047592607664e-01	-1.656525526778115e-14
6	13	1.877336533479746e+00	-5.069628942915683e-01	9.898988707716722e-02
6	14	1.774384281955859e+00	-4.408372993839725e-01	3.690048632305328e-01
6	15	2.448075441506749e+00	-3.328201177351371e-01	-2.860087434995438e-14
6	16	2.395155799977529e+00	-3.189526128295068e-01	1.377301303892144e-01
6	17	2.225218317948938e+00	-2.773500981126148e-01	5.039398316100567e-01
6	18	1.199999999999999e+00	-6.000000000000004e-01	-6.936864838513605e-16
6	19	1.198984780220129e+00	-5.500000000000005e-01	4.823953135910018e-02
6	20	1.183784282049669e+00	-4.000000000000006e-01	1.922378360100949e-01
6	21	1.907786888298030e+00	-5.290047592607664e-01	-1.656525526778115e-14
6	22	1.847842978990197e+00	-4.849210293223695e-01	9.678334987203503e-02
6	23	1.656264281974621e+00	-3.526698395071786e-01	3.336514577864452e-01
6	24	2.448075441506749e+00	-3.328201177351371e-01	-2.860087434995438e-14
6	25	2.343148364335903e+00	-3.050851079238761e-01	1.338392347792104e-01
6	26	2.016931510769084e+00	-2.218800784900926e-01	4.415994324900644e-01
7	0	1.199999999999999e+00	-6.000000000000004e-01	-6.936864838513605e-16
7	1	1.198984780220129e+00	-5.500000000000005e-01	4.823953135910018e-02
7	2	1.183784282049669e+00	-4.000000000000006e-01	1.922378360100949e-01
7	3	1.907786888298030e+00	-5.290047592607664e-01	-1.656525526778115e-14
7	4	1.847842978990197e+00	-4.849210293223695e-01	9.678334987203503e-02
7	5	1.656264281974621e+00	-3.526698395071786e-01	3.336514577864452e-01
7	6	2.448075441506749e+00	-3.328201177351371e-01	-2.860087434995438e-14
7	7	2.343148364335903e+00	-3.050851079238761e-01	1.338392347792104e-01
7	8	2.016931510769084e+00	-2.218800784900926e-01	4.415994324900644e-01
7	9	1.199999999999999e+00	-6.000000000000004e-01	-6.936864838513605e-16
7	10	1.199746173298336e+00	-5.500000000000005e-01	2.412427559245915e-02
7	11	1.195940512712444e+00	-4.000000000000005e-01	9.640693502632998e-02
7	12	1.907786888298030e+00	-5.290047592607664e-01	-1.656525526778115e-14
7	13	1.848564209843380e+00	-4.849210293223698e-01	4.839450397919837e-02
7	14	1.667954170053425e+00	-3.526698395071784e-01	1.670356764222184e-01
7	15	2.448075441506749e+00	-3.328201177351371e-01	-2.860087434995438e-14
7	16	2.343838937386843e+00	-3.050851079238760e-01	6.692116334222777e-02
7	17	2.028265416610640e+00	-2.218800784900926e-01	2.209500694897412e-01
7	18	1.199999999999999e+00	-6.000000000000004e-01	-6.936864838513605e-16
7	19	1.199999999999998e+00	-5.500000000000005e-01	-6.631972450400441e-16
7	20	1.199999999999999e+00	-4.000000000000004e-01	-6.594295716016035e-16
7	21	1.907786888298030e+00	-5.290047592607664e-01	-1.656525526778115e-14
7	22	1.848804647606527e+00	-4.849210293223691e-01	-1.524257676512980e-14
7	23	1.671857925532018e+00	-3.526698395071787e-01	-1.123793801199102e-14
7	24	2.448075441506749e+00	-3.328201177351371e-01	-2.860087434995438e-14
7	25	2.344069154714519e+00	-3.050851079238761e-01	-2.631461922469304e-14
7	26	2.032050294337831e+00	-2.218800784900926e-01	-1.933257548135896e-14
8	0	2.448075441506749e+00	-3.328201177351371e-01	-2.860087434995438e-14
8	1	2.344069154714519e+00	-3.050851079238761e-01	-2.631461922469304e-14
8	2	2.032050294337831e+00	-2.218800784900926e-01	-1.933257548135896e-14
8	3	2.635638039733560e+00	-1.738704892130601e-01	-3.284882404074557e-14
8	4	2.516001536422430e+00	-1.593812817786385e-01	-3.022725846691974e-14
8	5	2.157092026489041e+00	-1.159136594753732e-01	-2.201739059125289e-14
8	6	2.699999999999981e+00	-5.486436638066782e-16	-3.429863391722057e-14
8	7	2.574999999999984e+00	-5.387920498155387e-16	-3.144681051504633e-14
8	8	2.199999999999985e+00	-5.385260774412762e-16	-2.299437511074313e-14
8	9	2.448075441506749e+00	-3.328201177351371e-01	-2.860087434995438e-14
8	10	2.343838937386842e+00	-3.050851079238760e-01	-6.692116334228074e-02
8	11	2.028265416610638e+00	-2.218800784900925e-01	-2.209500694897767e-01
8	12	2.635638039733560e+00	-1.738704892130602e-01	-3.286701489777162e-14
8	13	2.515774867145920e+00	-1.593812817786381e-01	-7.335274207175468e-02
8	14	2.153348417487221e+00	-1.159136594753733e-01	-2.396665934389011e-01
8	15	2.699999999999981e+00	-5.486436638066782e-16	-3.429863391722057e-14
8	16	2.574774548234483e+00	-5.361352396099518e-16	-7.555973332987152e-02
8	17	2.196270552329306e+00	-5.373825207395452e-16	-2.460891541313160e-01
8	18	2.448075441506749e+00	-3.328201177351371e-01	-2.860087434995438e-14
8	19	2.343148364335903e+00	-3.050851079238759e-01	-1.338392347792640e-01
8	20	2.016931510769085e+00	-2.218800784900925e-01	-4.415994324901025e-01
8	21	2.635638039733560e+00	-1.738704892130601e-01	-3.284882404074557e-14
8	22	2.515094937032001e+00	-1.593812817786388e-01	-1.467032830947608e-01
8	23	2.142138091819527e+00	-1.159136594753742e-01	-4.790738570147205e-01
8	24	2.699999999999981e+00	-5.486436638066782e-16	-3.429863391722057e-14
8	25	2.574098270236156e+00	-5.271348158610179e-16	-1.511175713077287e-01
8	26	2.185102633102528e+00	-5.144517597897960e-16	-4.919331767568308e-01
9	0	2.448075441506749e+00	-3.328201177351371e-01	-2.860087434995438e-14
9	1	2.343148364335903e+00	-3.050851079238759e-01	-1.338392347792640e-01
9	2	2.016931510769085e+00	-2.218800784900925e-01	-4.415994324901025e-01
9	3	2.635638039733560e+00	-1.738704892130601e-01	-3.284882404074557e-14
9	4	2.515094937032001e+00	-1.593812817786388e-01	-1.467032830947608e-01
9	5	2.142138091819527e+00	-1.159136594753742e-01	-4.790738570147205e-01
9	6	2.699999999999981e+00	-5.486436638066782e-16	-3.429863391722057e-14
9	7	2.574098270236156e+00	-5.271348158610179e-16	-1.511175713077287e-01
9	8	2.185102633102528e+00	-5.144517597897960e-16	-4.919331767568308e-01
9	9	2.448075441506749e+00	-3.328201177351371e-01	-2.860087434995438e-14
9	10	2.395155799977529e+00	-3.189526128295066e-01	-1.377301303892708e-01
9	11	2.225218317948937e+00	-2.773500981126149e-01	-5.039398316101039e-01
9	12	2.635638039733560e+00	-1.738704892130602e-01	-3.286701489777162e-14
9	13	2.574918125977996e+00	-1.666258854958490e-01	-1.511789081736529e-01
9	14	2.381726544261992e+00	-1.448920743442167e-01	-5.507828622658774e-01
9	15	2.699999999999981e+00	-5.486436638066782e-16	-3.429863391722057e-14
9	16	2.636603428873248e+00	-5.309090194349112e-16	-1.557938458508483e-01
9	17	2.435432220865748e+00	-5.000159822149884e-16	-5.668570119435163e-01
9	18	2.448075441506749e+00	-3.328201177351371e-01	-2.860087434995438e-14
9	19	2.447163235619154e+00	-3.328201177351373e-01	-1.416210259992787e-01
9	20	2.433505125128794e+00	-3.328201177351373e-01	-5.662802307301064e-01
9	21	2.635638039733560e+00	-1.738704892130601e-01	-3.284882404074557e-14
9	22	2.634741314923989e+00	-1.738704892130604e-01	-1.556545332525479e-01
9	23	2.621314996704456e+00	-1.738704892130601e-01	-6.224918675170336e-01
9	24	2.699999999999981e+00	-5.486436638066782e-16	-3.429863391722057e-14
9	25	2.699108587510340e+00	-5.350423750129135e-16	-1.604701203939678e-01
9	26	2.685761808628961e+00	-5.229408858034623e-16	-6.417808471302000e-01
10	0	2.448075441506749e+00	-3.328201177351371e-01	-2.860087434995438e-14
10	1	2.447163235619154e+00	-3.328201177351373e-01	-1.416210259992787e-01
10	2	2.433505125128794e+00	-3.328201177351373e-01	-5.662802307301064e-01
10	3	2.635638039733560e+00	-1.738704892130601e-01	-3.284882404074557e-14
10	4	2.634741314923989e+00	-1.738704892130604e-01	-1.556545332525479e-01
10	5	2.621314996704456e+00	-1.738704892130601e-01	-6.224918675170336e-01
10	6	2.699999999999981e+00	-5.486436638066782e-16	-3.429863391722057e-14
10	7	2.699108587510340e+00	-5.350423750129135e-16	-1.604701203939678e-01
10	8	2.685761808628961e+00	-5.229408858034623e-16	-6.417808471302000e-01
10	9	2.448075441506749e+00	-3.328201177351371e-01	-2.860087434995438e-14
10	10	2.499170671260782e+00	-3.466876226407682e-01	-1.455119216092857e-01
10	11	2.641791932308648e+00	-3.882901373576613e-01	-6.286206298501077e-01
10	12	2.635638039733564e+00	-1.738704892130602e-01	-3.283522970820778e-14
10	13	2.694564503869987e+00	-1.811150929302708e-01	-1.601301583314404e-01
10	14	2.860903449146921e+00	-2.028489040819038e-01	-6.942008727681892e-01
10	15	2.699999999999981e+00	-5.486436638066782e-16	-3.429863391722057e-14
10	16	2.761613746147431e+00	-5.331243392695105e-16	-1.651463949370872e-01
10	17	2.936091396392173e+00	-5.226735602835618e-16	-7.167046823168839e-01
10	18	2.448075441506749e+00	-3.328201177351371e-01	-2.860087434995438e-14
10	19	2.551178106902407e+00	-3.605551275463990e-01	-1.494028172192935e-01
10	20	2.850078739488501e+00	-4.437601569801843e-01	-6.909610289701096e-01
10	21	2.635638039733565e+00	-1.738704892130600e-01	-3.292132156306658e-14
10	22	2.754387692815982e+00	-1.883596966474818e-01	-1.646057834103355e-01
10	23	3.100491901589390e+00	-2.318273189507468e-01	-7.659098780193471e-01
10	24	2.699999999999981e+00	-5.486436638066782e-16	-3.429863391722057e-14
10	25	2.824118904784524e+00	-5.350788434016150e-16	-1.698226694802068e-01
10	26	3.186420984155395e+00	-5.125932008526754e-16	-7.916285175035702e-01
11	0	2.448075441506749e+00	-3.328201177351371e-01	-2.860087434995438e-14
11	1	2.551178106902407e+00	-3.605551275463990e-01	-1.494028172192935e-01
11	2	2.850078739488501e+00	-4.437601569801843e-01	-6.909610289701096e-01
11	3	2.635638039733565e+00	-1.738704892130600e-01	-3.292132156306658e-14
11	4	2.754387692815982e+00	-1.883596966474818e-01	-1.646057834103355e-01
11	5	3.100491901589390e+00	-2.318273189507468e-01	-7.659098780193471e-01
11	6	2.699999999999981e+00	-5.486436638066782e-16	-3.429863391722057e-14
11	7	2.824118904784524e+00	-5.350788434016150e-16	-1.698226694802068e-01
11	8	3.186420984155395e+00	-5.125932008526754e-16	-7.916285175035702e-01
11	9	2.448075441506749e+00	-3.328201177351371e-01	-2.860087434995438e-14
11	10	2.551855803584753e+00	-3.605551275463989e-01	-7.470241566042925e-02
11	11	2.860590320508837e+00	-4.437601569801843e-01	-3.454932039532221e-01
11	12	2.635638039733564e+00	-1.738704892130602e-01	-3.283522970820778e-14
11	13	2.755052811481849e+00	-1.883596966474815e-01	-8.230337234071741e-02
11	14	3.110756322261999e+00	-2.318273189507466e-01	-3.829262518514689e-01
11	15	2.699999999999981e+00	-5.486436638066782e-16	-3.429863391722057e-14
11	16	2.824779707313780e+00	-5.303546118905210e-16	-8.491163473667229e-02
11	17	3.196600591946171e+00	-5.305944771206606e-16	-3.957713732362946e-01
11	18	2.448075441506749e+00	-3.328201177351371e-01	-2.860087434995438e-14
11	19	2.552081728298978e+00	-3.605551275463990e-01	-3.106289645861386e-14
11	20	2.864100588675666e+00	-4.437601569801843e-01	-3.800007221717184e-14
11	21	2.635638039733560e+00	-1.738704892130601e-01	-3.284882404074557e-14
11	22	2.755274543044691e+00	-1.883596966474818e-01	-3.552476832060082e-14
11	23	3.114184052978083e+00	-2.318273189507466e-01	-4.367412119424463e-14
11	24	2.699999999999981e+00	-5.486436638066782e-16	-3.429863391722057e-14
11	25	2.824999999999979e+00	-5.279054530032726e-16	-3.706331771591240e-14
11	26	3.199999999999978e+00	-5.429732996823674e-16	-4.556688033488419e-14
12	0	2.448075441506749e+00	-3.328201177351371e-01	-2.860087434995438e-14
12	1	2.552081728298978e+00	-3.605551275463990e-01	-3.106289645861386e-14
12	2	2.864100588675666e+00	-4.437601569801843e-01	-3.800007221717184e-14
12	3	2.635638039733560e+00	-1.738704892130601e-01	-3.284882404074557e-14
12	4	2.755274543044691e+00	-1.883596966474818e-01	-3.552476832060082e-14
12	5	3.114184052978083e+00	-2.318273189507466e-01	-4.367412119424463e-14
12	6	2.699999999999981e+00	-5.486436638066782e-16	-3.429863391722057e-14
12	7	2.824999999999979e+00	-5.279054530032726e-16	-3.706331771591240e-14
12	8	3.199999999999978e+00	-5.429732996823674e-16	-4.556688033488419e-14
12	9	2.448075441506749e+00	-3.328201177351371e-01	-2.860087434995438e-14
12	10	2.551855803584753e+00	-3.605551275463990e-01	7.470241566036724e-02
12	11	2.860590320508835e+00	-4.437601569801842e-01	3.454932039531511e-01
12	12	2.635638039733564e+00	-1.738704892130602e-01	-3.283522970820778e-14
12	13	2.755052811481849e+00	-1.883596966474816e-01	8.230337234065127e-02
12	14	3.110756322262000e+00	-2.318273189507467e-01	3.829262518513896e-01
12	15	2.699999999999981e+00	-5.486436638066782e-16	-3.429863391722057e-14
12	16	2.824779707313780e+00	-5.382703237858109e-16	8.491163473661476e-02
12	17	3.196600591946170e+00	-5.484271099453044e-16	3.957713732362240e-01
12	18	2.448075441506749e+00	-3.328201177351371e-01	-2.860087434995438e-14
12	19	2.551178106902406e+00	-3.605551275463989e-01	1.494028172192300e-01
12	20	2.850078739488502e+00	-4.437601569801843e-01	6.909610289700349e-01
12	21	2.635638039733565e+00	-1.738704892130600e-01	-3.292132156306658e-14
12	22	2.754387692815984e+00	-1.883596966474820e-01	1.646057834102660e-01
12	23	3.100491901589388e+00	-2.318273189507466e-01	7.659098780192655e-01
12	24	2.699999999999981e+00	-5.486436638066782e-16	-3.429863391722057e-14
12	25	2.824118904784524e+00	-5.508732035979114e-16	1.698226694801492e-01
12	26	3.186420984155392e+00	-5.490075701722605e-16	7.916285175035017e-01
13	0	2.448075441506749e+00	-3.328201177351371e-01	-2.860087434995438e-14
13	1	2.551178106902406e+00	-3.605551275463989e-01	1.494028172192300e-01
13	2	2.850078739488502e+00	-4.437601569801843e-01	6.909610289700349e-01
13	3	2.635638039733565e+00	-1.738704892130600e-01	-3.292132156306658e-14
13	4	2.754387692815984e+00	-1.883596966474820e-01	1.646057834102660e-01
13	5	3.100491901589388e+00	-2.318273189507466e-01	7.659098780192655e-01
13	6	2.699999999999981e+00	-5.486436638066782e-16	-3.429863391722057e-14
13	7	2.824118904784524e+00	-5.508732035979114e-16	1.698226694801492e-01
13	8	3.186420984155392e+00	-5.490075701722605e-16	7.916285175035017e-01
13	9	2.448075441506749e+00	-3.328201177351371e-01	-2.860087434995438e-14
13	10	2.499170671260781e+00	-3.466876226407681e-01	1.455119216092242e-01
13	11	2.641791932308647e+00	-3.882901373576613e-01	6.286206298500422e-01
13	12	2.635638039733564e+00	-1.738704892130602e-01	-3.289113158093678e-14
13	13	2.694564503869987e+00	-1.811150929302707e-01	1.601301583313769e-01
13	14	2.860903449146921e+00	-2.028489040819037e-01	6.942008727681185e-01
13	15	2.699999999999981e+00	-5.486436638066782e-16	-3.429863391722057e-14
13	16	2.761613746147430e+00	-5.486381568891930e-16	1.651463949370321e-01
13	17	2.936091396392173e+00	-5.633094288336670e-16	7.167046823168248e-01
13	18	2.448075441506749e+00	-3.328201177351371e-01	-2.860087434995438e-14
13	19	2.447163235619155e+00	-3.328201177351373e-01	1.416210259992202e-01
13	20	2.433505125128794e+00	-3.328201177351373e-01	5.662802307300502e-01
13	21	2.635638039733565e+00	-1.738704892130600e-01	-3.292132156306658e-14
13	22	2.634741314923994e+00	-1.738704892130604e-01	1.556545332524842e-01
13	23	2.621314996704457e+00	-1.738704892130602e-01	6.224918675169724e-01
13	24	2.699999999999981e+00	-5.486436638066782e-16	-3.429863391722057e-14
13	25	2.699108587510338e+00	-5.545669369242325e-16	1.604701203939149e-01
13	26	2.685761808628960e+00	-5.575074993360188e-16	6.417808471301495e-01
14	0	2.448075441506749e+00	-3.328201177351371e-01	-2.860087434995438e-14
14	1	2.447163235619155e+00	-3.328201177351373e-01	1.416210259992202e-01
14	2	2.433505125128794e+00	-3.328201177351373e-01	5.662802307300502e-01
14	3	2.635638039733565e+00	-1.738704892130600e-01	-3.292132156306658e-14
14	4	2.634741314923994e+00	-1.738704892130604e-01	1.556545332524842e-01
14	5	2.621314996704457e+00	-1.738704892130602e-01	6.224918675169724e-01
14	6	2.699999999999981e+00	-5.486436638066782e-16	-3.429863391722057e-14
14	7	2.699108587510338e+00	-5.545669369242325e-16	1.604701203939149e-01
14	8	2.685761808628960e+00	-5.575074993360188e-16	6.417808471301495e-01
14	9	2.448075441506749e+00	-3.328201177351371e-01	-2.860087434995438e-14
14	10	2.395155799977529e+00	-3.189526128295068e-01	1.377301303892144e-01
14	11	2.225218317948938e+00	-2.773500981126148e-01	5.039398316100567e-01
14	12	2.635638039733561e+00	-1.738704892130602e-01	-3.287474940619664e-14
14	13	2.574918125977999e+00	-1.666258854958491e-01	1.511789081735939e-01
14	14	2.381726544261994e+00	-1.448920743442169e-01	5.507828622658247e-01
14	15	2.699999999999981e+00	-5.486436638066782e-16	-3.429863391722057e-14
14	16	2.636603428873247e+00	-5.443801984100461e-16	1.557938458507958e-01
14	17	2.435432220865745e+00	-5.570317195243416e-16	5.668570119434688e-01
14	18	2.448075441506749e+00	-3.328201177351371e-01	-2.860087434995438e-14
14	19	2.343148364335903e+00	-3.050851079238761e-01	1.338392347792104e-01
14	20	2.016931510769084e+00	-2.218800784900926e-01	4.415994324900644e-01
14	21	2.635638039733560e+00	-1.738704892130601e-01	-3.284882404074557e-14
14	22	2.515094937032000e+00	-1.593812817786388e-01	1.467032830947019e-01
14	23	2.142138091819526e+00	-1.159136594753742e-01	4.790738570146782e-01
14	24	2.699999999999981e+00	-5.486436638066782e-16	-3.429863391722057e-14
14	25	2.574098270236156e+00	-5.480466517539620e-16	1.511175713076778e-01
14	26	2.185102633102529e+00	-5.430380425776193e-16	4.919331767567923e-01
15	0	2.448075441506749e+00	-3.328201177351371e-01	-2.860087434995438e-14
15	1	2.343148364335903e+00	-3.050851079238761e-01	1.338392347792104e-01
15	2	2.016931510769084e+00	-2.218800784900926e-01	4.415994324900644e-01
15	3	2.635638039733560e+00	-1.738704892130601e-01	-3.284882404074557e-14
15	4	2.515094937032000e+00	-1.593812817786388e-01	1.467032830947019e-01
15	5	2.142138091819526e+00	-1.159136594753742e-01	4.790738570146782e-01
15	6	2.699999999999981e+00	-5.486436638066782e-16	-3.429863391722057e-14
15	7	2.574098270236156e+00	-5.480466517539620e-16	1.511175713076778e-01
15	8	2.185102633102529e+00	-5.430380425776193e-16	4.919331767567923e-01
15	9	2.448075441506749e+00	-3.328201177351371e-01	-2.860087434995438e-14
15	10	2.343838937386843e+00	-3.050851079238760e-01	6.692116334222777e-02
15	11	2.028265416610640e+00	-2.218800784900926e-01	2.209500694897412e-01
15	12	2.635638039733560e+00	-1.738704892130602e-01	-3.286701489777162e-14
15	13	2.515774867145921e+00	-1.593812817786383e-01	7.335274207169881e-02
15	14	2.153348417487221e+00	-1.159136594753733e-01	2.396665934388590e-01
15	15	2.699999999999981e+00	-5.486436638066782e-16	-3.429863391722057e-14
15	16	2.574774548234481e+00	-5.348233586587102e-16	7.555973332982016e-02
15	17	2.196270552329304e+00	-5.414287196346656e-16	2.460891541312748e-01
15	18	2.448075441506749e+00	-3.328201177351371e-01	-2.860087434995438e-14
15	19	2.344069154714519e+00	-3.050851079238761e-01	-2.631461922469304e-14
15	20	2.032050294337831e+00	-2.218800784900926e-01	-1.933257548135896e-14
15	21	2.635638039733560e+00	-1.738704892130601e-01	-3.284882404074557e-14
15	22	2.516001536422430e+00	-1.593812817786385e-01	-3.022725846691974e-14
15	23	2.157092026489041e+00	-1.159136594753732e-01	-2.201739059125289e-14
15	24	2.699999999999981e+00	-5.486436638066782e-16	-3.429863391722057e-14
15	25	2.574999999999984e+00	-5.387920498155387e-16	-3.144681051504633e-14
15	26	2.199999999999985e+00	-5.385260774412762e-16	-2.299437511074313e-14
16	0	2.699999999999981e+00	-5.486436638066782e-16	-3.429863391722057e-14
16	1	2.574999999999984e+00	-5.387920498155387e-16	-3.144681051504633e-14
16	2	2.199999999999985e+00	-5.385260774412762e-16	-2.299437511074313e-14
16	3	2.635638039733566e+00	1.738704892130577e-01	-3.291117306534131e-14
16	4	2.516001536422435e+00	1.593812817786359e-01	-3.007861714221861e-14
16	5	2.157092026489039e+00	1.159136594753707e-01	-2.202360677675048e-14
16	6	2.448075441506750e+00	3.328201177351362e-01	-2.862684965433387e-14
16	7	2.344069154714519e+00	3.050851079238745e-01	-2.628209073015921e-14
16	8	2.032050294337825e+00	2.218800784900889e-01	-1.928194951347291e-14
16	9	2.699999999999981e+00	-5.486436638066782e-16	-3.429863391722057e-14
16	10	2.574774548234483e+00	-5.361352396099518e-16	-7.555973332987152e-02
16	11	2.196270552329306e+00	-5.373825207395452e-16	-2.460891541313160e-01
16	12	2.635638039733565e+00	1.738704892130577e-01	-3.290688231720435e-14
16	13	2.515774867145926e+00	1.593812817786359e-01	-7.335274207175010e-02
16	14	2.153348417487220e+00	1.159136594753709e-01	-2.396665934388995e-01
16	15	2.448075441506750e+00	3.328201177351362e-01	-2.862684965433387e-14
16	16	2.343838937386840e+00	3.050851079238744e-01	-6.692116334227441e-02
16	17	2.028265416610634e+00	2.218800784900889e-01	-2.209500694897734e-01
16	18	2.699999999999981e+00	-5.486436638066782e-16	-3.429863391722057e-14
16	19	2.574098270236156e+00	-5.271348158610179e-16	-1.511175713077287e-01
16	20	2.185102633102528e+00	-5.144517597897960e-16	-4.919331767568308e-01
16	21	2.635638039733566e+00	1.738704892130577e-01	-3.291117306534131e-14
16	22	2.515094937032006e+00	1.593812817786360e-01	-1.467032830947554e-01
16	23	2.142138091819526e+00	1.159136594753707e-01	-4.790738570147159e-01
16	24	2.448075441506750e+00	3.328201177351362e-01	-2.862684965433387e-14
16	25	2.343148364335901e+00	3.050851079238743e-01	-1.338392347792567e-01
16	26	2.016931510769080e+00	2.218800784900888e-01	-4.415994324900951e-01
17	0	2.699999999999981e+00	-5.486436638066782e-16	-3.429863391722057e-14
17	1	2.574098270236156e+00	-5.271348158610179e-16	-1.511175713077287e-01
17	2	2.185102633102528e+00	-5.144517597897960e-16	-4.919331767568308e-01
17	3	2.635638039733566e+00	1.738704892130577e-01	-3.291117306534131e-14
17	4	2.515094937032006e+00	1.593812817786360e-01	-1.467032830947554e-01
17	5	2.142138091819526e+00	1.159136594753707e-01	-4.790738570147159e-01
17	6	2.448075441506750e+00	3.328201177351362e-01	-2.862684965433387e-14
17	7	2.343148364335901e+00	3.050851079238743e-01	-1.338392347792567e-01
17	8	2.016931510769080e+00	2.218800784900888e-01	-4.415994324900951e-01
17	9	2.699999999999981e+00	-5.486436638066782e-16	-3.429863391722057e-14
17	10	2.636603428873248e+00	-5.309090194349112e-16	-1.557938458508483e-01
17	11	2.435432220865748e+00	-5.000159822149884e-16	-5.668570119435163e-01
17	12	2.635638039733565e+00	1.738704892130577e-01	-3.290688231720435e-14
17	13	2.574918125978002e+00	1.666258854958468e-01	-1.511789081736476e-01
17	14	2.381726544261995e+00	1.448920743442141e-01	-5.507828622658719e-01
17	15	2.448075441506750e+00	3.328201177351362e-01	-2.862684965433387e-14
17	16	2.395155799977529e+00	3.189526128295055e-01	-1.377301303892639e-01
17	17	2.225218317948936e+00	2.773500981126129e-01	-5.039398316100966e-01
17	18	2.699999999999981e+00	-5.486436638066782e-16	-3.429863391722057e-14
17	19	2.699108587510340e+00	-5.350423750129135e-16	-1.604701203939678e-01
17	20	2.685761808628961e+00	-5.229408858034623e-16	-6.417808471302000e-01
17	21	2.635638039733566e+00	1.738704892130577e-01	-3.291117306534131e-14
17	22	2.634741314923996e+00	1.738704892130576e-01	-1.556545332525424e-01
17	23	2.621314996704465e+00	1.738704892130579e-01	-6.224918675170293e-01
17	24	2.448075441506750e+00	3.328201177351362e-01	-2.862684965433387e-14
17	25	2.447163235619154e+00	3.328201177351362e-01	-1.416210259992711e-01
17	26	2.433505125128794e+00	3.328201177351362e-01	-5.662802307300985e-01
18	0	2.699999999999981e+00	-5.486436638066782e-16	-3.429863391722057e-14
18	1	2.699108587510340e+00	-5.350423750129135e-16	-1.604701203939678e-01
18	2	2.685761808628961e+00	-5.229408858034623e-16	-6.417808471302000e-01
18	3	2.635638039733566e+00	1.738704892130577e-01	-3.291117306534131e-14
18	4	2.634741314923996e+00	1.738704892130576e-01	-1.556545332525424e-01
18	5	2.621314996704465e+00	1.738704892130579e-01	-6.224918675170293e-01
18	6	2.448075441506750e+00	3.328201177351362e-01	-2.862684965433387e-14
18	7	2.447163235619154e+00	3.328201177351362e-01	-1.416210259992711e-01
18	8	2.433505125128794e+00	3.328201177351362e-01	-5.662802307300985e-01
18	9	2.699999999999981e+00	-5.486436638066782e-16	-3.429863391722057e-14
18	10	2.761613746147431e+00	-5.331243392695105e-16	-1.651463949370872e-01
18	11	2.936091396392173e+00	-5.226735602835618e-16	-7.167046823168839e-01
18	12	2.635638039733565e+00	1.738704892130577e-01	-3.290688231720435e-14
18	13	2.694564503869988e+00	1.811150929302682e-01	-1.601301583314343e-01
18	14	2.860903449146923e+00	2.028489040818995e-01	-6.942008727681824e-01
18	15	2.448075441506750e+00	3.328201177351362e-01	-2.862684965433387e-14
18	16	2.499170671260779e+00	3.466876226407667e-01	-1.455119216092781e-01
18	17	2.641791932308640e+00	3.882901373576584e-01	-6.286206298500968e-01
18	18	2.699999999999981e+00	-5.486436638066782e-16	-3.429863391722057e-14
18	19	2.824118904784524e+00	-5.350788434016150e-16	-1.698226694802068e-01
18	20	3.186420984155395e+00	-5.125932008526754e-16	-7.916285175035702e-01
18	21	2.635638039733566e+00	1.738704892130577e-01	-3.291117306534131e-14
18	22	2.754387692815981e+00	1.883596966474785e-01	-1.646057834103291e-01
18	23	3.100491901589386e+00	2.318273189507413e-01	-7.659098780193385e-01
18	24	2.448075441506750e+00	3.328201177351362e-01	-2.862684965433387e-14
18	25	2.551178106902404e+00	3.605551275463968e-01	-1.494028172192852e-01
18	26	2.850078739488489e+00	4.437601569801785e-01	-6.909610289700965e-01
19	0	2.699999999999981e+00	-5.486436638066782e-16	-3.429863391722057e-14
19	1	2.824118904784524e+00	-5.350788434016150e-16	-1.698226694802068e-01
19	2	3.186420984155395e+00	-5.125932008526754e-16	-7.916285175035702e-01
19	3	2.635638039733566e+00	1.738704892130577e-01	-3.291117306534131e-14
19	4	2.754387692815981e+00	1.883596966474785e-01	-1.646057834103291e-01
19	5	3.100491901589386e+00	2.318273189507413e-01	-7.659098780193385e-01
19	6	2.448075441506750e+00	3.328201177351362e-01	-2.862684965433387e-14
19	7	2.551178106902404e+00	3.605551275463968e-01	-1.494028172192852e-01
19	8	2.850078739488489e+00	4.437601569801785e-01	-6.909610289700965e-01
19	9	2.699999999999981e+00	-5.486436638066782e-16	-3.429863391722057e-14
19	10	2.824779707313780e+00	-5.303546118905210e-16	-8.491163473667229e-02
19	11	3.196600591946171e+00	-5.305944771206606e-16	-3.957713732362946e-01
19	12	2.635638039733565e+00	1.738704892130577e-01	-3.290688231720435e-14
19	13	2.755052811481849e+00	1.883596966474785e-01	-8.230337234071114e-02
19	14	3.110756322261997e+00	2.318273189507414e-01	-3.829262518514641e-01
19	15	2.448075441506750e+00	3.328201177351362e-01	-2.862684965433387e-14
19	16	2.551855803584748e+00	3.605551275463965e-01	-7.470241566042168e-02
19	17	2.860590320508826e+00	4.437601569801786e-01	-3.454932039532118e-01
19	18	2.699999999999981e+00	-5.486436638066782e-16	-3.429863391722057e-14
19	19	2.824999999999979e+00	-5.279054530032726e-16	-3.706331771591240e-14
19	20	3.199999999999978e+00	-5.429732996823674e-16	-4.556688033488419e-14
19	21	2.635638039733566e+00	1.738704892130577e-01	-3.291117306534131e-14
19	22	2.755274543044695e+00	1.883596966474785e-01	-3.551160396814914e-14
19	23	3.114184052978080e+00	2.318273189507413e-01	-4.360270548590634e-14
19	24	2.448075441506750e+00	3.328201177351362e-01	-2.862684965433387e-14
19	25	2.552081728298975e+00	3.605551275463969e-01	-3.088490662307232e-14
19	26	2.864100588675656e+00	4.437601569801788e-01	-3.787787822301467e-14
20	0	2.699999999999981e+00	-5.486436638066782e-16	-3.429863391722057e-14
20	1	2.824999999999979e+00	-5.279054530032726e-16	-3.706331771591240e-14
20	2	3.199999999999978e+00	-5.429732996823674e-16	-4.556688033488419e-14
20	3	2.635638039733566e+00	1.738704892130577e-01	-3.291117306534131e-14
20	4	2.755274543044695e+00	1.883596966474785e-01	-3.551160396814914e-14
20	5	3.114184052978080e+00	2.318273189507413e-01	-4.360270548590634e-14
20	6	2.448075441506750e+00	3.328201177351362e-01	-2.862684965433387e-14
20	7	2.552081728298975e+00	3.605551275463969e-01	-3.088490662307232e-14
20	8	2.864100588675656e+00	4.437601569801788e-01	-3.787787822301467e-14
20	9	2.699999999999981e+00	-5.486436638066782e-16	-3.429863391722057e-14
20	10	2.824779707313780e+00	-5.382703237858109e-16	8.491163473661476e-02
20	11	3.196600591946170e+00	-5.484271099453044e-16	3.957713732362240e-01
20	12	2.635638039733565e+00	1.738704892130577e-01	-3.290688231720435e-14
20	13	2.755052811481850e+00	1.883596966474785e-01	8.230337234065820e-02
20	14	3.110756322261998e+00	2.318273189507414e-01	3.829262518513952e-01
20	15	2.448075441506750e+00	3.328201177351362e-01	-2.862684965433387e-14
20	16	2.551855803584749e+00	3.605551275463966e-01	7.470241566037528e-02
20	17	2.860590320508826e+00	4.437601569801786e-01	3.454932039531587e-01
20	18	2.699999999999981e+00	-5.486436638066782e-16	-3.429863391722057e-14
20	19	2.824118904784524e+00	-5.508732035979114e-16	1.698226694801492e-01
20	20	3.186420984155392e+00	-5.490075701722605e-16	7.916285175035017e-01
20	21	2.635638039733566e+00	1.738704892130577e-01	-3.291117306534131e-14
20	22	2.754387692815981e+00	1.883596966474785e-01	1.646057834102729e-01
20	23	3.100491901589386e+00	2.318273189507413e-01	7.659098780192717e-01
20	24	2.448075441506750e+00	3.328201177351362e-01	-2.862684965433387e-14
20	25	2.551178106902404e+00	3.605551275463969e-01	1.494028172192379e-01
20	26	2.850078739488488e+00	4.437601569801785e-01	6.909610289700402e-01
21	0	2.699999999999981e+00	-5.486436638066782e-16	-3.429863391722057e-14
21	1	2.824118904784524e+00	-5.508732035979114e-16	1.698226694801492e-01
21	2	3.186420984155392e+00	-5.490075701722605e-16	7.916285175035017e-01
21	3	2.635638039733566e+00	1.738704892130577e-01	-3.291117306534131e-14
21	4	2.754387692815981e+00	1.883596966474785e-01	1.646057834102729e-01
21	5	3.100491901589386e+00	2.318273189507413e-01	7.659098780192717e-01
21	6	2.448075441506750e+00	3.328201177351362e-01	-2.862684965433387e-14
21	7	2.551178106902404e+00	3.605551275463969e-01	1.494028172192379e-01
21	8	2.850078739488488e+00	4.437601569801785e-01	6.909610289700402e-01
21	9	2.699999999999981e+00	-5.486436638066782e-16	-3.429863391722057e-14
21	10	2.761613746147430e+00	-5.486381568891930e-16	1.651463949370321e-01
21	11	2.936091396392173e+00	-5.633094288336670e-16	7.167046823168248e-01
21	12	2.635638039733565e+00	1.738704892130577e-01	-3.290688231720435e-14
21	13	2.694564503869989e+00	1.811150929302681e-01	1.601301583313828e-01
21	14	2.860903449146924e+00	2.028489040818995e-01	6.942008727681223e-01
21	15	2.448075441506750e+00	3.328201177351362e-01	-2.862684965433387e-14
21	16	2.499170671260779e+00	3.466876226407665e-01	1.455119216092328e-01
21	17	2.641791932308637e+00	3.882901373576579e-01	6.286206298500479e-01
21	18	2.699999999999981e+00	-5.486436638066782e-16	-3.429863391722057e-14
21	19	2.699108587510338e+00	-5.545669369242325e-16	1.604701203939149e-01
21	20	2.685761808628960e+00	-5.575074993360188e-16	6.417808471301495e-01
21	21	2.635638039733566e+00	1.738704892130577e-01	-3.291117306534131e-14
21	22	2.634741314923994e+00	1.738704892130574e-01	1.556545332524897e-01
21	23	2.621314996704463e+00	1.738704892130577e-01	6.224918675169758e-01
21	24	2.448075441506750e+00	3.328201177351362e-01	-2.862684965433387e-14
21	25	2.447163235619156e+00	3.328201177351364e-01	1.416210259992278e-01
21	26	2.433505125128793e+00	3.328201177351361e-01	5.662802307300575e-01
22	0	2.699999999999981e+00	-5.486436638066782e-16	-3.429863391722057e-14
22	1	2.699108587510338e+00	-5.545669369242325e-16	1.604701203939149e-01
22	2	2.685761808628960e+00	-5.575074993360188e-16	6.417808471301495e-01
22	3	2.635638039733566e+00	1.738704892130577e-01	-3.291117306534131e-14
22	4	2.634741314923994e+00	1.738704892130574e-01	1.556545332524897e-01
22	5	2.621314996704463e+00	1.738704892130577e-01	6.224918675169758e-01
22	6	2.448075441506750e+00	3.328201177351362e-01	-2.862684965433387e-14
22	7	2.447163235619156e+00	3.328201177351364e-01	1.416210259992278e-01
22	8	2.433505125128793e+00	3.328201177351361e-01	5.662802307300575e-01
22	9	2.699999999999981e+00	-5.486436638066782e-16	-3.429863391722057e-14
22	10	2.636603428873247e+00	-5.443801984100461e-16	1.557938458507958e-01
22	11	2.435432220865745e+00	-5.570317195243416e-16	5.668570119434688e-01
22	12	2.635638039733565e+00	1.738704892130577e-01	-3.290688231720435e-14
22	13	2.574918125978002e+00	1.666258854958466e-01	1.511789081735995e-01
22	14	2.381726544261995e+00	1.448920743442141e-01	5.507828622658277e-01
22	15	2.448075441506750e+00	3.328201177351362e-01	-2.862684965433387e-14
22	16	2.395155799977529e+00	3.189526128295056e-01	1.377301303892227e-01
22	17	2.225218317948935e+00	2.773500981126129e-01	5.039398316100628e-01
22	18	2.699999999999981e+00	-5.486436638066782e-16	-3.429863391722057e-14
22	19	2.574098270236156e+00	-5.480466517539620e-16	1.511175713076778e-01
22	20	2.185102633102529e+00	-5.430380425776193e-16	4.919331767567923e-01
22	21	2.635638039733566e+00	1.738704892130577e-01	-3.291117306534131e-14
22	22	2.515094937032006e+00	1.593812817786359e-01	1.467032830947064e-01
22	23	2.142138091819525e+00	1.159136594753706e-01	4.790738570146796e-01
22	24	2.448075441506750e+00	3.328201177351362e-01	-2.862684965433387e-14
22	25	2.343148364335901e+00	3.050851079238743e-01	1.338392347792173e-01
22	26	2.016931510769078e+00	2.218800784900888e-01	4.415994324900688e-01
23	0	2.699999999999981e+00	-5.486436638066782e-16	-3.429863391722057e-14
23	1	2.574098270236156e+00	-5.480466517539620e-16	1.511175713076778e-01
23	2	2.185102633102529e+00	-5.430380425776193e-16	4.919331767567923e-01
23	3	2.635638039733566e+00	1.738704892130577e-01	-3.291117306534131e-14
23	4	2.515094937032006e+00	1.593812817786359e-01	1.467032830947064e-01
23	5	2.142138091819525e+00	1.159136594753706e-01	4.790738570146796e-01
23	6	2.448075441506750e+00	3.328201177351362e-01	-2.862684965433387e-14
23	7	2.343148364335901e+00	3.050851079238743e-01	1.338392347792173e-01
23	8	2.016931510769078e+00	2.218800784900888e-01	4.415994324900688e-01
23	9	2.699999999999981e+00	-5.486436638066782e-16	-3.429863391722057e-14
23	10	2.574774548234481e+00	-5.348233586587102e-16	7.555973332982016e-02
23	11	2.196270552329304e+00	-5.414287196346656e-16	2.460891541312748e-01
23	12	2.635638039733565e+00	1.738704892130577e-01	-3.290688231720435e-14
23	13	2.515774867145925e+00	1.593812817786359e-01	7.335274207170332e-02
23	14	2.153348417487219e+00	1.159136594753710e-01	2.396665934388603e-01
23	15	2.448075441506750e+00	3.328201177351362e-01	-2.862684965433387e-14
23	16	2.343838937386841e+00	3.050851079238744e-01	6.692116334223404e-02
23	17	2.028265416610635e+00	2.218800784900889e-01	2.209500694897431e-01
23	18	2.699999999999981e+00	-5.486436638066782e-16	-3.429863391722057e-14
23	19	2.574999999999984e+00	-5.387920498155387e-16	-3.144681051504633e-14
23	20	2.199999999999985e+00	-5.385260774412762e-16	-2.299437511074313e-14
23	21	2.635638039733566e+00	1.738704892130577e-01	-3.291117306534131e-14
23	22	2.516001536422435e+00	1.593812817786359e-01	-3.007861714221861e-14
23	23	2.157092026489039e+00	1.159136594753707e-01	-2.202360677675048e-14
23	24	2.448075441506750e+00	3.328201177351362e-01	-2.862684965433387e-14
23	25	2.344069154714519e+00	3.050851079238745e-01	-2.628209073015921e-14
23	26	2.032050294337825e+00	2.218800784900889e-01	-1.928194951347291e-14
24	0	2.448075441506750e+00	3.328201177351362e-01	-2.862684965433387e-14
24	1	2.344069154714519e+00	3.050851079238745e-01	-2.628209073015921e-14
24	2	2.032050294337825e+00	2.218800784900889e-01	-1.928194951347291e-14
24	3	1.907786888298026e+00	5.290047592607647e-01	-1.654733419053596e-14
24	4	1.848804647606523e+00	4.849210293223672e-01	-1.521227868016543e-14
24	5	1.671857925532014e+00	3.526698395071758e-01	-1.123091173004192e-14
24	6	1.199999999999998e+00	5.999999999999950e-01	-6.367104256086887e-16
24	7	1.199999999999998e+00	5.499999999999948e-01	-6.086232559650430e-16
24	8	1.199999999999998e+00	3.999999999999991e-01	-6.106757603002228e-16
24	9	2.448075441506750e+00	3.328201177351362e-01	-2.862684965433387e-14
24	10	2.343838937386840e+00	3.050851079238744e-01	-6.692116334227441e-02
24	11	2.028265416610634e+00	2.218800784900889e-01	-2.209500694897734e-01
24	12	1.907786888298026e+00	5.290047592607648e-01	-1.659504052927290e-14
24	13	1.848564209843375e+00	4.849210293223672e-01	-4.839450397922770e-02
24	14	1.667954170053420e+00	3.526698395071756e-01	-1.670356764222388e-01
24	15	1.199999999999998e+00	5.999999999999954e-01	-6.358587404368089e-16
24	16	1.199746173298336e+00	5.499999999999953e-01	-2.412427559246116e-02
24	17	1.195940512712443e+00	3.999999999999991e-01	-9.640693502633138e-02
24	18	2.448075441506750e+00	3.328201177351362e-01	-2.862684965433387e-14
24	19	2.343148364335901e+00	3.050851079238743e-01	-1.338392347792567e-01
24	20	2.016931510769080e+00	2.218800784900888e-01	-4.415994324900951e-01
24	21	1.907786888298027e+00	5.290047592607663e-01	-1.656736726981607e-14
24	22	1.847842978990193e+00	4.849210293223691e-01	-9.678334987206404e-02
24	23	1.656264281974613e+00	3.526698395071757e-01	-3.336514577864639e-01
24	24	1.199999999999998e+00	5.999999999999973e-01	-6.045305467257391e-16
24	25	1.198984780220129e+00	5.499999999999966e-01	-4.823953135910188e-02
24	26	1.183784282049668e+00	3.999999999999990e-01	-1.922378360100963e-01
25	0	2.448075441506750e+00	3.328201177351362e-01	-2.862684965433387e-14
25	1	2.343148364335901e+00	3.050851079238743e-01	-1.338392347792567e-01
25	2	2.016931510769080e+00	2.218800784900888e-01	-4.415994324900951e-01
25	3	1.907786888298027e+00	5.290047592607663e-01	-1.656736726981607e-14
25	4	1.847842978990193e+00	4.849210293223691e-01	-9.678334987206404e-02
25	5	1.656264281974613e+00	3.526698395071757e-01	-3.336514577864639e-01
25	6	1.199999999999998e+00	5.999999999999973e-01	-6.045305467257391e-16
25	7	1.198984780220129e+00	5.499999999999966e-01	-4.823953135910188e-02
25	8	1.183784282049668e+00	3.999999999999990e-01	-1.922378360100963e-01
25	9	2.448075441506750e+00	3.328201177351362e-01	-2.862684965433387e-14
25	10	2.395155799977529e+00	3.189526128295055e-01	-1.377301303892639e-01
25	11	2.225218317948936e+00	2.773500981126129e-01	-5.039398316100966e-01
25	12	1.907786888298026e+00	5.290047592607648e-01	-1.659504052927290e-14
25	13	1.877336533479740e+00	5.069628942915657e-01	-9.898988707719833e-02
25	14	1.774384281955850e+00	4.408372993839704e-01	-3.690048632305562e-01
25	15	1.199999999999998e+00	5.999999999999954e-01	-6.358587404368089e-16
25	16	1.198984780220129e+00	5.749999999999956e-01	-4.823953135910174e-02
25	17	1.183784282049669e+00	4.999999999999957e-01	-1.922378360100962e-01
25	18	2.448075441506750e+00	3.328201177351362e-01	-2.862684965433387e-14
25	19	2.447163235619154e+00	3.328201177351362e-01	-1.416210259992711e-01
25	20	2.433505125128794e+00	3.328201177351362e-01	-5.662802307300985e-01
25	21	1.907786888298026e+00	5.290047592607646e-01	-1.655130251480202e-14
25	22	1.906830087969288e+00	5.290047592607642e-01	-1.011964242823332e-01
25	23	1.892504281937088e+00	5.290047592607645e-01	-4.043582686746487e-01
25	24	1.199999999999998e+00	5.999999999999950e-01	-6.367104256086887e-16
25	25	1.198984780220129e+00	5.999999999999949e-01	-4.823953135910187e-02
25	26	1.183784282049669e+00	5.999999999999950e-01	-1.922378360100962e-01
26	0	2.448075441506750e+00	3.328201177351362e-01	-2.862684965433387e-14
26	1	2.447163235619154e+00	3.328201177351362e-01	-1.416210259992711e-01
26	2	2.433505125128794e+00	3.328201177351362e-01	-5.662802307300985e-01
26	3	1.907786888298026e+00	5.290047592607646e-01	-1.655130251480202e-14
26	4	1.906830087969288e+00	5.290047592607642e-01	-1.011964242823332e-01
26	5	1.892504281937088e+00	5.290047592607645e-01	-4.043582686746487e-01
26	6	1.199999999999998e+00	5.999999999999950e-01	-6.367104256086887e-16
26	7	1.198984780220129e+00	5.999999999999949e-01	-4.823953135910187e-02
26	8	1.183784282049669e+00	5.999999999999950e-01	-1.922378360100962e-01
26	9	2.448075441506750e+00	3.328201177351362e-01	-2.862684965433387e-14
26	10	2.499170671260779e+00	3.466876226407667e-01	-1.455119216092781e-01
26	11	2.641791932308640e+00	3.882901373576584e-01	-6.286206298500968e-01
26	12	1.907786888298026e+00	5.290047592607647e-01	-1.654733419053596e-14
26	13	1.936323642458837e+00	5.510466242299628e-01	-1.034029614874672e-01
26	14	2.010624281918322e+00	6.171722191375583e-01	-4.397116741187383e-01
26	15	1.199999999999998e+00	5.999999999999950e-01	-6.367104256086887e-16
26	16	1.198984780220129e+00	6.249999999999946e-01	-4.823953135910129e-02
26	17	1.183784282049669e+00	6.999999999999937e-01	-1.922378360100942e-01
26	18	2.448075441506750e+00	3.328201177351362e-01	-2.862684965433387e-14
26	19	2.551178106902404e+00	3.605551275463968e-01	-1.494028172192852e-01
26	20	2.850078739488489e+00	4.437601569801785e-01	-6.909610289700965e-01
26	21	1.907786888298026e+00	5.290047592607647e-01	-1.654733419053596e-14
26	22	1.965817196948383e+00	5.730884891991613e-01	-1.056094986926012e-01
26	23	2.128744281899557e+00	7.053396790143518e-01	-4.750650795628277e-01
26	24	1.199999999999998e+00	5.999999999999950e-01	-6.367104256086887e-16
26	25	1.198984780220129e+00	6.499999999999942e-01	-4.823953135910117e-02
26	26	1.183784282049669e+00	7.999999999999992e-01	-1.922378360100937e-01
27	0	2.448075441506750e+00	3.328201177351362e-01	-2.862684965433387e-14
27	1	2.551178106902404e+00	3.605551275463968e-01	-1.494028172192852e-01
27	2	2.850078739488489e+00	4.437601569801785e-01	-6.909610289700965e-01
27	3	1.907786888298026e+00	5.290047592607647e-01	-1.654733419053596e-14
27	4	1.965817196948383e+00	5.730884891991613e-01	-1.056094986926012e-01
27	5	2.128744281899557e+00	7.053396790143518e-01	-4.750650795628277e-01
27	6	1.199999999999998e+00	5.999999999999950e-01	-6.367104256086887e-16
27	7	1.198984780220129e+00	6.499999999999942e-01	-4.823953135910117e-02
27	8	1.183784282049669e+00	7.999999999999992e-01	-1.922378360100937e-01
27	9	2.448075441506750e+00	3.328201177351362e-01	-2.862684965433387e-14
27	10	2.551855803584748e+00	3.605551275463965e-01	-7.470241566042168e-02
27	11	2.860590320508826e+00	4.437601569801786e-01	-3.454932039532118e-01
27	12	1.907786888298026e+00	5.290047592607645e-01	-1.655399104756027e-14
27	13	1.966531125578836e+00	5.730884891991611e-01	-5.280727277682110e-02
27	14	2.139967827394396e+00	7.053396790143520e-01	-2.376644178181444e-01
27	15	1.199999999999998e+00	5.999999999999950e-01	-6.367104256086887e-16
27	16	1.199746173298336e+00	6.499999999999944e-01	-2.412427559246088e-02
27	17	1.195940512712443e+00	7.999999999999993e-01	-9.640693502633080e-02
27	18	2.448075441506750e+00	3.328201177351362e-01	-2.862684965433387e-14
27	19	2.552081728298975e+00	3.605551275463969e-01	-3.088490662307232e-14
27	20	2.864100588675656e+00	4.437601569801788e-01	-3.787787822301467e-14
27	21	1.907786888298026e+00	5.290047592607647e-01	-1.654733419053596e-14
27	22	1.966769128989527e+00	5.730884891991613e-01	-1.797236276504518e-14
27	23	2.143715851064031e+00	7.053396790143517e-01	-2.192609760232971e-14
27	24	1.199999999999998e+00	5.999999999999950e-01	-6.367104256086887e-16
27	25	1.199999999999998e+00	6.499999999999946e-01	-6.286694394021214e-16
27	26	1.199999999999998e+00	7.999999999999995e-01	-6.094761289490208e-16
28	0	2.448075441506750e+00	3.328201177351362e-01	-2.862684965433387e-14
28	1	2.552081728298975e+00	3.605551275463969e-01	-3.088490662307232e-14
28	2	2.864100588675656e+00	4.437601569801788e-01	-3.787787822301467e-14
28	3	1.907786888298026e+00	5.290047592607647e-01	-1.654733419053596e-14
28	4	1.966769128989527e+00	5.730884891991613e-01	-1.797236276504518e-14
28	5	2.143715851064031e+00	7.053396790143517e-01	-2.192609760232971e-14
28	6	1.199999999999998e+00	5.999999999999950e-01	-6.367104256086887e-16
28	7	1.199999999999998e+00	6.499999999999946e-01	-6.286694394021214e-16
28	8	1.199999999999998e+00	7.999999999999995e-01	-6.094761289490208e-16
28	9	2.448075441506750e+00	3.328201177351362e-01	-2.862684965433387e-14
28	10	2.551855803584749e+00	3.605551275463966e-01	7.470241566037528e-02
28	11	2.860590320508826e+00	4.437601569801786e-01	3.454932039531587e-01
28	12	1.907786888298026e+00	5.290047592607645e-01	-1.655399104756027e-14
28	13	1.966531125578835e+00	5.730884891991613e-01	5.280727277678877e-02
28	14	2.139967827394396e+00	7.053396790143521e-01	2.376644178181098e-01
28	15	1.199999999999998e+00	5.999999999999950e-01	-6.367104256086887e-16
28	16	1.199746173298336e+00	6.499999999999946e-01	2.412427559245976e-02
28	17	1.195940512712443e+00	7.999999999999994e-01	9.640693502633141e-02
28	18	2.448075441506750e+00	3.328201177351362e-01	-2.862684965433387e-14
28	19	2.551178106902404e+00	3.605551275463969e-01	1.494028172192379e-01
28	20	2.850078739488488e+00	4.437601569801785e-01	6.909610289700402e-01
28	21	1.907786888298026e+00	5.290047592607647e-01	-1.654733419053596e-14
28	22	1.965817196948384e+00	5.730884891991614e-01	1.056094986925693e-01
28	23	2.128744281899555e+00	7.053396790143518e-01	4.750650795627928e-01
28	24	1.199999999999998e+00	5.999999999999950e-01	-6.367104256086887e-16
28	25	1.198984780220129e+00	6.499999999999942e-01	4.823953135910020e-02
28	26	1.183784282049668e+00	7.999999999999996e-01	1.922378360100949e-01
29	0	2.448075441506750e+00	3.328201177351362e-01	-2.862684965433387e-14
29	1	2.551178106902404e+00	3.605551275463969e-01	1.494028172192379e-01
29	2	2.850078739488488e+00	4.437601569801785e-01	6.909610289700402e-01
29	3	1.907786888298026e+00	5.290047592607647e-01	-1.654733419053596e-14
29	4	1.965817196948384e+00	5.730884891991614e-01	1.056094986925693e-01
29	5	2.128744281899555e+00	7.053396790143518e-01	4.750650795627928e-01
29	6	1.199999999999998e+00	5.999999999999950e-01	-6.367104256086887e-16
29	7	1.198984780220129e+00	6.499999999999942e-01	4.823953135910020e-02
29	8	1.183784282049668e+00	7.999999999999996e-01	1.922378360100949e-01
29	9	2.448075441506750e+00	3.328201177351362e-01	-2.862684965433387e-14
29	10	2.499170671260779e+00	3.466876226407665e-01	1.455119216092328e-01
29	11	2.641791932308637e+00	3.882901373576579e-01	6.286206298500479e-01
29	12	1.907786888298026e+00	5.290047592607645e-01	-1.655399104756027e-14
29	13	1.936323642458835e+00	5.510466242299629e-01	1.034029614874353e-01
29	14	2.010624281918322e+00	6.171722191375580e-01	4.397116741187059e-01
29	15	1.199999999999998e+00	5.999999999999950e-01	-6.367104256086887e-16
29	16	1.198984780220129e+00	6.249999999999943e-01	4.823953135909992e-02
29	17	1.183784282049669e+00	6.999999999999938e-01	1.922378360100949e-01
29	18	2.448075441506750e+00	3.328201177351362e-01	-2.862684965433387e-14
29	19	2.447163235619156e+00	3.328201177351364e-01	1.416210259992278e-01
29	20	2.433505125128793e+00	3.328201177351361e-01	5.662802307300575e-01
29	21	1.907786888298026e+00	5.290047592607647e-01	-1.654733419053596e-14
29	22	1.906830087969288e+00	5.290047592607645e-01	1.011964242823025e-01
29	23	1.892504281937086e+00	5.290047592607646e-01	4.043582686746193e-01
29	24	1.199999999999998e+00	5.999999999999950e-01	-6.367104256086887e-16
29	25	1.198984780220129e+00	5.999999999999950e-01	4.823953135910020e-02
29	26	1.183784282049668e+00	5.999999999999950e-01	1.922378360100949e-01
30	0	2.448075441506750e+00	3.328201177351362e-01	-2.862684965433387e-14
30	1	2.447163235619156e+00	3.328201177351364e-01	1.416210259992278e-01
30	2	2.433505125128793e+00	3.328201177351361e-01	5.662802307300575e-01
30	3	1.907786888298026e+00	5.290047592607647e-01	-1.654733419053596e-14
30	4	1.906830087969288e+00	5.290047592607645e-01	1.011964242823025e-01
30	5	1.892504281937086e+00	5.290047592607646e-01	4.043582686746193e-01
30	6	1.199999999999998e+00	5.999999999999950e-01	-6.367104256086887e-16
30	7	1.198984780220129e+00	5.999999999999950e-01	4.823953135910020e-02
30	8	1.183784282049668e+00	5.999999999999950e-01	1.922378360100949e-01
30	9	2.448075441506750e+00	3.328201177351362e-01	-2.862684965433387e-14
30	10	2.395155799977529e+00	3.189526128295056e-01	1.377301303892227e-01
30	11	2.225218317948935e+00	2.773500981126129e-01	5.039398316100628e-01
30	12	1.907786888298026e+00	5.290047592607646e-01	-1.660114321651380e-14
30	13	1.877336533479740e+00	5.069628942915648e-01	9.898988707716863e-02
30	14	1.774384281955849e+00	4.408372993839703e-01	3.690048632305318e-01
30	15	1.199999999999998e+00	5.999999999999950e-01	-6.367104256086887e-16
30	16	1.198984780220129e+00	5.749999999999951e-01	4.823953135909991e-02
30	17	1.183784282049669e+00	4.999999999999957e-01	1.922378360100948e-01
30	18	2.448075441506750e+00	3.328201177351362e-01	-2.862684965433387e-14
30	19	2.343148364335901e+00	3.050851079238743e-01	1.338392347792173e-01
30	20	2.016931510769078e+00	2.218800784900888e-01	4.415994324900688e-01
30	21	1.907786888298026e+00	5.290047592607646e-01	-1.655130251480202e-14
30	22	1.847842978990193e+00	4.849210293223674e-01	9.678334987203585e-02
30	23	1.656264281974613e+00	3.526698395071758e-01	3.336514577864445e-01
30	24	1.199999999999998e+00	5.999999999999950e-01	-6.367104256086887e-16
30	25	1.198984780220129e+00	5.499999999999949e-01	4.823953135910020e-02
30	26	1.183784282049668e+00	3.999999999999990e-01	1.922378360100949e-01
31	0	2.448075441506750e+00	3.328201177351362e-01	-2.862684965433387e-14
31	1	2.343148364335901e+00	3.050851079238743e-01	1.338392347792173e-01
31	2	2.016931510769078e+00	2.218800784900888e-01	4.415994324900688e-01
31	3	1.907786888298026e+00	5.290047592607646e-01	-1.655130251480202e-14
31	4	1.847842978990193e+00	4.849210293223674e-01	9.678334987203585e-02
31	5	1.656264281974613e+00	3.526698395071758e-01	3.336514577864445e-01
31	6	1.199999999999998e+00	5.999999999999950e-01	-6.367104256086887e-16
31	7	1.198984780220129e+00	5.499999999999949e-01	4.823953135910020e-02
31	8	1.183784282049668e+00	3.999999999999990e-01	1.922378360100949e-01
31	9	2.448075441506750e+00	3.328201177351362e-01	-2.862684965433387e-14
31	10	2.343838937386841e+00	3.050851079238744e-01	6.692116334223404e-02
31	11	2.028265416610635e+00	2.218800784900889e-01	2.209500694897431e-01
31	12	1.907786888298026e+00	5.290047592607646e-01	-1.657992545215563e-14
31	13	1.848564209843375e+00	4.849210293223672e-01	4.839450397919922e-02
31	14	1.667954170053420e+00	3.526698395071755e-01	1.670356764222199e-01
31	15	1.199999999999998e+00	5.999999999999950e-01	-6.367104256086887e-16
31	16	1.199746173298336e+00	5.499999999999949e-01	2.412427559245980e-02
31	17	1.195940512712443e+00	3.999999999999990e-01	9.640693502633142e-02
31	18	2.448075441506750e+00	3.328201177351362e-01	-2.862684965433387e-14
31	19	2.344069154714519e+00	3.050851079238745e-01	-2.628209073015921e-14
31	20	2.032050294337825e+00	2.218800784900889e-01	-1.928194951347291e-14
31	21	1.907786888298026e+00	5.290047592607647e-01	-1.654733419053596e-14
31	22	1.848804647606523e+00	4.849210293223672e-01	-1.521227868016543e-14
31	23	1.671857925532014e+00	3.526698395071758e-01	-1.123091173004192e-14
31	24	1.199999999999998e+00	5.999999999999950e-01	-6.367104256086887e-16
31	25	1.199999999999998e+00	5.499999999999948e-01	-6.086232559650430e-16
31	26	1.199999999999998e+00	3.999999999999991e-01	-6.106757603002228e-16
32	0	1.199999999999998e+00	1.679999999999994e-01	-5.713914275128054e-16
32	1	1.199999999999998e+00	8.399999999999953e-02	-5.914936254822689e-16
32	2	1.199999999999999e+00	-5.093444740833126e-16	-6.032268400160786e-16
32	3	1.445999999999998e+00	1.679999999999993e-01	-6.203197491227644e-15
32	4	1.445999999999998e+00	8.399999999999958e-02	-6.158550207409998e-15
32	5	1.445999999999998e+00	-5.134943988995537e-16	-6.113233316187848e-15
32	6	1.691999999999997e+00	1.679999999999993e-01	-1.160859201082236e-14
32	7	1.691999999999997e+00	8.399999999999952e-02	-1.159084846158431e-14
32	8	1.691999999999997e+00	-5.372520961514373e-16	-1.160413199534751e-14
32	9	1.195940512712443e+00	1.679999999999993e-01	9.640693502633144e-02
32	10	1.195940512712443e+00	8.399999999999902e-02	9.640693502633149e-02
32	11	1.195940512712443e+00	-5.231391042537669e-16	9.640693502633144e-02
32	12	1.442021702458193e+00	1.679999999999993e-01	1.332287609261479e-01
32	13	1.442021702458193e+00	8.399999999999926e-02	1.332287609261475e-01
32	14	1.442021702458193e+00	-5.342801681839996e-16	1.332287609261479e-01
32	15	1.688102892203944e+00	1.679999999999993e-01	1.700505868259643e-01
32	16	1.688102892203944e+00	8.399999999999905e-02	1.700505868259643e-01
32	17	1.688102892203944e+00	-5.358513776473357e-16	1.700505868259644e-01
32	18	1.183784282049668e+00	1.679999999999993e-01	1.922378360100949e-01
32	19	1.183784282049668e+00	8.399999999999766e-02	1.922378360100949e-01
32	20	1.183784282049669e+00	-5.354905492289901e-16	1.922378360100950e-01
32	21	1.430108596408675e+00	1.679999999999994e-01	2.659628898337830e-01
32	22	1.430108596408674e+00	8.399999999999767e-02	2.659628898337831e-01
32	23	1.430108596408675e+00	-5.305518474761236e-16	2.659628898337831e-01
32	24	1.676432910767680e+00	1.679999999999993e-01	3.396879436574713e-01
32	25	1.676432910767681e+00	8.399999999999765e-02	3.396879436574715e-01
32	26	1.676432910767681e+00	-5.292262633520751e-16	3.396879436574715e-01
33	0	1.199999999999999e+00	-5.093444740833126e-16	-6.032268400160786e-16
33	1	1.199999999999998e+00	-8.400000000000057e-02	-6.038203370597792e-16
33	2	1.199999999999998e+00	-1.680000000000006e-01	-6.188709372410429e-16
33	3	1.445999999999998e+00	-5.134943988995537e-16	-6.113233316187848e-15
33	4	1.445999999999998e+00	-8.400000000000073e-02	-6.129597753292144e-15
33	5	1.445999999999998e+00	-1.680000000000007e-01	-6.204194648604731e-15
33	6	1.691999999999997e+00	-5.372520961514373e-16	-1.160413199534751e-14
33	7	1.691999999999997e+00	-8.400000000000057e-02	-1.166866223720279e-14
33	8	1.691999999999997e+00	-1.680000000000006e-01	-1.164568977147485e-14
33	9	1.195940512712443e+00	-5.231391042537669e-16	9.640693502633144e-02
33	10	1.195940512712443e+00	-8.400000000000138e-02	9.640693502633148e-02
33	11	1.195940512712443e+00	-1.680000000000013e-01	9.640693502633144e-02
33	12	1.442021702458193e+00	-5.342801681839996e-16	1.332287609261479e-01
33	13	1.442021702458193e+00	-8.400000000000134e-02	1.332287609261475e-01
33	14	1.442021702458193e+00	-1.680000000000011e-01	1.332287609261479e-01
33	15	1.688102892203944e+00	-5.358513776473357e-16	1.700505868259644e-01
33	16	1.688102892203944e+00	-8.400000000000141e-02	1.700505868259644e-01
33	17	1.688102892203944e+00	-1.680000000000013e-01	1.700505868259644e-01
33	18	1.183784282049669e+00	-5.354905492289901e-16	1.922378360100950e-01
33	19	1.183784282049668e+00	-8.400000000000311e-02	1.922378360100949e-01
33	20	1.183784282049669e+00	-1.680000000000030e-01	1.922378360100949e-01
33	21	1.430108596408675e+00	-5.305518474761236e-16	2.659628898337831e-01
33	22	1.430108596408675e+00	-8.400000000000300e-02	2.659628898337831e-01
33	23	1.430108596408675e+00	-1.680000000000031e-01	2.659628898337832e-01
33	24	1.676432910767681e+00	-5.292262633520751e-16	3.396879436574715e-01
33	25	1.676432910767681e+00	-8.400000000000314e-02	3.396879436574713e-01
33	26	1.676432910767679e+00	-1.680000000000030e-01	3.396879436574712e-01
34	0	1.199999999999998e+00	-1.680000000000006e-01	-6.188709372410429e-16
34	1	1.199999999999999e+00	-2.840000000000005e-01	-6.003544403649325e-16
34	2	1.199999999999999e+00	-4.000000000000004e-01	-6.594295716016035e-16
34	3	1.445999999999998e+00	-1.680000000000007e-01	-6.204194648604731e-15
34	4	1.555486540046121e+00	-2.575202669150846e-01	-8.578575956003614e-15
34	5	1.671857925532018e+00	-3.526698395071787e-01	-1.123793801199102e-14
34	6	1.691999999999997e+00	-1.680000000000006e-01	-1.164568977147485e-14
34	7	1.862025147168916e+00	-1.949400392450461e-01	-1.540652876678422e-14
34	8	2.032050294337831e+00	-2.218800784900926e-01	-1.933257548135896e-14
34	9	1.195940512712443e+00	-1.680000000000013e-01	9.640693502633144e-02
34	10	1.195940512712443e+00	-2.840000000000015e-01	9.640693502633112e-02
34	11	1.195940512712444e+00	-4.000000000000005e-01	9.640693502632998e-02
34	12	1.442021702458193e+00	-1.680000000000011e-01	1.332287609261479e-01
34	13	1.551544377400047e+00	-2.575202669150856e-01	1.496169492023742e-01
34	14	1.667954170053425e+00	-3.526698395071785e-01	1.670356764222188e-01
34	15	1.688102892203944e+00	-1.680000000000013e-01	1.700505868259644e-01
34	16	1.858184154407292e+00	-1.949400392450470e-01	1.955003281578529e-01
34	17	2.028265416610640e+00	-2.218800784900926e-01	2.209500694897412e-01
34	18	1.183784282049669e+00	-1.680000000000030e-01	1.922378360100949e-01
34	19	1.183784282049669e+00	-2.840000000000023e-01	1.922378360100949e-01
34	20	1.183784282049669e+00	-4.000000000000006e-01	1.922378360100949e-01
34	21	1.430108596408675e+00	-1.680000000000031e-01	2.659628898337832e-01
34	22	1.539739478150144e+00	-2.575202669150864e-01	2.987754957600836e-01
34	23	1.656264281974621e+00	-3.526698395071786e-01	3.336514577864452e-01
34	24	1.676432910767679e+00	-1.680000000000030e-01	3.396879436574712e-01
34	25	1.846682210768383e+00	-1.949400392450479e-01	3.906436880737684e-01
34	26	2.016931510769084e+00	-2.218800784900926e-01	4.415994324900644e-01
35	0	1.691999999999997e+00	-1.680000000000006e-01	-1.164568977147485e-14
35	1	1.862025147168916e+00	-1.949400392450461e-01	-1.540652876678422e-14
35	2	2.032050294337831e+00	-2.218800784900926e-01	-1.933257548135896e-14
35	3	1.691999999999997e+00	-8.400000000000057e-02	-1.166866223720279e-14
35	4	1.922024444852989e+00	-9.978380489441328e-02	-1.687178770778709e-14
35	5	2.157092026489041e+00	-1.159136594753732e-01	-2.201739059125289e-14
35	6	1.691999999999997e+00	-5.372520961514373e-16	-1.160413199534751e-14
35	7	1.945999999999992e+00	-5.243255391099497e-16	-1.737588702816932e-14
35	8	2.199999999999985e+00	-5.385260774412762e-16	-2.299437511074313e-14
35	9	1.688102892203944e+00	-1.680000000000013e-01	1.700505868259644e-01
35	10	1.858184154407292e+00	-1.949400392450470e-01	1.955003281578529e-01
35	11	2.028265416610640e+00	-2.218800784900926e-01	2.209500694897412e-01
35	12	1.688102892203944e+00	-8.400000000000128e-02	1.700505868259644e-01
35	13	1.918203254236586e+00	-9.978380489441349e-02	2.044811561799420e-01
35	14	2.153348417487220e+00	-1.159136594753733e-01	2.396665934388597e-01
35	15	1.688102892203944e+00	-5.358513776473357e-16	1.700505868259644e-01
35	16	1.942186722266624e+00	-5.426040419994437e-16	2.080698704786195e-01
35	17	2.196270552329304e+00	-5.414287196346656e-16	2.460891541312748e-01
35	18	1.676432910767679e+00	-1.680000000000030e-01	3.396879436574712e-01
35	19	1.846682210768383e+00	-1.949400392450479e-01	3.906436880737684e-01
35	20	2.016931510769084e+00	-2.218800784900926e-01	4.415994324900644e-01
35	21	1.676432910767681e+00	-8.400000000000299e-02	3.396879436574713e-01
35	22	1.906760608589730e+00	-9.978380489441455e-02	4.086251980377586e-01
35	23	2.142138091819526e+00	-1.159136594753742e-01	4.790738570146782e-01
35	24	1.676432910767681e+00	-5.292262633520751e-16	3.396879436574715e-01
35	25	1.930767771935104e+00	-5.486047515742058e-16	4.158105602071318e-01
35	26	2.185102633102529e+00	-5.430380425776193e-16	4.919331767567923e-01
36	0	1.691999999999997e+00	-5.372520961514373e-16	-1.160413199534751e-14
36	1	1.945999999999992e+00	-5.243255391099497e-16	-1.737588702816932e-14
36	2	2.199999999999985e+00	-5.385260774412762e-16	-2.299437511074313e-14
36	3	1.691999999999997e+00	8.399999999999952e-02	-1.159084846158431e-14
36	4	1.922024444852987e+00	9.978380489441133e-02	-1.680075169966073e-14
36	5	2.157092026489039e+00	1.159136594753707e-01	-2.202360677675048e-14
36	6	1.691999999999997e+00	1.679999999999993e-01	-1.160859201082236e-14
36	7	1.862025147168913e+00	1.949400392450443e-01	-1.540604992806900e-14
36	8	2.032050294337825e+00	2.218800784900889e-01	-1.928194951347291e-14
36	9	1.688102892203944e+00	-5.358513776473357e-16	1.700505868259644e-01
36	10	1.942186722266624e+00	-5.426040419994437e-16	2.080698704786195e-01
36	11	2.196270552329304e+00	-5.414287196346656e-16	2.460891541312748e-01
36	12	1.688102892203944e+00	8.399999999999905e-02	1.700505868259643e-01
36	13	1.918203254236585e+00	9.978380489441079e-02	2.044811561799425e-01
36	14	2.153348417487219e+00	1.159136594753710e-01	2.396665934388603e-01
36	15	1.688102892203944e+00	1.679999999999993e-01	1.700505868259643e-01
36	16	1.858184154407291e+00	1.949400392450442e-01	1.955003281578526e-01
36	17	2.028265416610635e+00	2.218800784900889e-01	2.209500694897431e-01
36	18	1.676432910767681e+00	-5.292262633520751e-16	3.396879436574715e-01
36	19	1.930767771935104e+00	-5.486047515742058e-16	4.158105602071318e-01
36	20	2.185102633102529e+00	-5.430380425776193e-16	4.919331767567923e-01
36	21	1.676432910767681e+00	8.399999999999765e-02	3.396879436574715e-01
36	22	1.906760608589729e+00	9.978380489441077e-02	4.086251980377590e-01
36	23	2.142138091819525e+00	1.159136594753706e-01	4.790738570146796e-01
36	24	1.676432910767680e+00	1.679999999999993e-01	3.396879436574713e-01
36	25	1.846682210768381e+00	1.949400392450442e-01	3.906436880737688e-01
36	26	2.016931510769078e+00	2.218800784900888e-01	4.415994324900688e-01
37	0	1.691999999999997e+00	1.679999999999993e-01	-1.160859201082236e-14
37	1	1.862025147168913e+00	1.949400392450443e-01	-1.540604992806900e-14
37	2	2.032050294337825e+00	2.218800784900889e-01	-1.928194951347291e-14
37	3	1.445999999999998e+00	1.679999999999993e-01	-6.203197491227644e-15
37	4	1.555486540046120e+00	2.575202669150829e-01	-8.660298125383800e-15
37	5	1.671857925532014e+00	3.526698395071758e-01	-1.123091173004192e-14
37	6	1.199999999999998e+00	1.679999999999994e-01	-5.713914275128054e-16
37	7	1.199999999999998e+00	2.839999999999977e-01	-5.974659827438030e-16
37	8	1.199999999999998e+00	3.999999999999991e-01	-6.106757603002228e-16
37	9	1.688102892203944e+00	1.679999999999993e-01	1.700505868259643e-01
37	10	1.858184154407291e+00	1.949400392450442e-01	1.955003281578526e-01
37	11	2.028265416610635e+00	2.218800784900889e-01	2.209500694897431e-01
37	12	1.442021702458193e+00	1.679999999999993e-01	1.332287609261479e-01
37	13	1.551544377400046e+00	2.575202669150827e-01	1.496169492023744e-01
37	14	1.667954170053420e+00	3.526698395071756e-01	1.670356764222205e-01
37	15	1.195940512712443e+00	1.679999999999993e-01	9.640693502633144e-02
37	16	1.195940512712443e+00	2.839999999999977e-01	9.640693502633145e-02
37	17	1.195940512712443e+00	3.999999999999990e-01	9.640693502633142e-02
37	18	1.676432910767680e+00	1.679999999999993e-01	3.396879436574713e-01
37	19	1.846682210768381e+00	1.949400392450442e-01	3.906436880737688e-01
37	20	2.016931510769078e+00	2.218800784900888e-01	4.415994324900688e-01
37	21	1.430108596408675e+00	1.679999999999994e-01	2.659628898337830e-01
37	22	1.539739478150140e+00	2.575202669150830e-01	2.987754957600833e-01
37	23	1.656264281974613e+00	3.526698395071758e-01	3.336514577864445e-01
37	24	1.183784282049668e+00	1.679999999999993e-01	1.922378360100949e-01
37	25	1.183784282049668e+00	2.839999999999978e-01	1.922378360100949e-01
37	26	1.183784282049668e+00	3.999999999999990e-01	1.922378360100949e-01
38	0	1.199999999999998e+00	-8.000000000000003e-01	-6.768236355854450e-16
38	1	1.199999999999998e+00	-9.999999999999999e-01	-6.461609985755023e-16
38	2	1.199999999999998e+00	-1.200000000000000e+00	-6.235400849261922e-16
38	3	2.143715851064039e+00	-7.053396790143559e-01	-2.190948860523440e-14
38	4	2.816767708296262e+00	-9.602092248246362e-01	-3.689818281298317e-14
38	5	3.449999999999992e+00	-1.200000000000000e+00	-5.104250958219120e-14
38	6	2.864100588675666e+00	-4.437601569801843e-01	-3.800007221717184e-14
38	7	4.282050294337822e+00	-8.218800784900919e-01	-6.986344750979085e-14
38	8	5.699999999999984e+00	-1.200000000000000e+00	-1.015407977706481e-13
38	9	1.195940512712443e+00	-8.000000000000003e-01	9.640693502632995e-02
38	10	1.195940512712443e+00	-1.000000000000000e+00	9.640693502633084e-02
38	11	1.195940512712443e+00	-1.200000000000000e+00	9.640693502633144e-02
38	12	2.139967827394408e+00	-7.053396790143558e-01	2.376644178181088e-01
38	13	2.813241818403728e+00	-9.602092248246366e-01	3.384083133813333e-01
38	14	3.446683101850405e+00	-1.200000000000000e+00	4.331919280124579e-01
38	15	2.860590320508835e+00	-4.437601569801842e-01	3.454932039531511e-01
38	16	4.279008005748594e+00	-8.218800784900927e-01	5.577350624758666e-01
38	17	5.697425690988362e+00	-1.200000000000000e+00	7.699769209985835e-01
38	18	1.183784282049669e+00	-8.000000000000004e-01	1.922378360100949e-01
38	19	1.183784282049669e+00	-1.000000000000001e+00	1.922378360100948e-01
38	20	1.183784282049668e+00	-1.200000000000000e+00	1.922378360100948e-01
38	21	2.128744281899573e+00	-7.053396790143559e-01	4.750650795627956e-01
38	22	2.802683457756414e+00	-9.602092248246372e-01	6.767755852562064e-01
38	23	3.436750571918626e+00	-1.200000000000000e+00	8.665523526901708e-01
38	24	2.850078739488502e+00	-4.437601569801843e-01	6.909610289700349e-01
38	25	4.269897800638036e+00	-8.218800784900937e-01	1.115913949170140e+00
38	26	5.689716861787579e+00	-1.200000000000000e+00	1.540866869370245e+00
39	0	2.864100588675666e+00	-4.437601569801843e-01	-3.800007221717184e-14
39	1	4.282050294337822e+00	-8.218800784900919e-01	-6.986344750979085e-14
39	2	5.699999999999984e+00	-1.200000000000000e+00	-1.015407977706481e-13
39	3	3.114184052978083e+00	-2.318273189507466e-01	-4.367412119424463e-14
39	4	4.421111427783758e+00	-4.179097646379730e-01	-7.300750804850409e-14
39	5	5.699999999999983e+00	-6.000000000000004e-01	-1.019607425577859e-13
39	6	3.199999999999978e+00	-5.429732996823674e-16	-4.556688033488419e-14
39	7	4.449999999999980e+00	-5.368304310920464e-16	-7.353551774917514e-14
39	8	5.699999999999983e+00	-5.291294168288724e-16	-1.014663682543895e-13
39	9	2.860590320508835e+00	-4.437601569801842e-01	3.454932039531511e-01
39	10	4.279008005748594e+00	-8.218800784900927e-01	5.577350624758666e-01
39	11	5.697425690988362e+00	-1.200000000000000e+00	7.699769209985835e-01
39	12	3.110756322262000e+00	-2.318273189507467e-01	3.829262518513896e-01
39	13	4.418115034877736e+00	-4.179097646379736e-01	5.785500415213021e-01
39	14	5.697425690988362e+00	-6.000000000000008e-01	7.699769209985842e-01
39	15	3.196600591946170e+00	-5.484271099453044e-16	3.957713732362240e-01
39	16	4.447013141467264e+00	-5.539622726218985e-16	5.828741471174029e-01
39	17	5.697425690988362e+00	-5.373621312532819e-16	7.699769209985843e-01
39	18	2.850078739488502e+00	-4.437601569801843e-01	6.909610289700349e-01
39	19	4.269897800638036e+00	-8.218800784900937e-01	1.115913949170140e+00
39	20	5.689716861787579e+00	-1.200000000000000e+00	1.540866869370245e+00
39	21	3.100491901589388e+00	-2.318273189507466e-01	7.659098780192655e-01
39	22	4.409142265475665e+00	-4.179097646379746e-01	1.157589922942842e+00
39	23	5.689716861787581e+00	-6.000000000000024e-01	1.540866869370246e+00
39	24	3.186420984155392e+00	-5.490075701722605e-16	7.916285175035017e-01
39	25	4.438068922971485e+00	-5.632523090047241e-16	1.166247693436872e+00
39	26	5.689716861787579e+00	-5.527219233360929e-16	1.540866869370246e+00
40	0	3.199999999999978e+00	-5.429732996823674e-16	-4.556688033488419e-14
40	1	4.449999999999980e+00	-5.368304310920464e-16	-7.353551774917514e-14
40	2	5.699999999999983e+00	-5.291294168288724e-16	-1.014663682543895e-13
40	3	3.114184052978080e+00	2.318273189507413e-01	-4.360270548590634e-14
40	4	4.421111427783756e+00	4.179097646379715e-01	-7.288168505931617e-14
40	5	5.699999999999983e+00	5.999999999999992e-01	-1.017797958750053e-13
40	6	2.864100588675656e+00	4.437601569801788e-01	-3.787787822301467e-14
40	7	4.282050294337823e+00	8.218800784900901e-01	-6.975170509660008e-14
40	8	5.699999999999984e+00	1.200000000000000e+00	-1.015407977706481e-13
40	9	3.196600591946170e+00	-5.484271099453044e-16	3.957713732362240e-01
40	10	4.447013141467264e+00	-5.539622726218985e-16	5.828741471174029e-01
40	11	5.697425690988362e+00	-5.373621312532819e-16	7.699769209985843e-01
40	12	3.110756322261998e+00	2.318273189507414e-01	3.829262518513952e-01
40	13	4.418115034877739e+00	4.179097646379706e-01	5.785500415213038e-01
40	14	5.697425690988362e+00	5.999999999999989e-01	7.699769209985839e-01
40	15	2.860590320508826e+00	4.437601569801786e-01	3.454932039531587e-01
40	16	4.279008005748600e+00	8.218800784900903e-01	5.577350624758692e-01
40	17	5.697425690988362e+00	1.200000000000000e+00	7.699769209985835e-01
40	18	3.186420984155392e+00	-5.490075701722605e-16	7.916285175035017e-01
40	19	4.438068922971485e+00	-5.632523090047241e-16	1.166247693436872e+00
40	20	5.689716861787579e+00	-5.527219233360929e-16	1.540866869370246e+00
40	21	3.100491901589386e+00	2.318273189507413e-01	7.659098780192717e-01
40	22	4.409142265475665e+00	4.179097646379704e-01	1.157589922942845e+00
40	23	5.689716861787581e+00	5.999999999999973e-01	1.540866869370246e+00
40	24	2.850078739488488e+00	4.437601569801785e-01	6.909610289700402e-01
40	25	4.269897800638038e+00	8.218800784900884e-01	1.115913949170144e+00
40	26	5.689716861787579e+00	1.200000000000000e+00	1.540866869370245e+00
41	0	2.864100588675656e+00	4.437601569801788e-01	-3.787787822301467e-14
41	1	4.282050294337823e+00	8.218800784900901e-01	-6.975170509660008e-14
41	2	5.699999999999984e+00	1.200000000000000e+00	-1.015407977706481e-13
41	3	2.143715851064031e+00	7.053396790143517e-01	-2.192609760232971e-14
41	4	2.816767708296261e+00	9.602092248246353e-01	-3.689265250616222e-14
41	5	3.449999999999992e+00	1.200000000000000e+00	-5.104250958219120e-14
41	6	1.199999999999998e+00	7.999999999999995e-01	-6.094761289490208e-16
41	7	1.199999999999998e+00	9.999999999999989e-01	-6.254993174070049e-16
41	8	1.199999999999998e+00	1.200000000000000e+00	-6.235400849261922e-16
41	9	2.860590320508826e+00	4.437601569801786e-01	3.454932039531587e-01
41	10	4.279008005748600e+00	8.218800784900903e-01	5.577350624758692e-01
41	11	5.697425690988362e+00	1.200000000000000e+00	7.699769209985835e-01
41	12	2.139967827394396e+00	7.053396790143521e-01	2.376644178181098e-01
41	13	2.813241818403725e+00	9.602092248246346e-01	3.384083133813330e-01
41	14	3.446683101850406e+00	1.200000000000000e+00	4.331919280124580e-01
41	15	1.195940512712443e+00	7.999999999999994e-01	9.640693502633141e-02
41	16	1.195940512712443e+00	9.999999999999981e-01	9.640693502633144e-02
41	17	1.195940512712443e+00	1.200000000000000e+00	9.640693502633144e-02
41	18	2.850078739488488e+00	4.437601569801785e-01	6.909610289700402e-01
41	19	4.269897800638038e+00	8.218800784900884e-01	1.115913949170144e+00
41	20	5.689716861787579e+00	1.200000000000000e+00	1.540866869370245e+00
41	21	2.128744281899555e+00	7.053396790143518e-01	4.750650795627928e-01
41	22	2.802683457756411e+00	9.602092248246332e-01	6.767755852562068e-01
41	23	3.436750571918626e+00	1.200000000000000e+00	8.665523526901708e-01
41	24	1.183784282049668e+00	7.999999999999996e-01	1.922378360100949e-01
41	25	1.183784282049669e+00	9.999999999999969e-01	1.922378360100949e-01
41	26	1.183784282049668e+00	1.200000000000000e+00	1.922378360100948e-01
42	0	1.183784282049668e+00	1.679999999999993e-01	1.922378360100949e-01
42	1	1.183784282049668e+00	8.399999999999766e-02	1.922378360100949e-01
42	2	1.183784282049669e+00	-5.354905492289901e-16	1.922378360100950e-01
42	3	1.430108596408675e+00	1.679999999999994e-01	2.659628898337830e-01
42	4	1.430108596408674e+00	8.399999999999767e-02	2.659628898337831e-01
42	5	1.430108596408675e+00	-5.305518474761236e-16	2.659628898337831e-01
42	6	1.676432910767680e+00	1.679999999999993e-01	3.396879436574713e-01
42	7	1.676432910767681e+00	8.399999999999765e-02	3.396879436574715e-01
42	8	1.676432910767681e+00	-5.292262633520751e-16	3.396879436574715e-01
42	9	1.040970870312507e+00	1.679999999999980e-01	5.855594498181887e-01
42	10	1.040970870312508e+00	8.399999999999740e-02	5.855594498181887e-01
42	11	1.040970870312508e+00	-5.443285980605687e-16	5.855594498181887e-01
42	12	1.290151452906256e+00	1.679999999999982e-01	8.213402802774501e-01
42	13	1.290151452906256e+00	8.399999999999737e-02	8.213402802774507e-01
42	14	1.290151452906257e+00	-5.383162788614978e-16	8.213402802774504e-01
42	15	1.539332035500006e+00	1.679999999999980e-01	1.057121110736712e+00
42	16	1.539332035500006e+00	8.399999999999742e-02	1.057121110736712e+00
42	17	1.539332035500006e+00	-5.361294305900430e-16	1.057121110736712e+00
42	18	7.637319097523148e-01	1.679999999999993e-01	9.158330957073245e-01
42	19	7.637319097523148e-01	8.399999999999767e-02	9.158330957073247e-01
42	20	7.637319097523150e-01	-4.677839675517515e-16	9.158330957073249e-01
42	21	1.018457271557268e+00	1.679999999999994e-01	1.322579301578627e+00
42	22	1.018457271557268e+00	8.399999999999772e-02	1.322579301578627e+00
42	23	1.018457271557269e+00	-4.842067495747964e-16	1.322579301578627e+00
42	24	1.273182633362222e+00	1.679999999999993e-01	1.729325507449929e+00
42	25	1.273182633362222e+00	8.399999999999765e-02	1.729325507449929e+00
42	26	1.273182633362221e+00	-4.782573839352144e-16	1.729325507449929e+00
43	0	1.183784282049669e+00	-5.354905492289901e-16	1.922378360100950e-01
43	1	1.183784282049668e+00	-8.400000000000311e-02	1.922378360100949e-01
43	2	1.183784282049669e+00	-1.680000000000030e-01	1.922378360100949e-01
43	3	1.430108596408675e+00	-5.305518474761236e-16	2.659628898337831e-01
43	4	1.430108596408675e+00	-8.400000000000300e-02	2.659628898337831e-01
43	5	1.430108596408675e+00	-1.680000000000031e-01	2.659628898337832e-01
43	6	1.676432910767681e+00	-5.292262633520751e-16	3.396879436574715e-01
43	7	1.676432910767681e+00	-8.400000000000314e-02	3.396879436574713e-01
43	8	1.676432910767679e+00	-1.680000000000030e-01	3.396879436574712e-01
43	9	1.040970870312508e+00	-5.443285980605687e-16	5.855594498181887e-01
43	10	1.040970870312508e+00	-8.400000000000296e-02	5.855594498181886e-01
43	11	1.040970870312508e+00	-1.680000000000031e-01	5.855594498181889e-01
43	12	1.290151452906257e+00	-5.383162788614978e-16	8.213402802774504e-01
43	13	1.290151452906257e+00	-8.400000000000271e-02	8.213402802774508e-01
43	14	1.290151452906257e+00	-1.680000000000032e-01	8.213402802774507e-01
43	15	1.539332035500006e+00	-5.361294305900430e-16	1.057121110736712e+00
43	16	1.539332035500006e+00	-8.400000000000296e-02	1.057121110736712e+00
43	17	1.539332035500006e+00	-1.680000000000031e-01	1.057121110736712e+00
43	18	7.637319097523150e-01	-4.677839675517515e-16	9.158330957073249e-01
43	19	7.637319097523150e-01	-8.400000000000306e-02	9.158330957073249e-01
43	20	7.637319097523150e-01	-1.680000000000030e-01	9.158330957073251e-01
43	21	1.018457271557269e+00	-4.842067495747964e-16	1.322579301578627e+00
43	22	1.018457271557268e+00	-8.400000000000289e-02	1.322579301578626e+00
43	23	1.018457271557269e+00	-1.680000000000030e-01	1.322579301578628e+00
43	24	1.273182633362221e+00	-4.782573839352144e-16	1.729325507449929e+00
43	25	1.273182633362222e+00	-8.400000000000306e-02	1.729325507449929e+00
43	26	1.273182633362222e+00	-1.680000000000029e-01	1.729325507449929e+00
44	0	1.183784282049669e+00	-1.680000000000030e-01	1.922378360100949e-01
44	1	1.183784282049669e+00	-2.840000000000023e-01	1.922378360100949e-01
44	2	1.183784282049669e+00	-4.000000000000006e-01	1.922378360100949e-01
44	3	1.430108596408675e+00	-1.680000000000031e-01	2.659628898337832e-01
44	4	1.539739478150144e+00	-2.575202669150864e-01	2.987754957600836e-01
44	5	1.656264281974621e+00	-3.526698395071786e-01	3.336514577864452e-01
44	6	1.676432910767679e+00	-1.680000000000030e-01	3.396879436574712e-01
44	7	1.846682210768383e+00	-1.949400392450479e-01	3.906436880737684e-01
44	8	2.016931510769084e+00	-2.218800784900926e-01	4.415994324900644e-01
44	9	1.040970870312508e+00	-1.680000000000031e-01	5.855594498181889e-01
44	10	1.040970870312508e+00	-2.840000000000024e-01	5.855594498181887e-01
44	11	1.040970870312507e+00	-4.000000000000005e-01	5.855594498181887e-01
44	12	1.290151452906257e+00	-1.680000000000032e-01	8.213402802774507e-01
44	13	1.401053566056123e+00	-2.575202669150866e-01	9.262786027822729e-01
44	14	1.518929540172457e+00	-3.526698395071786e-01	1.037815765024387e+00
44	15	1.539332035500006e+00	-1.680000000000031e-01	1.057121110736712e+00
44	16	1.711555471382686e+00	-1.949400392450480e-01	1.220083185527143e+00
44	17	1.883778907265365e+00	-2.218800784900926e-01	1.383045260317572e+00
44	18	7.637319097523150e-01	-1.680000000000030e-01	9.158330957073251e-01
44	19	7.637319097523150e-01	-2.840000000000022e-01	9.158330957073250e-01
44	20	7.637319097523150e-01	-4.000000000000005e-01	9.158330957073249e-01
44	21	1.018457271557269e+00	-1.680000000000030e-01	1.322579301578628e+00
44	22	1.131827184264674e+00	-2.575202669150863e-01	1.503608711162926e+00
44	23	1.252326140653451e+00	-3.526698395071785e-01	1.696021798636000e+00
44	24	1.273182633362222e+00	-1.680000000000029e-01	1.729325507449929e+00
44	25	1.449238394047358e+00	-1.949400392450478e-01	2.010451863196546e+00
44	26	1.625294154732493e+00	-2.218800784900926e-01	2.291578218943162e+00
45	0	1.676432910767679e+00	-1.680000000000030e-01	3.396879436574712e-01
45	1	1.846682210768383e+00	-1.949400392450479e-01	3.906436880737684e-01
45	2	2.016931510769084e+00	-2.218800784900926e-01	4.415994324900644e-01
45	3	1.676432910767681e+00	-8.400000000000299e-02	3.396879436574713e-01
45	4	1.906760608589730e+00	-9.978380489441455e-02	4.086251980377586e-01
45	5	2.142138091819526e+00	-1.159136594753742e-01	4.790738570146782e-01
45	6	1.676432910767681e+00	-5.292262633520751e-16	3.396879436574715e-01
45	7	1.930767771935104e+00	-5.486047515742058e-16	4.158105602071318e-01
45	8	2.185102633102529e+00	-5.430380425776193e-16	4.919331767567923e-01
45	9	1.539332035500006e+00	-1.680000000000031e-01	1.057121110736712e+00
45	10	1.711555471382686e+00	-1.949400392450480e-01	1.220083185527143e+00
45	11	1.883778907265365e+00	-2.218800784900926e-01	1.383045260317572e+00
45	12	1.539332035500006e+00	-8.400000000000311e-02	1.057121110736712e+00
45	13	1.772330511838511e+00	-9.978380489441438e-02	1.277590032010571e+00
45	14	2.010437328671746e+00	-1.159136594753743e-01	1.502892591409752e+00
45	15	1.539332035500006e+00	-5.361294305900430e-16	1.057121110736712e+00
45	16	1.796616051674035e+00	-5.523033936216788e-16	1.300569610479197e+00
45	17	2.053900067848065e+00	-5.658750024450573e-16	1.544018110221682e+00
45	18	1.273182633362222e+00	-1.680000000000029e-01	1.729325507449929e+00
45	19	1.449238394047358e+00	-1.949400392450478e-01	2.010451863196546e+00
45	20	1.625294154732493e+00	-2.218800784900926e-01	2.291578218943162e+00
45	21	1.273182633362222e+00	-8.400000000000295e-02	1.729325507449929e+00
45	22	1.511365803846621e+00	-9.978380489441444e-02	2.109657093635325e+00
45	23	1.754770985882633e+00	-1.159136594753741e-01	2.498327203203645e+00
45	24	1.273182633362221e+00	-4.782573839352144e-16	1.729325507449929e+00
45	25	1.536191746770583e+00	-4.671823721294718e-16	2.149299232211348e+00
45	26	1.799200860178945e+00	-4.980198088277621e-16	2.569272956972766e+00
46	0	1.676432910767681e+00	-5.292262633520751e-16	3.396879436574715e-01
46	1	1.930767771935104e+00	-5.486047515742058e-16	4.158105602071318e-01
46	2	2.185102633102529e+00	-5.430380425776193e-16	4.919331767567923e-01
46	3	1.676432910767681e+00	8.399999999999765e-02	3.396879436574715e-01
46	4	1.906760608589729e+00	9.978380489441077e-02	4.086251980377590e-01
46	5	2.142138091819525e+00	1.159136594753706e-01	4.790738570146796e-01
46	6	1.676432910767680e+00	1.679999999999993e-01	3.396879436574713e-01
46	7	1.846682210768381e+00	1.949400392450442e-01	3.906436880737688e-01
46	8	2.016931510769078e+00	2.218800784900888e-01	4.415994324900688e-01
46	9	1.539332035500006e+00	-5.361294305900430e-16	1.057121110736712e+00
46	10	1.796616051674035e+00	-5.523033936216788e-16	1.300569610479197e+00
46	11	2.053900067848065e+00	-5.658750024450573e-16	1.544018110221682e+00
46	12	1.539332035500006e+00	8.399999999999742e-02	1.057121110736712e+00
46	13	1.772330511838511e+00	9.978380489441026e-02	1.277590032010570e+00
46	14	2.010437328671744e+00	1.159136594753709e-01	1.502892591409752e+00
46	15	1.539332035500006e+00	1.679999999999980e-01	1.057121110736712e+00
46	16	1.711555471382686e+00	1.949400392450440e-01	1.220083185527142e+00
46	17	1.883778907265364e+00	2.218800784900889e-01	1.383045260317572e+00
46	18	1.273182633362221e+00	-4.782573839352144e-16	1.729325507449929e+00
46	19	1.536191746770583e+00	-4.671823721294718e-16	2.149299232211348e+00
46	20	1.799200860178945e+00	-4.980198088277621e-16	2.569272956972766e+00
46	21	1.273182633362222e+00	8.399999999999765e-02	1.729325507449929e+00
46	22	1.511365803846619e+00	9.978380489441079e-02	2.109657093635323e+00
46	23	1.754770985882632e+00	1.159136594753707e-01	2.498327203203643e+00
46	24	1.273182633362222e+00	1.679999999999993e-01	1.729325507449929e+00
46	25	1.449238394047357e+00	1.949400392450443e-01	2.010451863196546e+00
46	26	1.625294154732494e+00	2.218800784900889e-01	2.291578218943163e+00
47	0	1.676432910767680e+00	1.679999999999993e-01	3.396879436574713e-01
47	1	1.846682210768381e+00	1.949400392450442e-01	3.906436880737688e-01
47	2	2.016931510769078e+00	2.218800784900888e-01	4.415994324900688e-01
47	3	1.430108596408675e+00	1.679999999999994e-01	2.659628898337830e-01
47	4	1.539739478150140e+00	2.575202669150830e-01	2.987754957600833e-01
47	5	1.656264281974613e+00	3.526698395071758e-01	3.336514577864445e-01
47	6	1.183784282049668e+00	1.679999999999993e-01	1.922378360100949e-01
47	7	1.183784282049668e+00	2.839999999999978e-01	1.922378360100949e-01
47	8	1.183784282049668e+00	3.999999999999990e-01	1.922378360100949e-01
47	9	1.539332035500006e+00	1.679999999999980e-01	1.057121110736712e+00
47	10	1.711555471382686e+00	1.949400392450440e-01	1.220083185527142e+00
47	11	1.883778907265364e+00	2.218800784900889e-01	1.383045260317572e+00
47	12	1.290151452906256e+00	1.679999999999982e-01	8.213402802774501e-01
47	13	1.401053566056122e+00	2.575202669150825e-01	9.262786027822720e-01
47	14	1.518929540172454e+00	3.526698395071765e-01	1.037815765024385e+00
47	15	1.040970870312507e+00	1.679999999999980e-01	5.855594498181887e-01
47	16	1.040970870312508e+00	2.839999999999980e-01	5.855594498181887e-01
47	17	1.040970870312508e+00	3.999999999999991e-01	5.855594498181889e-01
47	18	1.273182633362222e+00	1.679999999999993e-01	1.729325507449929e+00
47	19	1.449238394047357e+00	1.949400392450443e-01	2.010451863196546e+00
47	20	1.625294154732494e+00	2.218800784900889e-01	2.291578218943163e+00
47	21	1.018457271557268e+00	1.679999999999994e-01	1.322579301578627e+00
47	22	1.131827184264672e+00	2.575202669150830e-01	1.503608711162925e+00
47	23	1.252326140653451e+00	3.526698395071763e-01	1.696021798635999e+00
47	24	7.637319097523148e-01	1.679999999999993e-01	9.158330957073245e-01
47	25	7.637319097523150e-01	2.839999999999984e-01	9.158330957073247e-01
47	26	7.637319097523150e-01	3.999999999999991e-01	9.158330957073247e-01
48	0	1.183784282049669e+00	-4.000000000000006e-01	1.922378360100949e-01
48	1	1.183784282049669e+00	-5.000000000000002e-01	1.922378360100949e-01
48	2	1.183784282049669e+00	-6.000000000000002e-01	1.922378360100948e-01
48	3	1.656264281974621e+00	-3.526698395071786e-01	3.336514577864452e-01
48	4	1.774384281955859e+00	-4.408372993839725e-01	3.690048632305328e-01
48	5	1.892504281937097e+00	-5.290047592607664e-01	4.043582686746204e-01
48	6	2.016931510769084e+00	-2.218800784900926e-01	4.415994324900644e-01
48	7	2.225218317948938e+00	-2.773500981126149e-01	5.039398316100567e-01
48	8	2.433505125128794e+00	-3.328201177351373e-01	5.662802307300502e-01
48	9	1.040970870312507e+00	-4.000000000000005e-01	5.855594498181887e-01
48	10	1.040970870312508e+00	-5.000000000000016e-01	5.855594498181886e-01
48	11	1.040970870312508e+00	-6.000000000000023e-01	5.855594498181887e-01
48	12	1.518929540172457e+00	-3.526698395071786e-01	1.037815765024387e+00
48	13	1.638419207637444e+00	-4.408372993839731e-01	1.150879843825936e+00
48	14	1.757908875102428e+00	-5.290047592607674e-01	1.263943922627483e+00
48	15	1.883778907265365e+00	-2.218800784900926e-01	1.383045260317572e+00
48	16	2.094480916503580e+00	-2.773500981126162e-01	1.582416712942418e+00
48	17	2.305182925741791e+00	-3.328201177351390e-01	1.781788165567262e+00
48	18	7.637319097523150e-01	-4.000000000000005e-01	9.158330957073249e-01
48	19	7.637319097523149e-01	-5.000000000000018e-01	9.158330957073247e-01
48	20	7.637319097523148e-01	-6.000000000000025e-01	9.158330957073247e-01
48	21	1.252326140653451e+00	-3.526698395071785e-01	1.696021798636000e+00
48	22	1.374474698378733e+00	-4.408372993839736e-01	1.891068974368167e+00
48	23	1.496623256104014e+00	-5.290047592607676e-01	2.086116150100331e+00
48	24	1.625294154732493e+00	-2.218800784900926e-01	2.291578218943162e+00
48	25	1.840684715977536e+00	-2.773500981126167e-01	2.635514499752120e+00
48	26	2.056075277222579e+00	-3.328201177351394e-01	2.979450780561073e+00
49	0	2.016931510769084e+00	-2.218800784900926e-01	4.415994324900644e-01
49	1	2.225218317948938e+00	-2.773500981126149e-01	5.039398316100567e-01
49	2	2.433505125128794e+00	-3.328201177351373e-01	5.662802307300502e-01
49	3	2.142138091819526e+00	-1.159136594753742e-01	4.790738570146782e-01
49	4	2.381726544261994e+00	-1.448920743442169e-01	5.507828622658247e-01
49	5	2.621314996704457e+00	-1.738704892130602e-01	6.224918675169724e-01
49	6	2.185102633102529e+00	-5.430380425776193e-16	4.919331767567923e-01
49	7	2.435432220865745e+00	-5.570317195243416e-16	5.668570119434688e-01
49	8	2.685761808628960e+00	-5.575074993360188e-16	6.417808471301495e-01
49	9	1.883778907265365e+00	-2.218800784900926e-01	1.383045260317572e+00
49	10	2.094480916503580e+00	-2.773500981126162e-01	1.582416712942418e+00
49	11	2.305182925741791e+00	-3.328201177351390e-01	1.781788165567262e+00
49	12	2.010437328671746e+00	-1.159136594753743e-01	1.502892591409752e+00
49	13	2.252803943261557e+00	-1.448920743442169e-01	1.732225876807649e+00
49	14	2.495170557851367e+00	-1.738704892130603e-01	1.961559162205540e+00
49	15	2.053900067848065e+00	-5.658750024450573e-16	1.544018110221682e+00
49	16	2.307132367231958e+00	-5.578074997876060e-16	1.783632775322560e+00
49	17	2.560364666615850e+00	-5.554302858326817e-16	2.023247440423440e+00
49	18	1.625294154732493e+00	-2.218800784900926e-01	2.291578218943162e+00
49	19	1.840684715977536e+00	-2.773500981126167e-01	2.635514499752120e+00
49	20	2.056075277222579e+00	-3.328201177351394e-01	2.979450780561073e+00
49	21	1.754770985882633e+00	-1.159136594753741e-01	2.498327203203645e+00
49	22	2.002530754915215e+00	-1.448920743442174e-01	2.893950730077731e+00
49	23	2.250290523947800e+00	-1.738704892130602e-01	3.289574256951816e+00
49	24	1.799200860178945e+00	-4.980198088277621e-16	2.569272956972766e+00
49	25	2.058068097785609e+00	-4.976859144898682e-16	2.982632922289134e+00
49	26	2.316935335392274e+00	-4.860676151527854e-16	3.395992887605506e+00
50	0	2.185102633102529e+00	-5.430380425776193e-16	4.919331767567923e-01
50	1	2.435432220865745e+00	-5.570317195243416e-16	5.668570119434688e-01
50	2	2.685761808628960e+00	-5.575074993360188e-16	6.417808471301495e-01
50	3	2.142138091819525e+00	1.159136594753706e-01	4.790738570146796e-01
50	4	2.381726544261994e+00	1.448920743442141e-01	5.507828622658268e-01
50	5	2.621314996704463e+00	1.738704892130577e-01	6.224918675169758e-01
50	6	2.016931510769078e+00	2.218800784900888e-01	4.415994324900688e-01
50	7	2.225218317948935e+00	2.773500981126129e-01	5.039398316100628e-01
50	8	2.433505125128793e+00	3.328201177351361e-01	5.662802307300575e-01
50	9	2.053900067848065e+00	-5.658750024450573e-16	1.544018110221682e+00
50	10	2.307132367231958e+00	-5.578074997876060e-16	1.783632775322560e+00
50	11	2.560364666615850e+00	-5.554302858326817e-16	2.023247440423440e+00
50	12	2.010437328671744e+00	1.159136594753709e-01	1.502892591409752e+00
50	13	2.252803943261557e+00	1.448920743442136e-01	1.732225876807649e+00
50	14	2.495170557851369e+00	1.738704892130563e-01	1.961559162205543e+00
50	15	1.883778907265364e+00	2.218800784900889e-01	1.383045260317572e+00
50	16	2.094480916503578e+00	2.773500981126126e-01	1.582416712942419e+00
50	17	2.305182925741790e+00	3.328201177351363e-01	1.781788165567264e+00
50	18	1.799200860178945e+00	-4.980198088277621e-16	2.569272956972766e+00
50	19	2.058068097785609e+00	-4.976859144898682e-16	2.982632922289134e+00
50	20	2.316935335392274e+00	-4.860676151527854e-16	3.395992887605506e+00
50	21	1.754770985882632e+00	1.159136594753707e-01	2.498327203203643e+00
50	22	2.002530754915216e+00	1.448920743442137e-01	2.893950730077733e+00
50	23	2.250290523947800e+00	1.738704892130559e-01	3.289574256951819e+00
50	24	1.625294154732494e+00	2.218800784900889e-01	2.291578218943163e+00
50	25	1.840684715977538e+00	2.773500981126131e-01	2.635514499752122e+00
50	26	2.056075277222579e+00	3.328201177351363e-01	2.979450780561075e+00
51	0	2.016931510769078e+00	2.218800784900888e-01	4.415994324900688e-01
51	1	2.225218317948935e+00	2.773500981126129e-01	5.039398316100628e-01
51	2	2.433505125128793e+00	3.328201177351361e-01	5.662802307300575e-01
51	3	1.656264281974613e+00	3.526698395071758e-01	3.336514577864445e-01
51	4	1.774384281955849e+00	4.408372993839703e-01	3.690048632305318e-01
51	5	1.892504281937086e+00	5.290047592607646e-01	4.043582686746193e-01
51	6	1.183784282049668e+00	3.999999999999990e-01	1.922378360100949e-01
51	7	1.183784282049669e+00	4.999999999999957e-01	1.922378360100948e-01
51	8	1.183784282049668e+00	5.999999999999950e-01	1.922378360100949e-01
51	9	1.883778907265364e+00	2.218800784900889e-01	1.383045260317572e+00
51	10	2.094480916503578e+00	2.773500981126126e-01	1.582416712942419e+00
51	11	2.305182925741790e+00	3.328201177351363e-01	1.781788165567264e+00
51	12	1.518929540172454e+00	3.526698395071765e-01	1.037815765024385e+00
51	13	1.638419207637440e+00	4.408372993839708e-01	1.150879843825935e+00
51	14	1.757908875102427e+00	5.290047592607647e-01	1.263943922627482e+00
51	15	1.040970870312508e+00	3.999999999999991e-01	5.855594498181889e-01
51	16	1.040970870312508e+00	4.999999999999978e-01	5.855594498181887e-01
51	17	1.040970870312508e+00	5.999999999999968e-01	5.855594498181889e-01
51	18	1.625294154732494e+00	2.218800784900889e-01	2.291578218943163e+00
51	19	1.840684715977538e+00	2.773500981126131e-01	2.635514499752122e+00
51	20	2.056075277222579e+00	3.328201177351363e-01	2.979450780561075e+00
51	21	1.252326140653451e+00	3.526698395071763e-01	1.696021798635999e+00
51	22	1.374474698378734e+00	4.408372993839711e-01	1.891068974368168e+00
51	23	1.496623256104015e+00	5.290047592607651e-01	2.086116150100332e+00
51	24	7.637319097523150e-01	3.999999999999991e-01	9.158330957073247e-01
51	25	7.637319097523150e-01	4.999999999999986e-01	9.158330957073246e-01
51	26	7.637319097523150e-01	5.999999999999974e-01	9.158330957073246e-01
52	0	1.183784282049669e+00	-6.000000000000002e-01	1.922378360100948e-01
52	1	1.183784282049668e+00	-7.000000000000004e-01	1.922378360100948e-01
52	2	1.183784282049669e+00	-8.000000000000004e-01	1.922378360100949e-01
52	3	1.892504281937097e+00	-5.290047592607664e-01	4.043582686746204e-01
52	4	2.010624281918335e+00	-6.171722191375613e-01	4.397116741187082e-01
52	5	2.128744281899573e+00	-7.053396790143559e-01	4.750650795627956e-01
52	6	2.433505125128794e+00	-3.328201177351373e-01	5.662802307300502e-01
52	7	2.641791932308647e+00	-3.882901373576613e-01	6.286206298500422e-01
52	8	2.850078739488502e+00	-4.437601569801843e-01	6.909610289700349e-01
52	9	1.040970870312508e+00	-6.000000000000023e-01	5.855594498181887e-01
52	10	1.040970870312508e+00	-7.000000000000014e-01	5.855594498181887e-01
52	11	1.040970870312508e+00	-8.000000000000004e-01	5.855594498181887e-01
52	12	1.757908875102428e+00	-5.290047592607674e-01	1.263943922627483e+00
52	13	1.877398542567417e+00	-6.171722191375618e-01	1.377008001429034e+00
52	14	1.996888210032405e+00	-7.053396790143565e-01	1.490072080230584e+00
52	15	2.305182925741791e+00	-3.328201177351390e-01	1.781788165567262e+00
52	16	2.515884934980005e+00	-3.882901373576617e-01	1.981159618192108e+00
52	17	2.726586944218219e+00	-4.437601569801846e-01	2.180531070816955e+00
52	18	7.637319097523148e-01	-6.000000000000025e-01	9.158330957073247e-01
52	19	7.637319097523152e-01	-7.000000000000015e-01	9.158330957073249e-01
52	20	7.637319097523150e-01	-8.000000000000003e-01	9.158330957073250e-01
52	21	1.496623256104014e+00	-5.290047592607676e-01	2.086116150100331e+00
52	22	1.618771813829300e+00	-6.171722191375620e-01	2.281163325832503e+00
52	23	1.740920371554585e+00	-7.053396790143566e-01	2.476210501564672e+00
52	24	2.056075277222579e+00	-3.328201177351394e-01	2.979450780561073e+00
52	25	2.271465838467623e+00	-3.882901373576619e-01	3.323387061370034e+00
52	26	2.486856399712666e+00	-4.437601569801843e-01	3.667323342178992e+00
53	0	2.433505125128794e+00	-3.328201177351373e-01	5.662802307300502e-01
53	1	2.641791932308647e+00	-3.882901373576613e-01	6.286206298500422e-01
53	2	2.850078739488502e+00	-4.437601569801843e-01	6.909610289700349e-01
53	3	2.621314996704457e+00	-1.738704892130602e-01	6.224918675169724e-01
53	4	2.860903449146921e+00	-2.028489040819040e-01	6.942008727681185e-01
53	5	3.100491901589388e+00	-2.318273189507466e-01	7.659098780192655e-01
53	6	2.685761808628960e+00	-5.575074993360188e-16	6.417808471301495e-01
53	7	2.936091396392173e+00	-5.633094288336670e-16	7.167046823168248e-01
53	8	3.186420984155392e+00	-5.490075701722605e-16	7.916285175035017e-01
53	9	2.305182925741791e+00	-3.328201177351390e-01	1.781788165567262e+00
53	10	2.515884934980005e+00	-3.882901373576617e-01	1.981159618192108e+00
53	11	2.726586944218219e+00	-4.437601569801846e-01	2.180531070816955e+00
53	12	2.495170557851367e+00	-1.738704892130603e-01	1.961559162205540e+00
53	13	2.737537172441173e+00	-2.028489040819039e-01	2.190892447603431e+00
53	14	2.979903787030981e+00	-2.318273189507474e-01	2.420225733001319e+00
53	15	2.560364666615850e+00	-5.554302858326817e-16	2.023247440423440e+00
53	16	2.813596965999737e+00	-5.561937524556800e-16	2.262862105524312e+00
53	17	3.066829265383624e+00	-5.622479016386047e-16	2.502476770625183e+00
53	18	2.056075277222579e+00	-3.328201177351394e-01	2.979450780561073e+00
53	19	2.271465838467623e+00	-3.882901373576619e-01	3.323387061370034e+00
53	20	2.486856399712666e+00	-4.437601569801843e-01	3.667323342178992e+00
53	21	2.250290523947800e+00	-1.738704892130602e-01	3.289574256951816e+00
53	22	2.498050292980374e+00	-2.028489040819041e-01	3.685197783825895e+00
53	23	2.745810062012950e+00	-2.318273189507477e-01	4.080821310699967e+00
53	24	2.316935335392274e+00	-4.860676151527854e-16	3.395992887605506e+00
53	25	2.575802572998926e+00	-5.046128677240406e-16	3.809352852921859e+00
53	26	2.834669810605580e+00	-4.925319185795092e-16	4.222712818238215e+00
54	0	2.685761808628960e+00	-5.575074993360188e-16	6.417808471301495e-01
54	1	2.936091396392173e+00	-5.633094288336670e-16	7.167046823168248e-01
54	2	3.186420984155392e+00	-5.490075701722605e-16	7.916285175035017e-01
54	3	2.621314996704463e+00	1.738704892130577e-01	6.224918675169758e-01
54	4	2.860903449146923e+00	2.028489040818992e-01	6.942008727681220e-01
54	5	3.100491901589386e+00	2.318273189507413e-01	7.659098780192717e-01
54	6	2.433505125128793e+00	3.328201177351361e-01	5.662802307300575e-01
54	7	2.641791932308637e+00	3.882901373576581e-01	6.286206298500477e-01
54	8	2.850078739488488e+00	4.437601569801785e-01	6.909610289700402e-01
54	9	2.560364666615850e+00	-5.554302858326817e-16	2.023247440423440e+00
54	10	2.813596965999737e+00	-5.561937524556800e-16	2.262862105524312e+00
54	11	3.066829265383624e+00	-5.622479016386047e-16	2.502476770625183e+00
54	12	2.495170557851369e+00	1.738704892130563e-01	1.961559162205543e+00
54	13	2.737537172441176e+00	2.028489040818992e-01	2.190892447603434e+00
54	14	2.979903787030981e+00	2.318273189507425e-01	2.420225733001319e+00
54	15	2.305182925741790e+00	3.328201177351363e-01	1.781788165567264e+00
54	16	2.515884934980001e+00	3.882901373576584e-01	1.981159618192111e+00
54	17	2.726586944218215e+00	4.437601569801802e-01	2.180531070816959e+00
54	18	2.316935335392274e+00	-4.860676151527854e-16	3.395992887605506e+00
54	19	2.575802572998926e+00	-5.046128677240406e-16	3.809352852921859e+00
54	20	2.834669810605580e+00	-4.925319185795092e-16	4.222712818238215e+00
54	21	2.250290523947800e+00	1.738704892130559e-01	3.289574256951819e+00
54	22	2.498050292980376e+00	2.028489040818997e-01	3.685197783825894e+00
54	23	2.745810062012950e+00	2.318273189507431e-01	4.080821310699966e+00
54	24	2.056075277222579e+00	3.328201177351363e-01	2.979450780561075e+00
54	25	2.271465838467622e+00	3.882901373576588e-01	3.323387061370034e+00
54	26	2.486856399712667e+00	4.437601569801810e-01	3.667323342178991e+00
55	0	2.433505125128793e+00	3.328201177351361e-01	5.662802307300575e-01
55	1	2.641791932308637e+00	3.882901373576581e-01	6.286206298500477e-01
55	2	2.850078739488488e+00	4.437601569801785e-01	6.909610289700402e-01
55	3	1.892504281937086e+00	5.290047592607646e-01	4.043582686746193e-01
55	4	2.010624281918322e+00	6.171722191375580e-01	4.397116741187059e-01
55	5	2.128744281899555e+00	7.053396790143518e-01	4.750650795627928e-01
55	6	1.183784282049668e+00	5.999999999999950e-01	1.922378360100949e-01
55	7	1.183784282049669e+00	6.999999999999938e-01	1.922378360100949e-01
55	8	1.183784282049668e+00	7.999999999999996e-01	1.922378360100949e-01
55	9	2.305182925741790e+00	3.328201177351363e-01	1.781788165567264e+00
55	10	2.515884934980001e+00	3.882901373576584e-01	1.981159618192111e+00
55	11	2.726586944218215e+00	4.437601569801802e-01	2.180531070816959e+00
55	12	1.757908875102427e+00	5.290047592607647e-01	1.263943922627482e+00
55	13	1.877398542567412e+00	6.171722191375583e-01	1.377008001429031e+00
55	14	1.996888210032400e+00	7.053396790143533e-01	1.490072080230581e+00
55	15	1.040970870312508e+00	5.999999999999968e-01	5.855594498181889e-01
55	16	1.040970870312508e+00	6.999999999999972e-01	5.855594498181886e-01
55	17	1.040970870312507e+00	7.999999999999995e-01	5.855594498181885e-01
55	18	2.056075277222579e+00	3.328201177351363e-01	2.979450780561075e+00
55	19	2.271465838467622e+00	3.882901373576588e-01	3.323387061370034e+00
55	20	2.486856399712667e+00	4.437601569801810e-01	3.667323342178991e+00
55	21	1.496623256104015e+00	5.290047592607651e-01	2.086116150100332e+00
55	22	1.618771813829301e+00	6.171722191375593e-01	2.281163325832501e+00
55	23	1.740920371554585e+00	7.053396790143536e-01	2.476210501564673e+00
55	24	7.637319097523150e-01	5.999999999999974e-01	9.158330957073246e-01
55	25	7.637319097523148e-01	6.999999999999981e-01	9.158330957073247e-01
55	26	7.637319097523150e-01	7.999999999999996e-01	9.158330957073251e-01
56	0	1.183784282049669e+00	-8.000000000000004e-01	1.922378360100949e-01
56	1	1.183784282049669e+00	-1.000000000000001e+00	1.922378360100948e-01
56	2	1.183784282049668e+00	-1.200000000000000e+00	1.922378360100948e-01
56	3	2.128744281899573e+00	-7.053396790143559e-01	4.750650795627956e-01
56	4	2.802683457756414e+00	-9.602092248246372e-01	6.767755852562064e-01
56	5	3.436750571918626e+00	-1.200000000000000e+00	8.665523526901708e-01
56	6	2.850078739488502e+00	-4.437601569801843e-01	6.909610289700349e-01
56	7	4.269897800638036e+00	-8.218800784900937e-01	1.115913949170140e+00
56	8	5.689716861787579e+00	-1.200000000000000e+00	1.540866869370245e+00
56	9	1.040970870312508e+00	-8.000000000000004e-01	5.855594498181887e-01
56	10	1.040970870312508e+00	-1.000000000000001e+00	5.855594498181887e-01
56	11	1.040970870312508e+00	-1.200000000000000e+00	5.855594498181887e-01
56	12	1.996888210032405e+00	-7.053396790143565e-01	1.490072080230584e+00
56	13	2.678642087678462e+00	-9.602092248246373e-01	2.135164461695471e+00
56	14	3.320061564767532e+00	-1.200000000000000e+00	2.742091435726072e+00
56	15	2.726586944218219e+00	-4.437601569801846e-01	2.180531070816955e+00
56	16	4.162869601720383e+00	-8.218800784900939e-01	3.539577246225452e+00
56	17	5.599152259222553e+00	-1.200000000000000e+00	4.898623421633952e+00
56	18	7.637319097523150e-01	-8.000000000000003e-01	9.158330957073250e-01
56	19	7.637319097523152e-01	-1.000000000000002e+00	9.158330957073253e-01
56	20	7.637319097523150e-01	-1.200000000000000e+00	9.158330957073250e-01
56	21	1.740920371554585e+00	-7.053396790143566e-01	2.476210501564672e+00
56	22	2.437844671745536e+00	-9.602092248246370e-01	3.589061271011174e+00
56	23	3.093537048212256e+00	-1.200000000000000e+00	4.636072783554605e+00
56	24	2.486856399712666e+00	-4.437601569801843e-01	3.667323342178992e+00
56	25	3.955099293192428e+00	-8.218800784900943e-01	6.011817906790433e+00
56	26	5.423342186672191e+00	-1.200000000000000e+00	8.356312471401871e+00
57	0	2.850078739488502e+00	-4.437601569801843e-01	6.909610289700349e-01
57	1	4.269897800638036e+00	-8.218800784900937e-01	1.115913949170140e+00
57	2	5.689716861787579e+00	-1.200000000000000e+00	1.540866869370245e+00
57	3	3.100491901589388e+00	-2.318273189507466e-01	7.659098780192655e-01
57	4	4.409142265475665e+00	-4.179097646379746e-01	1.157589922942842e+00
57	5	5.689716861787581e+00	-6.000000000000024e-01	1.540866869370246e+00
57	6	3.186420984155392e+00	-5.490075701722605e-16	7.916285175035017e-01
57	7	4.438068922971485e+00	-5.632523090047241e-16	1.166247693436872e+00
57	8	5.689716861787579e+00	-5.527219233360929e-16	1.540866869370246e+00
57	9	2.726586944218219e+00	-4.437601569801846e-01	2.180531070816955e+00
57	10	4.162869601720383e+00	-8.218800784900939e-01	3.539577246225452e+00
57	11	5.599152259222553e+00	-1.200000000000000e+00	4.898623421633952e+00
57	12	2.979903787030981e+00	-2.318273189507474e-01	2.420225733001319e+00
57	13	4.303728684030160e+00	-4.179097646379746e-01	3.672861593902238e+00
57	14	5.599152259222551e+00	-6.000000000000023e-01	4.898623421633951e+00
57	15	3.066829265383624e+00	-5.622479016386047e-16	2.502476770625183e+00
57	16	4.332990762303085e+00	-5.545864496721697e-16	3.700550096129566e+00
57	17	5.599152259222553e+00	-5.573390483146268e-16	4.898623421633953e+00
57	18	2.486856399712666e+00	-4.437601569801843e-01	3.667323342178992e+00
57	19	3.955099293192428e+00	-8.218800784900943e-01	6.011817906790433e+00
57	20	5.423342186672191e+00	-1.200000000000000e+00	8.356312471401871e+00
57	21	2.745810062012950e+00	-2.318273189507477e-01	4.080821310699967e+00
57	22	4.099092779086829e+00	-4.179097646379747e-01	6.241747127982696e+00
57	23	5.423342186672190e+00	-6.000000000000024e-01	8.356312471401877e+00
57	24	2.834669810605580e+00	-4.925319185795092e-16	4.222712818238215e+00
57	25	4.129005998638886e+00	-4.980542778880963e-16	6.289512644820043e+00
57	26	5.423342186672195e+00	-4.811846611336408e-16	8.356312471401871e+00
58	0	3.186420984155392e+00	-5.490075701722605e-16	7.916285175035017e-01
58	1	4.438068922971485e+00	-5.632523090047241e-16	1.166247693436872e+00
58	2	5.689716861787579e+00	-5.527219233360929e-16	1.540866869370246e+00
58	3	3.100491901589386e+00	2.318273189507413e-01	7.659098780192717e-01
58	4	4.409142265475665e+00	4.179097646379704e-01	1.157589922942845e+00
58	5	5.689716861787581e+00	5.999999999999973e-01	1.540866869370246e+00
58	6	2.850078739488488e+00	4.437601569801785e-01	6.909610289700402e-01
58	7	4.269897800638038e+00	8.218800784900884e-01	1.115913949170144e+00
58	8	5.689716861787579e+00	1.200000000000000e+00	1.540866869370245e+00
58	9	3.066829265383624e+00	-5.622479016386047e-16	2.502476770625183e+00
58	10	4.332990762303085e+00	-5.545864496721697e-16	3.700550096129566e+00
58	11	5.599152259222553e+00	-5.573390483146268e-16	4.898623421633953e+00
58	12	2.979903787030981e+00	2.318273189507425e-01	2.420225733001319e+00
58	13	4.303728684030163e+00	4.179097646379700e-01	3.672861593902237e+00
58	14	5.599152259222549e+00	5.999999999999970e-01	4.898623421633952e+00
58	15	2.726586944218215e+00	4.437601569801802e-01	2.180531070816959e+00
58	16	4.162869601720387e+00	8.218800784900890e-01	3.539577246225460e+00
58	17	5.599152259222553e+00	1.200000000000000e+00	4.898623421633952e+00
58	18	2.834669810605580e+00	-4.925319185795092e-16	4.222712818238215e+00
58	19	4.129005998638886e+00	-4.980542778880963e-16	6.289512644820043e+00
58	20	5.423342186672195e+00	-4.811846611336408e-16	8.356312471401871e+00
58	21	2.745810062012950e+00	2.318273189507431e-01	4.080821310699966e+00
58	22	4.099092779086831e+00	4.179097646379710e-01	6.241747127982699e+00
58	23	5.423342186672190e+00	5.999999999999971e-01	8.356312471401875e+00
58	24	2.486856399712667e+00	4.437601569801810e-01	3.667323342178991e+00
58	25	3.955099293192432e+00	8.218800784900887e-01	6.011817906790440e+00
58	26	5.423342186672191e+00	1.200000000000000e+00	8.356312471401871e+00
59	0	2.850078739488488e+00	4.437601569801785e-01	6.909610289700402e-01
59	1	4.269897800638038e+00	8.218800784900884e-01	1.115913949170144e+00
59	2	5.689716861787579e+00	1.200000000000000e+00	1.540866869370245e+00
59	3	2.128744281899555e+00	7.053396790143518e-01	4.750650795627928e-01
59	4	2.802683457756411e+00	9.602092248246332e-01	6.767755852562068e-01
59	5	3.436750571918626e+00	1.200000000000000e+00	8.665523526901708e-01
59	6	1.183784282049668e+00	7.999999999999996e-01	1.922378360100949e-01
59	7	1.183784282049669e+00	9.999999999999969e-01	1.922378360100949e-01
59	8	1.183784282049668e+00	1.200000000000000e+00	1.922378360100948e-01
59	9	2.726586944218215e+00	4.437601569801802e-01	2.180531070816959e+00
59	10	4.162869601720387e+00	8.218800784900890e-01	3.539577246225460e+00
59	11	5.599152259222553e+00	1.200000000000000e+00	4.898623421633952e+00
59	12	1.996888210032400e+00	7.053396790143533e-01	1.490072080230581e+00
59	13	2.678642087678464e+00	9.602092248246338e-01	2.135164461695472e+00
59	14	3.320061564767533e+00	1.200000000000000e+00	2.742091435726073e+00
59	15	1.040970870312507e+00	7.999999999999995e-01	5.855594498181885e-01
59	16	1.040970870312508e+00	9.999999999999973e-01	5.855594498181886e-01
59	17	1.040970870312508e+00	1.200000000000000e+00	5.855594498181887e-01
59	18	2.486856399712667e+00	4.437601569801810e-01	3.667323342178991e+00
59	19	3.955099293192432e+00	8.218800784900887e-01	6.011817906790440e+00
59	20	5.423342186672191e+00	1.200000000000000e+00	8.356312471401871e+00
59	21	1.740920371554585e+00	7.053396790143536e-01	2.476210501564673e+00
59	22	2.437844671745538e+00	9.602092248246338e-01	3.589061271011179e+00
59	23	3.093537048212256e+00	1.200000000000000e+00	4.636072783554605e+00
59	24	7.637319097523150e-01	7.999999999999996e-01	9.158330957073251e-01
59	25	7.637319097523150e-01	9.999999999999979e-01	9.158330957073247e-01
59	26	7.637319097523150e-01	1.200000000000000e+00	9.158330957073250e-01
60	0	1.691999999999997e+00	-5.372520961514373e-16	-1.160413199534751e-14
60	1	1.691999999999997e+00	-8.400000000000057e-02	-1.166866223720279e-14
60	2	1.691999999999997e+00	-1.680000000000006e-01	-1.164568977147485e-14
60	3	1.445999999999998e+00	-5.134943988995537e-16	-6.113233316187848e-15
60	4	1.445999999999998e+00	-8.400000000000073e-02	-6.129597753292144e-15
60	5	1.445999999999998e+00	-1.680000000000007e-01	-6.204194648604731e-15
60	6	1.199999999999999e+00	-5.093444740833126e-16	-6.032268400160786e-16
60	7	1.199999999999998e+00	-8.400000000000057e-02	-6.038203370597792e-16
60	8	1.199999999999998e+00	-1.680000000000006e-01	-6.188709372410429e-16
60	9	1.688102892203944e+00	-5.195307869496763e-16	-1.700505868259878e-01
60	10	1.688102892203944e+00	-8.400000000000134e-02	-1.700505868259877e-01
60	11	1.688102892203944e+00	-1.680000000000012e-01	-1.700505868259878e-01
60	12	1.442021702458193e+00	-5.203218609564632e-16	-1.332287609261603e-01
60	13	1.442021702458194e+00	-8.400000000000141e-02	-1.332287609261600e-01
60	14	1.442021702458193e+00	-1.680000000000011e-01	-1.332287609261603e-01
60	15	1.195940512712443e+00	-5.112731939763238e-16	-9.640693502633278e-02
60	16	1.195940512712444e+00	-8.400000000000135e-02	-9.640693502633280e-02
60	17	1.195940512712443e+00	-1.680000000000013e-01	-9.640693502633281e-02
60	18	1.676432910767681e+00	-5.055527906011758e-16	-3.396879436574942e-01
60	19	1.676432910767682e+00	-8.400000000000314e-02	-3.396879436574946e-01
60	20	1.676432910767680e+00	-1.680000000000029e-01	-3.396879436574943e-01
60	21	1.430108596408675e+00	-5.108728117593228e-16	-2.659628898337953e-01
60	22	1.430108596408675e+00	-8.400000000000291e-02	-2.659628898337952e-01
60	23	1.430108596408675e+00	-1.680000000000031e-01	-2.659628898337953e-01
60	24	1.183784282049669e+00	-4.898092614660884e-16	-1.922378360100962e-01
60	25	1.183784282049669e+00	-8.400000000000307e-02	-1.922378360100962e-01
60	26	1.183784282049669e+00	-1.680000000000030e-01	-1.922378360100963e-01
61	0	1.691999999999997e+00	1.679999999999993e-01	-1.160859201082236e-14
61	1	1.691999999999997e+00	8.399999999999952e-02	-1.159084846158431e-14
61	2	1.691999999999997e+00	-5.372520961514373e-16	-1.160413199534751e-14
61	3	1.445999999999998e+00	1.679999999999993e-01	-6.203197491227644e-15
61	4	1.445999999999998e+00	8.399999999999958e-02	-6.158550207409998e-15
61	5	1.445999999999998e+00	-5.134943988995537e-16	-6.113233316187848e-15
61	6	1.199999999999998e+00	1.679999999999994e-01	-5.713914275128054e-16
61	7	1.199999999999998e+00	8.399999999999953e-02	-5.914936254822689e-16
61	8	1.199999999999999e+00	-5.093444740833126e-16	-6.032268400160786e-16
61	9	1.688102892203944e+00	1.679999999999993e-01	-1.700505868259878e-01
61	10	1.688102892203944e+00	8.399999999999902e-02	-1.700505868259877e-01
61	11	1.688102892203944e+00	-5.195307869496763e-16	-1.700505868259878e-01
61	12	1.442021702458193e+00	1.679999999999992e-01	-1.332287609261603e-01
61	13	1.442021702458194e+00	8.399999999999933e-02	-1.332287609261600e-01
61	14	1.442021702458193e+00	-5.203218609564632e-16	-1.332287609261603e-01
61	15	1.195940512712443e+00	1.679999999999993e-01	-9.640693502633277e-02
61	16	1.195940512712443e+00	8.399999999999901e-02	-9.640693502633277e-02
61	17	1.195940512712443e+00	-5.112731939763238e-16	-9.640693502633278e-02
61	18	1.676432910767680e+00	1.679999999999992e-01	-3.396879436574943e-01
61	19	1.676432910767681e+00	8.399999999999769e-02	-3.396879436574945e-01
61	20	1.676432910767681e+00	-5.055527906011758e-16	-3.396879436574942e-01
61	21	1.430108596408674e+00	1.679999999999994e-01	-2.659628898337954e-01
61	22	1.430108596408674e+00	8.399999999999766e-02	-2.659628898337952e-01
61	23	1.430108596408675e+00	-5.108728117593228e-16	-2.659628898337953e-01
61	24	1.183784282049669e+00	1.679999999999994e-01	-1.922378360100962e-01
61	25	1.183784282049669e+00	8.399999999999773e-02	-1.922378360100962e-01
61	26	1.183784282049669e+00	-4.898092614660884e-16	-1.922378360100962e-01
62	0	1.199999999999998e+00	1.679999999999994e-01	-5.713914275128054e-16
62	1	1.199999999999998e+00	2.839999999999977e-01	-5.974659827438030e-16
62	2	1.199999999999998e+00	3.999999999999991e-01	-6.106757603002228e-16
62	3	1.445999999999998e+00	1.679999999999993e-01	-6.203197491227644e-15
62	4	1.555486540046120e+00	2.575202669150829e-01	-8.635407535969618e-15
62	5	1.671857925532015e+00	3.526698395071755e-01	-1.122939277193304e-14
62	6	1.691999999999997e+00	1.679999999999993e-01	-1.160859201082236e-14
62	7	1.862025147168913e+00	1.949400392450442e-01	-1.540425000814792e-14
62	8	2.032050294337825e+00	2.218800784900889e-01	-1.928194951347291e-14
62	9	1.195940512712443e+00	1.679999999999993e-01	-9.640693502633277e-02
62	10	1.195940512712443e+00	2.839999999999977e-01	-9.640693502633249e-02
62	11	1.195940512712443e+00	3.999999999999991e-01	-9.640693502633138e-02
62	12	1.442021702458193e+00	1.679999999999992e-01	-1.332287609261603e-01
62	13	1.551544377400045e+00	2.575202669150830e-01	-1.496169492023901e-01
62	14	1.667954170053420e+00	3.526698395071758e-01	-1.670356764222388e-01
62	15	1.688102892203944e+00	1.679999999999993e-01	-1.700505868259878e-01
62	16	1.858184154407289e+00	1.949400392450442e-01	-1.955003281578821e-01
62	17	2.028265416610634e+00	2.218800784900889e-01	-2.209500694897734e-01
62	18	1.183784282049669e+00	1.679999999999994e-01	-1.922378360100962e-01
62	19	1.183784282049669e+00	2.839999999999977e-01	-1.922378360100963e-01
62	20	1.183784282049668e+00	3.999999999999990e-01	-1.922378360100963e-01
62	21	1.430108596408674e+00	1.679999999999994e-01	-2.659628898337954e-01
62	22	1.539739478150141e+00	2.575202669150830e-01	-2.987754957600992e-01
62	23	1.656264281974613e+00	3.526698395071755e-01	-3.336514577864640e-01
62	24	1.676432910767680e+00	1.679999999999992e-01	-3.396879436574943e-01
62	25	1.846682210768381e+00	1.949400392450443e-01	-3.906436880737968e-01
62	26	2.016931510769080e+00	2.218800784900888e-01	-4.415994324900951e-01
63	0	1.691999999999997e+00	1.679999999999993e-01	-1.160859201082236e-14
63	1	1.862025147168913e+00	1.949400392450442e-01	-1.540425000814792e-14
63	2	2.032050294337825e+00	2.218800784900889e-01	-1.928194951347291e-14
63	3	1.691999999999997e+00	8.399999999999952e-02	-1.159084846158431e-14
63	4	1.922024444852987e+00	9.978380489441108e-02	-1.679532924565073e-14
63	5	2.157092026489039e+00	1.159136594753707e-01	-2.201474891715865e-14
63	6	1.691999999999997e+00	-5.372520961514373e-16	-1.160413199534751e-14
63	7	1.945999999999992e+00	-5.243255391099497e-16	-1.737588702816932e-14
63	8	2.199999999999985e+00	-5.385260774412762e-16	-2.299437511074313e-14
63	9	1.688102892203944e+00	1.679999999999993e-01	-1.700505868259878e-01
63	10	1.858184154407289e+00	1.949400392450442e-01	-1.955003281578821e-01
63	11	2.028265416610634e+00	2.218800784900889e-01	-2.209500694897734e-01
63	12	1.688102892203944e+00	8.399999999999902e-02	-1.700505868259877e-01
63	13	1.918203254236586e+00	9.978380489441130e-02	-2.044811561799757e-01
63	14	2.153348417487219e+00	1.159136594753706e-01	-2.396665934388994e-01
63	15	1.688102892203944e+00	-5.195307869496763e-16	-1.700505868259878e-01
63	16	1.942186722266624e+00	-5.303643218217580e-16	-2.080698704786532e-01
63	17	2.196270552329306e+00	-5.373825207395452e-16	-2.460891541313160e-01
63	18	1.676432910767680e+00	1.679999999999992e-01	-3.396879436574943e-01
63	19	1.846682210768381e+00	1.949400392450443e-01	-3.906436880737968e-01
63	20	2.016931510769080e+00	2.218800784900888e-01	-4.415994324900951e-01
63	21	1.676432910767681e+00	8.399999999999769e-02	-3.396879436574945e-01
63	22	1.906760608589730e+00	9.978380489441055e-02	-4.086251980377910e-01
63	23	2.142138091819527e+00	1.159136594753707e-01	-4.790738570147159e-01
63	24	1.676432910767681e+00	-5.055527906011758e-16	-3.396879436574942e-01
63	25	1.930767771935105e+00	-5.078594953966561e-16	-4.158105602071648e-01
63	26	2.185102633102528e+00	-5.144517597897960e-16	-4.919331767568308e-01
64	0	1.691999999999997e+00	-5.372520961514373e-16	-1.160413199534751e-14
64	1	1.945999999999992e+00	-5.243255391099497e-16	-1.737588702816932e-14
64	2	2.199999999999985e+00	-5.385260774412762e-16	-2.299437511074313e-14
64	3	1.691999999999997e+00	-8.400000000000057e-02	-1.166866223720279e-14
64	4	1.922024444852989e+00	-9.978380489441317e-02	-1.686673948161818e-14
64	5	2.157092026489041e+00	-1.159136594753732e-01	-2.201739059125289e-14
64	6	1.691999999999997e+00	-1.680000000000006e-01	-1.164568977147485e-14
64	7	1.862025147168917e+00	-1.949400392450462e-01	-1.541237283296605e-14
64	8	2.032050294337831e+00	-2.218800784900926e-01	-1.933257548135896e-14
64	9	1.688102892203944e+00	-5.195307869496763e-16	-1.700505868259878e-01
64	10	1.942186722266624e+00	-5.303643218217580e-16	-2.080698704786532e-01
64	11	2.196270552329306e+00	-5.373825207395452e-16	-2.460891541313160e-01
64	12	1.688102892203944e+00	-8.400000000000134e-02	-1.700505868259877e-01
64	13	1.918203254236586e+00	-9.978380489441355e-02	-2.044811561799757e-01
64	14	2.153348417487221e+00	-1.159136594753735e-01	-2.396665934389011e-01
64	15	1.688102892203944e+00	-1.680000000000012e-01	-1.700505868259878e-01
64	16	1.858184154407293e+00	-1.949400392450471e-01	-1.955003281578835e-01
64	17	2.028265416610638e+00	-2.218800784900925e-01	-2.209500694897767e-01
64	18	1.676432910767681e+00	-5.055527906011758e-16	-3.396879436574942e-01
64	19	1.930767771935105e+00	-5.078594953966561e-16	-4.158105602071648e-01
64	20	2.185102633102528e+00	-5.144517597897960e-16	-4.919331767568308e-01
64	21	1.676432910767682e+00	-8.400000000000314e-02	-3.396879436574946e-01
64	22	1.906760608589730e+00	-9.978380489441466e-02	-4.086251980377922e-01
64	23	2.142138091819527e+00	-1.159136594753742e-01	-4.790738570147205e-01
64	24	1.676432910767680e+00	-1.680000000000029e-01	-3.396879436574943e-01
64	25	1.846682210768384e+00	-1.949400392450478e-01	-3.906436880737992e-01
64	26	2.016931510769085e+00	-2.218800784900925e-01	-4.415994324901025e-01
65	0	1.691999999999997e+00	-1.680000000000006e-01	-1.164568977147485e-14
65	1	1.862025147168917e+00	-1.949400392450462e-01	-1.541237283296605e-14
65	2	2.032050294337831e+00	-2.218800784900926e-01	-1.933257548135896e-14
65	3	1.445999999999998e+00	-1.680000000000007e-01	-6.204194648604731e-15
65	4	1.555486540046121e+00	-2.575202669150846e-01	-8.600325195898430e-15
65	5	1.671857925532019e+00	-3.526698395071786e-01	-1.123481724151136e-14
65	6	1.199999999999998e+00	-1.680000000000006e-01	-6.188709372410429e-16
65	7	1.199999999999999e+00	-2.840000000000005e-01	-6.003544403649325e-16
65	8	1.199999999999999e+00	-4.000000000000004e-01	-6.594295716016035e-16
65	9	1.688102892203944e+00	-1.680000000000012e-01	-1.700505868259878e-01
65	10	1.858184154407293e+00	-1.949400392450471e-01	-1.955003281578835e-01
65	11	2.028265416610638e+00	-2.218800784900925e-01	-2.209500694897767e-01
65	12	1.442021702458193e+00	-1.680000000000011e-01	-1.332287609261603e-01
65	13	1.551544377400048e+00	-2.575202669150854e-01	-1.496169492023906e-01
65	14	1.667954170053425e+00	-3.526698395071784e-01	-1.670356764222403e-01
65	15	1.195940512712443e+00	-1.680000000000013e-01	-9.640693502633281e-02
65	16	1.195940512712443e+00	-2.840000000000015e-01	-9.640693502633253e-02
65	17	1.195940512712443e+00	-4.000000000000004e-01	-9.640693502633144e-02
65	18	1.676432910767680e+00	-1.680000000000029e-01	-3.396879436574943e-01
65	19	1.846682210768384e+00	-1.949400392450478e-01	-3.906436880737992e-01
65	20	2.016931510769085e+00	-2.218800784900925e-01	-4.415994324901025e-01
65	21	1.430108596408675e+00	-1.680000000000031e-01	-2.659628898337953e-01
65	22	1.539739478150143e+00	-2.575202669150862e-01	-2.987754957601000e-01
65	23	1.656264281974621e+00	-3.526698395071785e-01	-3.336514577864674e-01
65	24	1.183784282049669e+00	-1.680000000000030e-01	-1.922378360100963e-01
65	25	1.183784282049668e+00	-2.840000000000021e-01	-1.922378360100962e-01
65	26	1.183784282049669e+00	-4.000000000000005e-01	-1.922378360100963e-01
66	0	1.199999999999998e+00	7.999999999999995e-01	-6.094761289490208e-16
66	1	1.199999999999998e+00	9.999999999999989e-01	-6.254993174070049e-16
66	2	1.199999999999998e+00	1.200000000000000e+00	-6.235400849261922e-16
66	3	2.143715851064032e+00	7.053396790143522e-01	-2.192672042212958e-14
66	4	2.816767708296261e+00	9.602092248246353e-01	-3.689265250616222e-14
66	5	3.449999999999992e+00	1.200000000000000e+00	-5.104250958219120e-14
66	6	2.864100588675656e+00	4.437601569801788e-01	-3.787787822301467e-14
66	7	4.282050294337823e+00	8.218800784900901e-01	-6.975170509660008e-14
66	8	5.699999999999984e+00	1.200000000000000e+00	-1.015407977706481e-13
66	9	1.195940512712443e+00	7.999999999999993e-01	-9.640693502633080e-02
66	10	1.195940512712443e+00	9.999999999999981e-01	-9.640693502633225e-02
66	11	1.195940512712443e+00	1.200000000000000e+00	-9.640693502633282e-02
66	12	2.139967827394395e+00	7.053396790143516e-01	-2.376644178181447e-01
66	13	2.813241818403725e+00	9.602092248246344e-01	-3.384083133814024e-01
66	14	3.446683101850406e+00	1.200000000000000e+00	-4.331919280125600e-01
66	15	2.860590320508827e+00	4.437601569801786e-01	-3.454932039532113e-01
66	16	4.279008005748596e+00	8.218800784900899e-01	-5.577350624760012e-01
66	17	5.697425690988363e+00	1.200000000000000e+00	-7.699769209987872e-01
66	18	1.183784282049669e+00	7.999999999999992e-01	-1.922378360100937e-01
66	19	1.183784282049668e+00	9.999999999999966e-01	-1.922378360100955e-01
66	20	1.183784282049668e+00	1.200000000000000e+00	-1.922378360100963e-01
66	21	2.128744281899558e+00	7.053396790143520e-01	-4.750650795628277e-01
66	22	2.802683457756413e+00	9.602092248246332e-01	-6.767755852562750e-01
66	23	3.436750571918626e+00	1.200000000000000e+00	-8.665523526902713e-01
66	24	2.850078739488489e+00	4.437601569801785e-01	-6.909610289700965e-01
66	25	4.269897800638040e+00	8.218800784900887e-01	-1.115913949170273e+00
66	26	5.689716861787581e+00	1.200000000000000e+00	-1.540866869370445e+00
67	0	2.864100588675656e+00	4.437601569801788e-01	-3.787787822301467e-14
67	1	4.282050294337823e+00	8.218800784900901e-01	-6.975170509660008e-14
67	2	5.699999999999984e+00	1.200000000000000e+00	-1.015407977706481e-13
67	3	3.114184052978080e+00	2.318273189507413e-01	-4.360270548590634e-14
67	4	4.421111427783758e+00	4.179097646379709e-01	-7.287358736771377e-14
67	5	5.699999999999983e+00	5.999999999999992e-01	-1.017797958750053e-13
67	6	3.199999999999978e+00	-5.429732996823674e-16	-4.556688033488419e-14
67	7	4.449999999999980e+00	-5.368304310920464e-16	-7.353551774917514e-14
67	8	5.699999999999983e+00	-5.291294168288724e-16	-1.014663682543895e-13
67	9	2.860590320508827e+00	4.437601569801786e-01	-3.454932039532113e-01
67	10	4.279008005748596e+00	8.218800784900899e-01	-5.577350624760012e-01
67	11	5.697425690988363e+00	1.200000000000000e+00	-7.699769209987872e-01
67	12	3.110756322261997e+00	2.318273189507414e-01	-3.829262518514642e-01
67	13	4.418115034877739e+00	4.179097646379705e-01	-5.785500415214448e-01
67	14	5.697425690988363e+00	5.999999999999993e-01	-7.699769209987871e-01
67	15	3.196600591946170e+00	-5.172398080102378e-16	-3.957713732362940e-01
67	16	4.447013141467269e+00	-5.292786865589445e-16	-5.828741471175428e-01
67	17	5.697425690988366e+00	-5.275068395145410e-16	-7.699769209987876e-01
67	18	2.850078739488489e+00	4.437601569801785e-01	-6.909610289700965e-01
67	19	4.269897800638040e+00	8.218800784900887e-01	-1.115913949170273e+00
67	20	5.689716861787581e+00	1.200000000000000e+00	-1.540866869370445e+00
67	21	3.100491901589386e+00	2.318273189507413e-01	-7.659098780193385e-01
67	22	4.409142265475668e+00	4.179097646379699e-01	-1.157589922942982e+00
67	23	5.689716861787582e+00	5.999999999999974e-01	-1.540866869370446e+00
67	24	3.186420984155395e+00	-5.125932008526754e-16	-7.916285175035702e-01
67	25	4.438068922971486e+00	-5.216427301292875e-16	-1.166247693437008e+00
67	26	5.689716861787581e+00	-5.188540345756951e-16	-1.540866869370445e+00
68	0	3.199999999999978e+00	-5.429732996823674e-16	-4.556688033488419e-14
68	1	4.449999999999980e+00	-5.368304310920464e-16	-7.353551774917514e-14
68	2	5.699999999999983e+00	-5.291294168288724e-16	-1.014663682543895e-13
68	3	3.114184052978083e+00	-2.318273189507466e-01	-4.367412119424463e-14
68	4	4.421111427783758e+00	-4.179097646379730e-01	-7.301695285297632e-14
68	5	5.699999999999983e+00	-6.000000000000004e-01	-1.019607425577859e-13
68	6	2.864100588675666e+00	-4.437601569801843e-01	-3.800007221717184e-14
68	7	4.282050294337822e+00	-8.218800784900919e-01	-6.986344750979085e-14
68	8	5.699999999999984e+00	-1.200000000000000e+00	-1.015407977706481e-13
68	9	3.196600591946170e+00	-5.172398080102378e-16	-3.957713732362940e-01
68	10	4.447013141467269e+00	-5.292786865589445e-16	-5.828741471175428e-01
68	11	5.697425690988366e+00	-5.275068395145410e-16	-7.699769209987876e-01
68	12	3.110756322262001e+00	-2.318273189507465e-01	-3.829262518514697e-01
68	13	4.418115034877736e+00	-4.179097646379740e-01	-5.785500415214455e-01
68	14	5.697425690988365e+00	-6.000000000000010e-01	-7.699769209987870e-01
68	15	2.860590320508837e+00	-4.437601569801843e-01	-3.454932039532221e-01
68	16	4.279008005748597e+00	-8.218800784900925e-01	-5.577350624760002e-01
68	17	5.697425690988363e+00	-1.200000000000000e+00	-7.699769209987872e-01
68	18	3.186420984155395e+00	-5.125932008526754e-16	-7.916285175035702e-01
68	19	4.438068922971486e+00	-5.216427301292875e-16	-1.166247693437008e+00
68	20	5.689716861787581e+00	-5.188540345756951e-16	-1.540866869370445e+00
68	21	3.100491901589390e+00	-2.318273189507468e-01	-7.659098780193471e-01
68	22	4.409142265475666e+00	-4.179097646379747e-01	-1.157589922942984e+00
68	23	5.689716861787579e+00	-6.000000000000022e-01	-1.540866869370445e+00
68	24	2.850078739488501e+00	-4.437601569801843e-01	-6.909610289701096e-01
68	25	4.269897800638037e+00	-8.218800784900938e-01	-1.115913949170277e+00
68	26	5.689716861787581e+00	-1.200000000000000e+00	-1.540866869370445e+00
69	0	2.864100588675666e+00	-4.437601569801843e-01	-3.800007221717184e-14
69	1	4.282050294337822e+00	-8.218800784900919e-01	-6.986344750979085e-14
69	2	5.699999999999984e+00	-1.200000000000000e+00	-1.015407977706481e-13
69	3	2.143715851064039e+00	-7.053396790143559e-01	-2.190948860523440e-14
69	4	2.816767708296261e+00	-9.602092248246360e-01	-3.687496458738071e-14
69	5	3.449999999999992e+00	-1.200000000000000e+00	-5.104250958219120e-14
69	6	1.199999999999998e+00	-8.000000000000003e-01	-6.768236355854450e-16
69	7	1.199999999999998e+00	-9.999999999999999e-01	-6.461609985755023e-16
69	8	1.199999999999998e+00	-1.200000000000000e+00	-6.235400849261922e-16
69	9	2.860590320508837e+00	-4.437601569801843e-01	-3.454932039532221e-01
69	10	4.279008005748597e+00	-8.218800784900925e-01	-5.577350624760002e-01
69	11	5.697425690988363e+00	-1.200000000000000e+00	-7.699769209987872e-01
69	12	2.139967827394410e+00	-7.053396790143561e-01	-2.376644178181497e-01
69	13	2.813241818403727e+00	-9.602092248246366e-01	-3.384083133814025e-01
69	14	3.446683101850406e+00	-1.200000000000000e+00	-4.331919280125600e-01
69	15	1.195940512712444e+00	-8.000000000000003e-01	-9.640693502633145e-02
69	16	1.195940512712444e+00	-1.000000000000000e+00	-9.640693502633245e-02
69	17	1.195940512712443e+00	-1.200000000000000e+00	-9.640693502633282e-02
69	18	2.850078739488501e+00	-4.437601569801843e-01	-6.909610289701096e-01
69	19	4.269897800638037e+00	-8.218800784900938e-01	-1.115913949170277e+00
69	20	5.689716861787581e+00	-1.200000000000000e+00	-1.540866869370445e+00
69	21	2.128744281899575e+00	-7.053396790143560e-01	-4.750650795628390e-01
69	22	2.802683457756414e+00	-9.602092248246374e-01	-6.767755852562783e-01
69	23	3.436750571918626e+00	-1.200000000000000e+00	-8.665523526902713e-01
69	24	1.183784282049669e+00	-8.000000000000003e-01	-1.922378360100963e-01
69	25	1.183784282049669e+00	-1.000000000000001e+00	-1.922378360100963e-01
69	26	1.183784282049668e+00	-1.200000000000000e+00	-1.922378360100963e-01
70	0	1.676432910767681e+00	-5.055527906011758e-16	-3.396879436574942e-01
70	1	1.676432910767682e+00	-8.400000000000314e-02	-3.396879436574946e-01
70	2	1.676432910767680e+00	-1.680000000000029e-01	-3.396879436574943e-01
70	3	1.430108596408675e+00	-5.108728117593228e-16	-2.659628898337953e-01
70	4	1.430108596408675e+00	-8.400000000000291e-02	-2.659628898337952e-01
70	5	1.430108596408675e+00	-1.680000000000031e-01	-2.659628898337953e-01
70	6	1.183784282049669e+00	-4.898092614660884e-16	-1.922378360100962e-01
70	7	1.183784282049669e+00	-8.400000000000307e-02	-1.922378360100962e-01
70	8	1.183784282049669e+00	-1.680000000000030e-01	-1.922378360100963e-01
70	9	1.539332035500006e+00	-4.521687176024960e-16	-1.057121110736728e+00
70	10	1.539332035500007e+00	-8.400000000000289e-02	-1.057121110736729e+00
70	11	1.539332035500007e+00	-1.680000000000029e-01	-1.057121110736728e+00
70	12	1.290151452906258e+00	-4.502208594688347e-16	-8.213402802774590e-01
70	13	1.290151452906257e+00	-8.400000000000259e-02	-8.213402802774586e-01
70	14	1.290151452906257e+00	-1.680000000000030e-01	-8.213402802774591e-01
70	15	1.040970870312508e+00	-4.529757377169209e-16	-5.855594498181893e-01
70	16	1.040970870312508e+00	-8.400000000000289e-02	-5.855594498181892e-01
70	17	1.040970870312508e+00	-1.680000000000030e-01	-5.855594498181893e-01
70	18	1.273182633362222e+00	-4.062332006557479e-16	-1.729325507449937e+00
70	19	1.273182633362222e+00	-8.400000000000304e-02	-1.729325507449937e+00
70	20	1.273182633362222e+00	-1.680000000000029e-01	-1.729325507449936e+00
70	21	1.018457271557269e+00	-4.049742385832238e-16	-1.322579301578631e+00
70	22	1.018457271557268e+00	-8.400000000000278e-02	-1.322579301578631e+00
70	23	1.018457271557269e+00	-1.680000000000029e-01	-1.322579301578631e+00
70	24	7.637319097523152e-01	-4.065209219506474e-16	-9.158330957073249e-01
70	25	7.637319097523150e-01	-8.400000000000299e-02	-9.158330957073251e-01
70	26	7.637319097523151e-01	-1.680000000000029e-01	-9.158330957073251e-01
71	0	1.676432910767680e+00	1.679999999999992e-01	-3.396879436574943e-01
71	1	1.676432910767681e+00	8.399999999999769e-02	-3.396879436574945e-01
71	2	1.676432910767681e+00	-5.055527906011758e-16	-3.396879436574942e-01
71	3	1.430108596408674e+00	1.679999999999994e-01	-2.659628898337954e-01
71	4	1.430108596408674e+00	8.399999999999766e-02	-2.659628898337952e-01
71	5	1.430108596408675e+00	-5.108728117593228e-16	-2.659628898337953e-01
71	6	1.183784282049669e+00	1.679999999999994e-01	-1.922378360100962e-01
71	7	1.183784282049669e+00	8.399999999999773e-02	-1.922378360100962e-01
71	8	1.183784282049669e+00	-4.898092614660884e-16	-1.922378360100962e-01
71	9	1.539332035500007e+00	1.679999999999981e-01	-1.057121110736729e+00
71	10	1.539332035500007e+00	8.399999999999749e-02	-1.057121110736729e+00
71	11	1.539332035500006e+00	-4.521687176024960e-16	-1.057121110736728e+00
71	12	1.290151452906258e+00	1.679999999999983e-01	-8.213402802774588e-01
71	13	1.290151452906257e+00	8.399999999999741e-02	-8.213402802774589e-01
71	14	1.290151452906258e+00	-4.502208594688347e-16	-8.213402802774590e-01
71	15	1.040970870312508e+00	1.679999999999981e-01	-5.855594498181894e-01
71	16	1.040970870312508e+00	8.399999999999745e-02	-5.855594498181891e-01
71	17	1.040970870312508e+00	-4.529757377169209e-16	-5.855594498181893e-01
71	18	1.273182633362223e+00	1.679999999999995e-01	-1.729325507449937e+00
71	19	1.273182633362222e+00	8.399999999999777e-02	-1.729325507449937e+00
71	20	1.273182633362222e+00	-4.062332006557479e-16	-1.729325507449937e+00
71	21	1.018457271557269e+00	1.679999999999995e-01	-1.322579301578631e+00
71	22	1.018457271557269e+00	8.399999999999777e-02	-1.322579301578631e+00
71	23	1.018457271557269e+00	-4.049742385832238e-16	-1.322579301578631e+00
71	24	7.637319097523151e-01	1.679999999999994e-01	-9.158330957073251e-01
71	25	7.637319097523152e-01	8.399999999999776e-02	-9.158330957073251e-01
71	26	7.637319097523152e-01	-4.065209219506474e-16	-9.158330957073249e-01
72	0	1.183784282049669e+00	1.679999999999994e-01	-1.922378360100962e-01
72	1	1.183784282049669e+00	2.839999999999977e-01	-1.922378360100963e-01
72	2	1.183784282049668e+00	3.999999999999990e-01	-1.922378360100963e-01
72	3	1.430108596408674e+00	1.679999999999994e-01	-2.659628898337954e-01
72	4	1.539739478150141e+00	2.575202669150830e-01	-2.987754957600992e-01
72	5	1.656264281974613e+00	3.526698395071755e-01	-3.336514577864640e-01
72	6	1.676432910767680e+00	1.679999999999992e-01	-3.396879436574943e-01
72	7	1.846682210768381e+00	1.949400392450443e-01	-3.906436880737968e-01
72	8	2.016931510769080e+00	2.218800784900888e-01	-4.415994324900951e-01
72	9	1.040970870312508e+00	1.679999999999981e-01	-5.855594498181894e-01
72	10	1.040970870312508e+00	2.839999999999981e-01	-5.855594498181892e-01
72	11	1.040970870312508e+00	3.999999999999991e-01	-5.855594498181893e-01
72	12	1.290151452906258e+00	1.679999999999983e-01	-8.213402802774588e-01
72	13	1.401053566056122e+00	2.575202669150827e-01	-9.262786027822844e-01
72	14	1.518929540172454e+00	3.526698395071770e-01	-1.037815765024401e+00
72	15	1.539332035500007e+00	1.679999999999981e-01	-1.057121110736729e+00
72	16	1.711555471382685e+00	1.949400392450445e-01	-1.220083185527163e+00
72	17	1.883778907265362e+00	2.218800784900909e-01	-1.383045260317596e+00
72	18	7.637319097523151e-01	1.679999999999994e-01	-9.158330957073251e-01
72	19	7.637319097523152e-01	2.839999999999984e-01	-9.158330957073253e-01
72	20	7.637319097523150e-01	3.999999999999991e-01	-9.158330957073251e-01
72	21	1.018457271557269e+00	1.679999999999995e-01	-1.322579301578631e+00
72	22	1.131827184264673e+00	2.575202669150834e-01	-1.503608711162929e+00
72	23	1.252326140653450e+00	3.526698395071768e-01	-1.696021798636004e+00
72	24	1.273182633362223e+00	1.679999999999995e-01	-1.729325507449937e+00
72	25	1.449238394047357e+00	1.949400392450450e-01	-2.010451863196553e+00
72	26	1.625294154732490e+00	2.218800784900914e-01	-2.291578218943168e+00
73	0	1.676432910767680e+00	1.679999999999992e-01	-3.396879436574943e-01
73	1	1.846682210768381e+00	1.949400392450443e-01	-3.906436880737968e-01
73	2	2.016931510769080e+00	2.218800784900888e-01	-4.415994324900951e-01
73	3	1.676432910767681e+00	8.399999999999769e-02	-3.396879436574945e-01
73	4	1.906760608589730e+00	9.978380489441055e-02	-4.086251980377910e-01
73	5	2.142138091819527e+00	1.159136594753707e-01	-4.790738570147159e-01
73	6	1.676432910767681e+00	-5.055527906011758e-16	-3.396879436574942e-01
73	7	1.930767771935105e+00	-5.078594953966561e-16	-4.158105602071648e-01
73	8	2.185102633102528e+00	-5.144517597897960e-16	-4.919331767568308e-01
73	9	1.539332035500007e+00	1.679999999999981e-01	-1.057121110736729e+00
73	10	1.711555471382685e+00	1.949400392450445e-01	-1.220083185527163e+00
73	11	1.883778907265362e+00	2.218800784900909e-01	-1.383045260317596e+00
73	12	1.539332035500007e+00	8.399999999999749e-02	-1.057121110736729e+00
73	13	1.772330511838511e+00	9.978380489441059e-02	-1.277590032010593e+00
73	14	2.010437328671745e+00	1.159136594753710e-01	-1.502892591409782e+00
73	15	1.539332035500006e+00	-4.521687176024960e-16	-1.057121110736728e+00
73	16	1.796616051674036e+00	-4.655289546310690e-16	-1.300569610479222e+00
73	17	2.053900067848065e+00	-4.686590038353018e-16	-1.544018110221715e+00
73	18	1.273182633362223e+00	1.679999999999995e-01	-1.729325507449937e+00
73	19	1.449238394047357e+00	1.949400392450450e-01	-2.010451863196553e+00
73	20	1.625294154732490e+00	2.218800784900914e-01	-2.291578218943168e+00
73	21	1.273182633362222e+00	8.399999999999777e-02	-1.729325507449937e+00
73	22	1.511365803846620e+00	9.978380489441065e-02	-2.109657093635334e+00
73	23	1.754770985882633e+00	1.159136594753711e-01	-2.498327203203659e+00
73	24	1.273182633362222e+00	-4.062332006557479e-16	-1.729325507449937e+00
73	25	1.536191746770585e+00	-4.070480511625892e-16	-2.149299232211359e+00
73	26	1.799200860178946e+00	-4.037263279257313e-16	-2.569272956972779e+00
74	0	1.676432910767681e+00	-5.055527906011758e-16	-3.396879436574942e-01
74	1	1.930767771935105e+00	-5.078594953966561e-16	-4.158105602071648e-01
74	2	2.185102633102528e+00	-5.144517597897960e-16	-4.919331767568308e-01
74	3	1.676432910767682e+00	-8.400000000000314e-02	-3.396879436574946e-01
74	4	1.906760608589730e+00	-9.978380489441466e-02	-4.086251980377922e-01
74	5	2.142138091819527e+00	-1.159136594753742e-01	-4.790738570147205e-01
74	6	1.676432910767680e+00	-1.680000000000029e-01	-3.396879436574943e-01
74	7	1.846682210768384e+00	-1.949400392450478e-01	-3.906436880737992e-01
74	8	2.016931510769085e+00	-2.218800784900925e-01	-4.415994324901025e-01
74	9	1.539332035500006e+00	-4.521687176024960e-16	-1.057121110736728e+00
74	10	1.796616051674036e+00	-4.655289546310690e-16	-1.300569610479222e+00
74	11	2.053900067848065e+00	-4.686590038353018e-16	-1.544018110221715e+00
74	12	1.539332035500007e+00	-8.400000000000289e-02	-1.057121110736729e+00
74	13	1.772330511838513e+00	-9.978380489441485e-02	-1.277590032010596e+00
74	14	2.010437328671745e+00	-1.159136594753746e-01	-1.502892591409785e+00
74	15	1.539332035500007e+00	-1.680000000000029e-01	-1.057121110736728e+00
74	16	1.711555471382688e+00	-1.949400392450478e-01	-1.220083185527166e+00
74	17	1.883778907265368e+00	-2.218800784900925e-01	-1.383045260317603e+00
74	18	1.273182633362222e+00	-4.062332006557479e-16	-1.729325507449937e+00
74	19	1.536191746770585e+00	-4.070480511625892e-16	-2.149299232211359e+00
74	20	1.799200860178946e+00	-4.037263279257313e-16	-2.569272956972779e+00
74	21	1.273182633362222e+00	-8.400000000000304e-02	-1.729325507449937e+00
74	22	1.511365803846621e+00	-9.978380489441470e-02	-2.109657093635336e+00
74	23	1.754770985882634e+00	-1.159136594753748e-01	-2.498327203203663e+00
74	24	1.273182633362222e+00	-1.680000000000029e-01	-1.729325507449936e+00
74	25	1.449238394047360e+00	-1.949400392450477e-01	-2.010451863196558e+00
74	26	1.625294154732496e+00	-2.218800784900924e-01	-2.291578218943178e+00
75	0	1.676432910767680e+00	-1.680000000000029e-01	-3.396879436574943e-01
75	1	1.846682210768384e+00	-1.949400392450478e-01	-3.906436880737992e-01
75	2	2.016931510769085e+00	-2.218800784900925e-01	-4.415994324901025e-01
75	3	1.430108596408675e+00	-1.680000000000031e-01	-2.659628898337953e-01
75	4	1.539739478150143e+00	-2.575202669150862e-01	-2.987754957601000e-01
75	5	1.656264281974621e+00	-3.526698395071785e-01	-3.336514577864674e-01
75	6	1.183784282049669e+00	-1.680000000000030e-01	-1.922378360100963e-01
75	7	1.183784282049668e+00	-2.840000000000021e-01	-1.922378360100962e-01
75	8	1.183784282049669e+00	-4.000000000000005e-01	-1.922378360100963e-01
75	9	1.539332035500007e+00	-1.680000000000029e-01	-1.057121110736728e+00
75	10	1.711555471382688e+00	-1.949400392450478e-01	-1.220083185527166e+00
75	11	1.883778907265368e+00	-2.218800784900925e-01	-1.383045260317603e+00
75	12	1.290151452906257e+00	-1.680000000000030e-01	-8.213402802774591e-01
75	13	1.401053566056124e+00	-2.575202669150865e-01	-9.262786027822861e-01
75	14	1.518929540172458e+00	-3.526698395071785e-01	-1.037815765024405e+00
75	15	1.040970870312508e+00	-1.680000000000030e-01	-5.855594498181893e-01
75	16	1.040970870312508e+00	-2.840000000000023e-01	-5.855594498181891e-01
75	17	1.040970870312508e+00	-4.000000000000004e-01	-5.855594498181894e-01
75	18	1.273182633362222e+00	-1.680000000000029e-01	-1.729325507449936e+00
75	19	1.449238394047360e+00	-1.949400392450477e-01	-2.010451863196558e+00
75	20	1.625294154732496e+00	-2.218800784900924e-01	-2.291578218943178e+00
75	21	1.018457271557269e+00	-1.680000000000029e-01	-1.322579301578631e+00
75	22	1.131827184264674e+00	-2.575202669150863e-01	-1.503608711162932e+00
75	23	1.252326140653452e+00	-3.526698395071785e-01	-1.696021798636008e+00
75	24	7.637319097523151e-01	-1.680000000000029e-01	-9.158330957073251e-01
75	25	7.637319097523153e-01	-2.840000000000021e-01	-9.158330957073250e-01
75	26	7.637319097523151e-01	-4.000000000000003e-01	-9.158330957073250e-01
76	0	1.183784282049668e+00	3.999999999999990e-01	-1.922378360100963e-01
76	1	1.183784282049669e+00	4.999999999999957e-01	-1.922378360100962e-01
76	2	1.183784282049669e+00	5.999999999999950e-01	-1.922378360100962e-01
76	3	1.656264281974613e+00	3.526698395071755e-01	-3.336514577864640e-01
76	4	1.774384281955850e+00	4.408372993839701e-01	-3.690048632305561e-01
76	5	1.892504281937088e+00	5.290047592607645e-01	-4.043582686746488e-01
76	6	2.016931510769080e+00	2.218800784900888e-01	-4.415994324900951e-01
76	7	2.225218317948936e+00	2.773500981126129e-01	-5.039398316100966e-01
76	8	2.433505125128794e+00	3.328201177351362e-01	-5.662802307300985e-01
76	9	1.040970870312508e+00	3.999999999999991e-01	-5.855594498181893e-01
76	10	1.040970870312508e+00	4.999999999999977e-01	-5.855594498181892e-01
76	11	1.040970870312508e+00	5.999999999999965e-01	-5.855594498181892e-01
76	12	1.518929540172454e+00	3.526698395071770e-01	-1.037815765024401e+00
76	13	1.638419207637441e+00	4.408372993839709e-01	-1.150879843825954e+00
76	14	1.757908875102430e+00	5.290047592607650e-01	-1.263943922627508e+00
76	15	1.883778907265362e+00	2.218800784900909e-01	-1.383045260317596e+00
76	16	2.094480916503582e+00	2.773500981126134e-01	-1.582416712942453e+00
76	17	2.305182925741802e+00	3.328201177351362e-01	-1.781788165567311e+00
76	18	7.637319097523150e-01	3.999999999999991e-01	-9.158330957073251e-01
76	19	7.637319097523151e-01	4.999999999999987e-01	-9.158330957073252e-01
76	20	7.637319097523152e-01	5.999999999999973e-01	-9.158330957073250e-01
76	21	1.252326140653450e+00	3.526698395071768e-01	-1.696021798636004e+00
76	22	1.374474698378734e+00	4.408372993839710e-01	-1.891068974368175e+00
76	23	1.496623256104019e+00	5.290047592607650e-01	-2.086116150100346e+00
76	24	1.625294154732490e+00	2.218800784900914e-01	-2.291578218943168e+00
76	25	1.840684715977541e+00	2.773500981126136e-01	-2.635514499752138e+00
76	26	2.056075277222593e+00	3.328201177351365e-01	-2.979450780561113e+00
77	0	2.016931510769080e+00	2.218800784900888e-01	-4.415994324900951e-01
77	1	2.225218317948936e+00	2.773500981126129e-01	-5.039398316100966e-01
77	2	2.433505125128794e+00	3.328201177351362e-01	-5.662802307300985e-01
77	3	2.142138091819527e+00	1.159136594753707e-01	-4.790738570147159e-01
77	4	2.381726544261995e+00	1.448920743442141e-01	-5.507828622658718e-01
77	5	2.621314996704465e+00	1.738704892130579e-01	-6.224918675170293e-01
77	6	2.185102633102528e+00	-5.144517597897960e-16	-4.919331767568308e-01
77	7	2.435432220865748e+00	-5.000159822149884e-16	-5.668570119435163e-01
77	8	2.685761808628961e+00	-5.229408858034623e-16	-6.417808471302000e-01
77	9	1.883778907265362e+00	2.218800784900909e-01	-1.383045260317596e+00
77	10	2.094480916503582e+00	2.773500981126134e-01	-1.582416712942453e+00
77	11	2.305182925741802e+00	3.328201177351362e-01	-1.781788165567311e+00
77	12	2.010437328671745e+00	1.159136594753710e-01	-1.502892591409782e+00
77	13	2.252803943261560e+00	1.448920743442136e-01	-1.732225876807685e+00
77	14	2.495170557851373e+00	1.738704892130564e-01	-1.961559162205589e+00
77	15	2.053900067848065e+00	-4.686590038353018e-16	-1.544018110221715e+00
77	16	2.307132367231958e+00	-4.640276353873203e-16	-1.783632775322600e+00
77	17	2.560364666615853e+00	-4.647441904982976e-16	-2.023247440423487e+00
77	18	1.625294154732490e+00	2.218800784900914e-01	-2.291578218943168e+00
77	19	1.840684715977541e+00	2.773500981126136e-01	-2.635514499752138e+00
77	20	2.056075277222593e+00	3.328201177351365e-01	-2.979450780561113e+00
77	21	1.754770985882633e+00	1.159136594753711e-01	-2.498327203203659e+00
77	22	2.002530754915218e+00	1.448920743442131e-01	-2.893950730077751e+00
77	23	2.250290523947804e+00	1.738704892130560e-01	-3.289574256951845e+00
77	24	1.799200860178946e+00	-4.037263279257313e-16	-2.569272956972779e+00
77	25	2.058068097785609e+00	-4.031570602282947e-16	-2.982632922289153e+00
77	26	2.316935335392275e+00	-4.053264759384217e-16	-3.395992887605529e+00
78	0	2.185102633102528e+00	-5.144517597897960e-16	-4.919331767568308e-01
78	1	2.435432220865748e+00	-5.000159822149884e-16	-5.668570119435163e-01
78	2	2.685761808628961e+00	-5.229408858034623e-16	-6.417808471302000e-01
78	3	2.142138091819527e+00	-1.159136594753742e-01	-4.790738570147205e-01
78	4	2.381726544261992e+00	-1.448920743442167e-01	-5.507828622658774e-01
78	5	2.621314996704456e+00	-1.738704892130601e-01	-6.224918675170336e-01
78	6	2.016931510769085e+00	-2.218800784900925e-01	-4.415994324901025e-01
78	7	2.225218317948937e+00	-2.773500981126149e-01	-5.039398316101039e-01
78	8	2.433505125128794e+00	-3.328201177351373e-01	-5.662802307301064e-01
78	9	2.053900067848065e+00	-4.686590038353018e-16	-1.544018110221715e+00
78	10	2.307132367231958e+00	-4.640276353873203e-16	-1.783632775322600e+00
78	11	2.560364666615853e+00	-4.647441904982976e-16	-2.023247440423487e+00
78	12	2.010437328671745e+00	-1.159136594753746e-01	-1.502892591409785e+00
78	13	2.252803943261559e+00	-1.448920743442173e-01	-1.732225876807687e+00
78	14	2.495170557851369e+00	-1.738704892130602e-01	-1.961559162205588e+00
78	15	1.883778907265368e+00	-2.218800784900925e-01	-1.383045260317603e+00
78	16	2.094480916503580e+00	-2.773500981126162e-01	-1.582416712942455e+00
78	17	2.305182925741793e+00	-3.328201177351390e-01	-1.781788165567304e+00
78	18	1.799200860178946e+00	-4.037263279257313e-16	-2.569272956972779e+00
78	19	2.058068097785609e+00	-4.031570602282947e-16	-2.982632922289153e+00
78	20	2.316935335392275e+00	-4.053264759384217e-16	-3.395992887605529e+00
78	21	1.754770985882634e+00	-1.159136594753748e-01	-2.498327203203663e+00
78	22	2.002530754915218e+00	-1.448920743442177e-01	-2.893950730077750e+00
78	23	2.250290523947800e+00	-1.738704892130601e-01	-3.289574256951840e+00
78	24	1.625294154732496e+00	-2.218800784900924e-01	-2.291578218943178e+00
78	25	1.840684715977539e+00	-2.773500981126167e-01	-2.635514499752137e+00
78	26	2.056075277222580e+00	-3.328201177351394e-01	-2.979450780561093e+00
79	0	2.016931510769085e+00	-2.218800784900925e-01	-4.415994324901025e-01
79	1	2.225218317948937e+00	-2.773500981126149e-01	-5.039398316101039e-01
79	2	2.433505125128794e+00	-3.328201177351373e-01	-5.662802307301064e-01
79	3	1.656264281974621e+00	-3.526698395071785e-01	-3.336514577864674e-01
79	4	1.774384281955859e+00	-4.408372993839728e-01	-3.690048632305602e-01
79	5	1.892504281937097e+00	-5.290047592607665e-01	-4.043582686746531e-01
79	6	1.183784282049669e+00	-4.000000000000005e-01	-1.922378360100963e-01
79	7	1.183784282049669e+00	-5.000000000000002e-01	-1.922378360100963e-01
79	8	1.183784282049668e+00	-6.000000000000003e-01	-1.922378360100963e-01
79	9	1.883778907265368e+00	-2.218800784900925e-01	-1.383045260317603e+00
79	10	2.094480916503580e+00	-2.773500981126162e-01	-1.582416712942455e+00
79	11	2.305182925741793e+00	-3.328201177351390e-01	-1.781788165567304e+00
79	12	1.518929540172458e+00	-3.526698395071785e-01	-1.037815765024405e+00
79	13	1.638419207637444e+00	-4.408372993839730e-01	-1.150879843825956e+00
79	14	1.757908875102429e+00	-5.290047592607672e-01	-1.263943922627508e+00
79	15	1.040970870312508e+00	-4.000000000000004e-01	-5.855594498181894e-01
79	16	1.040970870312508e+00	-5.000000000000014e-01	-5.855594498181893e-01
79	17	1.040970870312508e+00	-6.000000000000021e-01	-5.855594498181893e-01
79	18	1.625294154732496e+00	-2.218800784900924e-01	-2.291578218943178e+00
79	19	1.840684715977539e+00	-2.773500981126167e-01	-2.635514499752137e+00
79	20	2.056075277222580e+00	-3.328201177351394e-01	-2.979450780561093e+00
79	21	1.252326140653452e+00	-3.526698395071785e-01	-1.696021798636008e+00
79	22	1.374474698378734e+00	-4.408372993839733e-01	-1.891068974368173e+00
79	23	1.496623256104016e+00	-5.290047592607675e-01	-2.086116150100341e+00
79	24	7.637319097523151e-01	-4.000000000000003e-01	-9.158330957073250e-01
79	25	7.637319097523150e-01	-5.000000000000017e-01	-9.158330957073250e-01
79	26	7.637319097523149e-01	-6.000000000000024e-01	-9.158330957073249e-01
80	0	1.183784282049669e+00	5.999999999999950e-01	-1.922378360100962e-01
80	1	1.183784282049669e+00	6.999999999999937e-01	-1.922378360100942e-01
80	2	1.183784282049669e+00	7.999999999999992e-01	-1.922378360100937e-01
80	3	1.892504281937088e+00	5.290047592607645e-01	-4.043582686746488e-01
80	4	2.010624281918322e+00	6.171722191375589e-01	-4.397116741187382e-01
80	5	2.128744281899558e+00	7.053396790143520e-01	-4.750650795628277e-01
80	6	2.433505125128794e+00	3.328201177351362e-01	-5.662802307300985e-01
80	7	2.641791932308640e+00	3.882901373576584e-01	-6.286206298500968e-01
80	8	2.850078739488489e+00	4.437601569801785e-01	-6.909610289700965e-01
80	9	1.040970870312508e+00	5.999999999999965e-01	-5.855594498181892e-01
80	10	1.040970870312508e+00	6.999999999999970e-01	-5.855594498181886e-01
80	11	1.040970870312508e+00	7.999999999999995e-01	-5.855594498181887e-01
80	12	1.757908875102430e+00	5.290047592607650e-01	-1.263943922627508e+00
80	13	1.877398542567416e+00	6.171722191375586e-01	-1.377008001429059e+00
80	14	1.996888210032402e+00	7.053396790143537e-01	-1.490072080230612e+00
80	15	2.305182925741802e+00	3.328201177351362e-01	-1.781788165567311e+00
80	16	2.515884934980007e+00	3.882901373576584e-01	-1.981159618192154e+00
80	17	2.726586944218217e+00	4.437601569801802e-01	-2.180531070817004e+00
80	18	7.637319097523152e-01	5.999999999999973e-01	-9.158330957073250e-01
80	19	7.637319097523152e-01	6.999999999999981e-01	-9.158330957073251e-01
80	20	7.637319097523152e-01	7.999999999999995e-01	-9.158330957073251e-01
80	21	1.496623256104019e+00	5.290047592607650e-01	-2.086116150100346e+00
80	22	1.618771813829301e+00	6.171722191375592e-01	-2.281163325832514e+00
80	23	1.740920371554586e+00	7.053396790143538e-01	-2.476210501564685e+00
80	24	2.056075277222593e+00	3.328201177351365e-01	-2.979450780561113e+00
80	25	2.271465838467627e+00	3.882901373576590e-01	-3.323387061370061e+00
80	26	2.486856399712668e+00	4.437601569801811e-01	-3.667323342179016e+00
81	0	2.433505125128794e+00	3.328201177351362e-01	-5.662802307300985e-01
81	1	2.641791932308640e+00	3.882901373576584e-01	-6.286206298500968e-01
81	2	2.850078739488489e+00	4.437601569801785e-01	-6.909610289700965e-01
81	3	2.621314996704465e+00	1.738704892130579e-01	-6.224918675170293e-01
81	4	2.860903449146923e+00	2.028489040818995e-01	-6.942008727681824e-01
81	5	3.100491901589386e+00	2.318273189507413e-01	-7.659098780193385e-01
81	6	2.685761808628961e+00	-5.229408858034623e-16	-6.417808471302000e-01
81	7	2.936091396392173e+00	-5.226735602835618e-16	-7.167046823168839e-01
81	8	3.186420984155395e+00	-5.125932008526754e-16	-7.916285175035702e-01
81	9	2.305182925741802e+00	3.328201177351362e-01	-1.781788165567311e+00
81	10	2.515884934980007e+00	3.882901373576584e-01	-1.981159618192154e+00
81	11	2.726586944218217e+00	4.437601569801802e-01	-2.180531070817004e+00
81	12	2.495170557851373e+00	1.738704892130564e-01	-1.961559162205589e+00
81	13	2.737537172441179e+00	2.028489040818997e-01	-2.190892447603483e+00
81	14	2.979903787030985e+00	2.318273189507426e-01	-2.420225733001380e+00
81	15	2.560364666615853e+00	-4.647441904982976e-16	-2.023247440423487e+00
81	16	2.813596965999739e+00	-4.586693863774167e-16	-2.262862105524365e+00
81	17	3.066829265383628e+00	-4.547618448250049e-16	-2.502476770625250e+00
81	18	2.056075277222593e+00	3.328201177351365e-01	-2.979450780561113e+00
81	19	2.271465838467627e+00	3.882901373576590e-01	-3.323387061370061e+00
81	20	2.486856399712668e+00	4.437601569801811e-01	-3.667323342179016e+00
81	21	2.250290523947804e+00	1.738704892130560e-01	-3.289574256951845e+00
81	22	2.498050292980377e+00	2.028489040818994e-01	-3.685197783825918e+00
81	23	2.745810062012951e+00	2.318273189507427e-01	-4.080821310699996e+00
81	24	2.316935335392275e+00	-4.053264759384217e-16	-3.395992887605529e+00
81	25	2.575802572998926e+00	-4.273371902257552e-16	-3.809352852921884e+00
81	26	2.834669810605581e+00	-4.202875831734252e-16	-4.222712818238245e+00
82	0	2.685761808628961e+00	-5.229408858034623e-16	-6.417808471302000e-01
82	1	2.936091396392173e+00	-5.226735602835618e-16	-7.167046823168839e-01
82	2	3.186420984155395e+00	-5.125932008526754e-16	-7.916285175035702e-01
82	3	2.621314996704456e+00	-1.738704892130601e-01	-6.224918675170336e-01
82	4	2.860903449146921e+00	-2.028489040819038e-01	-6.942008727681892e-01
82	5	3.100491901589390e+00	-2.318273189507468e-01	-7.659098780193471e-01
82	6	2.433505125128794e+00	-3.328201177351373e-01	-5.662802307301064e-01
82	7	2.641791932308648e+00	-3.882901373576613e-01	-6.286206298501077e-01
82	8	2.850078739488501e+00	-4.437601569801843e-01	-6.909610289701096e-01
82	9	2.560364666615853e+00	-4.647441904982976e-16	-2.023247440423487e+00
82	10	2.813596965999739e+00	-4.586693863774167e-16	-2.262862105524365e+00
82	11	3.066829265383628e+00	-4.547618448250049e-16	-2.502476770625250e+00
82	12	2.495170557851369e+00	-1.738704892130602e-01	-1.961559162205588e+00
82	13	2.737537172441177e+00	-2.028489040819041e-01	-2.190892447603486e+00
82	14	2.979903787030985e+00	-2.318273189507477e-01	-2.420225733001387e+00
82	15	2.305182925741793e+00	-3.328201177351390e-01	-1.781788165567304e+00
82	16	2.515884934980007e+00	-3.882901373576618e-01	-1.981159618192160e+00
82	17	2.726586944218220e+00	-4.437601569801842e-01	-2.180531070817012e+00
82	18	2.316935335392275e+00	-4.053264759384217e-16	-3.395992887605529e+00
82	19	2.575802572998926e+00	-4.273371902257552e-16	-3.809352852921884e+00
82	20	2.834669810605581e+00	-4.202875831734252e-16	-4.222712818238245e+00
82	21	2.250290523947800e+00	-1.738704892130601e-01	-3.289574256951840e+00
82	22	2.498050292980376e+00	-2.028489040819044e-01	-3.685197783825918e+00
82	23	2.745810062012950e+00	-2.318273189507483e-01	-4.080821310699995e+00
82	24	2.056075277222580e+00	-3.328201177351394e-01	-2.979450780561093e+00
82	25	2.271465838467625e+00	-3.882901373576619e-01	-3.323387061370056e+00
82	26	2.486856399712669e+00	-4.437601569801842e-01	-3.667323342179018e+00
83	0	2.433505125128794e+00	-3.328201177351373e-01	-5.662802307301064e-01
83	1	2.641791932308648e+00	-3.882901373576613e-01	-6.286206298501077e-01
83	2	2.850078739488501e+00	-4.437601569801843e-01	-6.909610289701096e-01
83	3	1.892504281937097e+00	-5.290047592607665e-01	-4.043582686746531e-01
83	4	2.010624281918335e+00	-6.171722191375617e-01	-4.397116741187462e-01
83	5	2.128744281899575e+00	-7.053396790143560e-01	-4.750650795628390e-01
83	6	1.183784282049668e+00	-6.000000000000003e-01	-1.922378360100963e-01
83	7	1.183784282049669e+00	-7.000000000000004e-01	-1.922378360100963e-01
83	8	1.183784282049669e+00	-8.000000000000003e-01	-1.922378360100963e-01
83	9	2.305182925741793e+00	-3.328201177351390e-01	-1.781788165567304e+00
83	10	2.515884934980007e+00	-3.882901373576618e-01	-1.981159618192160e+00
83	11	2.726586944218220e+00	-4.437601569801842e-01	-2.180531070817012e+00
83	12	1.757908875102429e+00	-5.290047592607672e-01	-1.263943922627508e+00
83	13	1.877398542567417e+00	-6.171722191375618e-01	-1.377008001429062e+00
83	14	1.996888210032406e+00	-7.053396790143566e-01	-1.490072080230618e+00
83	15	1.040970870312508e+00	-6.000000000000021e-01	-5.855594498181893e-01
83	16	1.040970870312508e+00	-7.000000000000012e-01	-5.855594498181890e-01
83	17	1.040970870312508e+00	-8.000000000000000e-01	-5.855594498181891e-01
83	18	2.056075277222580e+00	-3.328201177351394e-01	-2.979450780561093e+00
83	19	2.271465838467625e+00	-3.882901373576619e-01	-3.323387061370056e+00
83	20	2.486856399712669e+00	-4.437601569801842e-01	-3.667323342179018e+00
83	21	1.496623256104016e+00	-5.290047592607675e-01	-2.086116150100341e+00
83	22	1.618771813829300e+00	-6.171722191375618e-01	-2.281163325832512e+00
83	23	1.740920371554586e+00	-7.053396790143566e-01	-2.476210501564684e+00
83	24	7.637319097523149e-01	-6.000000000000024e-01	-9.158330957073249e-01
83	25	7.637319097523152e-01	-7.000000000000014e-01	-9.158330957073251e-01
83	26	7.637319097523151e-01	-8.000000000000000e-01	-9.158330957073250e-01
84	0	1.183784282049669e+00	7.999999999999992e-01	-1.922378360100937e-01
84	1	1.183784282049668e+00	9.999999999999966e-01	-1.922378360100955e-01
84	2	1.183784282049668e+00	1.200000000000000e+00	-1.922378360100963e-01
84	3	2.128744281899558e+00	7.053396790143520e-01	-4.750650795628277e-01
84	4	2.802683457756413e+00	9.602092248246332e-01	-6.767755852562750e-01
84	5	3.436750571918626e+00	1.200000000000000e+00	-8.665523526902713e-01
84	6	2.850078739488489e+00	4.437601569801785e-01	-6.909610289700965e-01
84	7	4.269897800638040e+00	8.218800784900887e-01	-1.115913949170273e+00
84	8	5.689716861787581e+00	1.200000000000000e+00	-1.540866869370445e+00
84	9	1.040970870312508e+00	7.999999999999995e-01	-5.855594498181887e-01
84	10	1.040970870312508e+00	9.999999999999974e-01	-5.855594498181889e-01
84	11	1.040970870312508e+00	1.200000000000000e+00	-5.855594498181892e-01
84	12	1.996888210032402e+00	7.053396790143537e-01	-1.490072080230612e+00
84	13	2.678642087678465e+00	9.602092248246333e-01	-2.135164461695526e+00
84	14	3.320061564767534e+00	1.200000000000000e+00	-2.742091435726146e+00
84	15	2.726586944218217e+00	4.437601569801802e-01	-2.180531070817004e+00
84	16	4.162869601720389e+00	8.218800784900887e-01	-3.539577246225555e+00
84	17	5.599152259222554e+00	1.200000000000000e+00	-4.898623421634100e+00
84	18	7.637319097523152e-01	7.999999999999995e-01	-9.158330957073251e-01
84	19	7.637319097523151e-01	9.999999999999981e-01	-9.158330957073251e-01
84	20	7.637319097523152e-01	1.200000000000000e+00	-9.158330957073252e-01
84	21	1.740920371554586e+00	7.053396790143538e-01	-2.476210501564685e+00
84	22	2.437844671745539e+00	9.602092248246336e-01	-3.589061271011202e+00
84	23	3.093537048212258e+00	1.200000000000000e+00	-4.636072783554636e+00
84	24	2.486856399712668e+00	4.437601569801811e-01	-3.667323342179016e+00
84	25	3.955099293192435e+00	8.218800784900890e-01	-6.011817906790483e+00
84	26	5.423342186672193e+00	1.200000000000000e+00	-8.356312471401939e+00
85	0	2.850078739488489e+00	4.437601569801785e-01	-6.909610289700965e-01
85	1	4.269897800638040e+00	8.218800784900887e-01	-1.115913949170273e+00
85	2	5.689716861787581e+00	1.200000000000000e+00	-1.540866869370445e+00
85	3	3.100491901589386e+00	2.318273189507413e-01	-7.659098780193385e-01
85	4	4.409142265475668e+00	4.179097646379699e-01	-1.157589922942982e+00
85	5	5.689716861787582e+00	5.999999999999974e-01	-1.540866869370446e+00
85	6	3.186420984155395e+00	-5.125932008526754e-16	-7.916285175035702e-01
85	7	4.438068922971486e+00	-5.216427301292875e-16	-1.166247693437008e+00
85	8	5.689716861787581e+00	-5.188540345756951e-16	-1.540866869370445e+00
85	9	2.726586944218217e+00	4.437601569801802e-01	-2.180531070817004e+00
85	10	4.162869601720389e+00	8.218800784900887e-01	-3.539577246225555e+00
85	11	5.599152259222554e+00	1.200000000000000e+00	-4.898623421634100e+00
85	12	2.979903787030985e+00	2.318273189507426e-01	-2.420225733001380e+00
85	13	4.303728684030162e+00	4.179097646379698e-01	-3.672861593902340e+00
85	14	5.599152259222558e+00	5.999999999999970e-01	-4.898623421634101e+00
85	15	3.066829265383628e+00	-4.547618448250049e-16	-2.502476770625250e+00
85	16	4.332990762303090e+00	-4.560422454825147e-16	-3.700550096129672e+00
85	17	5.599152259222554e+00	-4.525385167130023e-16	-4.898623421634103e+00
85	18	2.486856399712668e+00	4.437601569801811e-01	-3.667323342179016e+00
85	19	3.955099293192435e+00	8.218800784900890e-01	-6.011817906790483e+00
85	20	5.423342186672193e+00	1.200000000000000e+00	-8.356312471401939e+00
85	21	2.745810062012951e+00	2.318273189507427e-01	-4.080821310699996e+00
85	22	4.099092779086832e+00	4.179097646379702e-01	-6.241747127982745e+00
85	23	5.423342186672191e+00	5.999999999999972e-01	-8.356312471401935e+00
85	24	2.834669810605581e+00	-4.202875831734252e-16	-4.222712818238245e+00
85	25	4.129005998638887e+00	-4.211165996721612e-16	-6.289512644820093e+00
85	26	5.423342186672194e+00	-4.059276159924192e-16	-8.356312471401941e+00
86	0	3.186420984155395e+00	-5.125932008526754e-16	-7.916285175035702e-01
86	1	4.438068922971486e+00	-5.216427301292875e-16	-1.166247693437008e+00
86	2	5.689716861787581e+00	-5.188540345756951e-16	-1.540866869370445e+00
86	3	3.100491901589390e+00	-2.318273189507468e-01	-7.659098780193471e-01
86	4	4.409142265475666e+00	-4.179097646379747e-01	-1.157589922942984e+00
86	5	5.689716861787579e+00	-6.000000000000022e-01	-1.540866869370445e+00
86	6	2.850078739488501e+00	-4.437601569801843e-01	-6.909610289701096e-01
86	7	4.269897800638037e+00	-8.218800784900938e-01	-1.115913949170277e+00
86	8	5.689716861787581e+00	-1.200000000000000e+00	-1.540866869370445e+00
86	9	3.066829265383628e+00	-4.547618448250049e-16	-2.502476770625250e+00
86	10	4.332990762303090e+00	-4.560422454825147e-16	-3.700550096129672e+00
86	11	5.599152259222554e+00	-4.525385167130023e-16	-4.898623421634103e+00
86	12	2.979903787030985e+00	-2.318273189507477e-01	-2.420225733001387e+00
86	13	4.303728684030161e+00	-4.179097646379750e-01	-3.672861593902342e+00
86	14	5.599152259222558e+00	-6.000000000000021e-01	-4.898623421634100e+00
86	15	2.726586944218220e+00	-4.437601569801842e-01	-2.180531070817012e+00
86	16	4.162869601720387e+00	-8.218800784900934e-01	-3.539577246225557e+00
86	17	5.599152259222554e+00	-1.200000000000000e+00	-4.898623421634100e+00
86	18	2.834669810605581e+00	-4.202875831734252e-16	-4.222712818238245e+00
86	19	4.129005998638887e+00	-4.211165996721612e-16	-6.289512644820093e+00
86	20	5.423342186672194e+00	-4.059276159924192e-16	-8.356312471401941e+00
86	21	2.745810062012950e+00	-2.318273189507483e-01	-4.080821310699995e+00
86	22	4.099092779086832e+00	-4.179097646379754e-01	-6.241747127982745e+00
86	23	5.423342186672191e+00	-6.000000000000022e-01	-8.356312471401939e+00
86	24	2.486856399712669e+00	-4.437601569801842e-01	-3.667323342179018e+00
86	25	3.955099293192427e+00	-8.218800784900937e-01	-6.011817906790476e+00
86	26	5.423342186672193e+00	-1.200000000000000e+00	-8.356312471401939e+00
87	0	2.850078739488501e+00	-4.437601569801843e-01	-6.909610289701096e-01
87	1	4.269897800638037e+00	-8.218800784900938e-01	-1.115913949170277e+00
87	2	5.689716861787581e+00	-1.200000000000000e+00	-1.540866869370445e+00
87	3	2.128744281899575e+00	-7.053396790143560e-01	-4.750650795628390e-01
87	4	2.802683457756414e+00	-9.602092248246374e-01	-6.767755852562783e-01
87	5	3.436750571918626e+00	-1.200000000000000e+00	-8.665523526902713e-01
87	6	1.183784282049669e+00	-8.000000000000003e-01	-1.922378360100963e-01
87	7	1.183784282049669e+00	-1.000000000000001e+00	-1.922378360100963e-01
87	8	1.183784282049668e+00	-1.200000000000000e+00	-1.922378360100963e-01
87	9	2.726586944218220e+00	-4.437601569801842e-01	-2.180531070817012e+00
87	10	4.162869601720387e+00	-8.218800784900934e-01	-3.539577246225557e+00
87	11	5.599152259222554e+00	-1.200000000000000e+00	-4.898623421634100e+00
87	12	1.996888210032406e+00	-7.053396790143566e-01	-1.490072080230618e+00
87	13	2.678642087678465e+00	-9.602092248246374e-01	-2.135164461695528e+00
87	14	3.320061564767534e+00	-1.200000000000000e+00	-2.742091435726146e+00
87	15	1.040970870312508e+00	-8.000000000000000e-01	-5.855594498181891e-01
87	16	1.040970870312508e+00	-1.000000000000002e+00	-5.855594498181893e-01
87	17	1.040970870312508e+00	-1.200000000000000e+00	-5.855594498181892e-01
87	18	2.486856399712669e+00	-4.437601569801842e-01	-3.667323342179018e+00
87	19	3.955099293192427e+00	-8.218800784900937e-01	-6.011817906790476e+00
87	20	5.423342186672193e+00	-1.200000000000000e+00	-8.356312471401939e+00
87	21	1.740920371554586e+00	-7.053396790143566e-01	-2.476210501564684e+00
87	22	2.437844671745536e+00	-9.602092248246370e-01	-3.589061271011199e+00
87	23	3.093537048212258e+00	-1.200000000000000e+00	-4.636072783554636e+00
87	24	7.637319097523151e-01	-8.000000000000000e-01	-9.158330957073250e-01
87	25	7.637319097523150e-01	-1.000000000000001e+00	-9.158330957073251e-01
87	26	7.637319097523152e-01	-1.200000000000000e+00	-9.158330957073252e-01
