要素番号	点番号	x	y	z
0 	0 	1.2000000000000	-0.6000000000000	0.0000000000000
0 	1 	1.2000000000000	-0.5500000000000	0.0000000000000
0 	2 	1.2000000000000	-0.4000000000000	0.0000000000000
0 	3 	1.9077868882980	-0.5290047592608	0.0000000000000
0 	4 	1.8488046476065	-0.4849210293224	0.0000000000000
0 	5 	1.6718579255320	-0.3526698395072	0.0000000000000
0 	6 	2.4480754415067	-0.3328201177351	0.0000000000000
0 	7 	2.3440691547145	-0.3050851079239	0.0000000000000
0 	8 	2.0320502943378	-0.2218800784901	0.0000000000000
0 	9 	1.2000000000000	-0.6000000000000	0.0000000000000
0 	10 	1.1997461732983	-0.5500000000000	0.0241242755920
0 	11 	1.1959405127124	-0.4000000000000	0.0964069350260
0 	12 	1.9077868882980	-0.5290047592608	0.0000000000000
0 	13 	1.8485642098434	-0.4849210293224	0.0241242755920
0 	14 	1.6679541700534	-0.3526698395072	0.0964069350260
0 	15 	2.4480754415067	-0.3328201177351	0.0000000000000
0 	16 	2.3438389373868	-0.3050851079239	0.0241242755920
0 	17 	2.0282654166106	-0.2218800784901	0.0964069350260
0 	18 	1.2000000000000	-0.6000000000000	0.0000000000000
0 	19 	1.1989847802201	-0.5500000000000	0.0482395313590
0 	20 	1.1837842820497	-0.4000000000000	0.1922378360100
0 	21 	1.9077868882980	-0.5290047592608	0.0000000000000
0 	22 	1.8478429789902	-0.4849210293224	0.0482395313590
0 	23 	1.6562642819746	-0.3526698395072	0.1922378360100
0 	24 	2.4480754415067	-0.3328201177351	0.0000000000000
0 	25 	2.3431483643359	-0.3050851079239	0.0482395313590
0 	26 	2.0169315107691	-0.2218800784901	0.1922378360100
1 	0 	1.2000000000000	-0.6000000000000	0.0000000000000
1 	1 	1.1989847802201	-0.5500000000000	0.0482395313590
1 	2 	1.1837842820497	-0.4000000000000	0.1922378360100
1 	3 	1.9077868882980	-0.5290047592608	0.0000000000000
1 	4 	1.8478429789902	-0.4849210293224	0.0482395313590
1 	5 	1.6562642819746	-0.3526698395072	0.1922378360100
1 	6 	2.4480754415067	-0.3328201177351	0.0000000000000
1 	7 	2.3431483643359	-0.3050851079239	0.0482395313590
1 	8 	2.0169315107691	-0.2218800784901	0.1922378360100
1 	9 	1.2000000000000	-0.6000000000000	0.0000000000000
1 	10 	1.1989847802201	-0.5750000000000	0.0482395313590
1 	11 	1.1837842820497	-0.5000000000000	0.1922378360100
1 	12 	1.9077868882980	-0.5290047592608	0.0000000000000
1 	13 	1.8773365334797	-0.5069628942916	0.0482395313590
1 	14 	1.7743842819559	-0.4408372993840	0.1922378360100
1 	15 	2.4480754415067	-0.3328201177351	0.0000000000000
1 	16 	2.3951557999775	-0.3189526128295	0.0482395313590
1 	17 	2.2252183179489	-0.2773500981126	0.1922378360100
1 	18 	1.2000000000000	-0.6000000000000	0.0000000000000
1 	19 	1.1989847802201	-0.6000000000000	0.0482395313590
1 	20 	1.1837842820497	-0.6000000000000	0.1922378360100
1 	21 	1.9077868882980	-0.5290047592608	0.0000000000000
1 	22 	1.9068300879693	-0.5290047592608	0.0482395313590
1 	23 	1.8925042819371	-0.5290047592608	0.1922378360100
1 	24 	2.4480754415067	-0.3328201177351	0.0000000000000
1 	25 	2.4471632356192	-0.3328201177351	0.0482395313590
1 	26 	2.4335051251288	-0.3328201177351	0.1922378360100
2 	0 	1.2000000000000	-0.6000000000000	0.0000000000000
2 	1 	1.1989847802201	-0.6000000000000	0.0482395313590
2 	2 	1.1837842820497	-0.6000000000000	0.1922378360100
2 	3 	1.9077868882980	-0.5290047592608	0.0000000000000
2 	4 	1.9068300879693	-0.5290047592608	0.0482395313590
2 	5 	1.8925042819371	-0.5290047592608	0.1922378360100
2 	6 	2.4480754415067	-0.3328201177351	0.0000000000000
2 	7 	2.4471632356192	-0.3328201177351	0.0482395313590
2 	8 	2.4335051251288	-0.3328201177351	0.1922378360100
2 	9 	1.2000000000000	-0.6000000000000	0.0000000000000
2 	10 	1.1989847802201	-0.6250000000000	0.0482395313590
2 	11 	1.1837842820497	-0.7000000000000	0.1922378360100
2 	12 	1.9077868882980	-0.5290047592608	0.0000000000000
2 	13 	1.9363236424588	-0.5510466242300	0.0482395313590
2 	14 	2.0106242819183	-0.6171722191376	0.1922378360100
2 	15 	2.4480754415067	-0.3328201177351	0.0000000000000
2 	16 	2.4991706712608	-0.3466876226408	0.0482395313590
2 	17 	2.6417919323086	-0.3882901373577	0.1922378360100
2 	18 	1.2000000000000	-0.6000000000000	0.0000000000000
2 	19 	1.1989847802201	-0.6500000000000	0.0482395313590
2 	20 	1.1837842820497	-0.8000000000000	0.1922378360100
2 	21 	1.9077868882980	-0.5290047592608	0.0000000000000
2 	22 	1.9658171969484	-0.5730884891992	0.0482395313590
2 	23 	2.1287442818996	-0.7053396790144	0.1922378360100
2 	24 	2.4480754415067	-0.3328201177351	0.0000000000000
2 	25 	2.5511781069024	-0.3605551275464	0.0482395313590
2 	26 	2.8500787394885	-0.4437601569802	0.1922378360100
3 	0 	1.2000000000000	-0.6000000000000	0.0000000000000
3 	1 	1.1989847802201	-0.6500000000000	0.0482395313590
3 	2 	1.1837842820497	-0.8000000000000	0.1922378360100
3 	3 	1.9077868882980	-0.5290047592608	0.0000000000000
3 	4 	1.9658171969484	-0.5730884891992	0.0482395313590
3 	5 	2.1287442818996	-0.7053396790144	0.1922378360100
3 	6 	2.4480754415067	-0.3328201177351	0.0000000000000
3 	7 	2.5511781069024	-0.3605551275464	0.0482395313590
3 	8 	2.8500787394885	-0.4437601569802	0.1922378360100
3 	9 	1.2000000000000	-0.6000000000000	0.0000000000000
3 	10 	1.1997461732983	-0.6500000000000	0.0241242755920
3 	11 	1.1959405127124	-0.8000000000000	0.0964069350260
3 	12 	1.9077868882980	-0.5290047592608	0.0000000000000
3 	13 	1.9665311255788	-0.5730884891992	0.0241242755920
3 	14 	2.1399678273944	-0.7053396790144	0.0964069350260
3 	15 	2.4480754415067	-0.3328201177351	0.0000000000000
3 	16 	2.5518558035848	-0.3605551275464	0.0241242755920
3 	17 	2.8605903205088	-0.4437601569802	0.0964069350260
3 	18 	1.2000000000000	-0.6000000000000	0.0000000000000
3 	19 	1.2000000000000	-0.6500000000000	0.0000000000000
3 	20 	1.2000000000000	-0.8000000000000	0.0000000000000
3 	21 	1.9077868882980	-0.5290047592608	0.0000000000000
3 	22 	1.9667691289895	-0.5730884891992	0.0000000000000
3 	23 	2.1437158510640	-0.7053396790144	0.0000000000000
3 	24 	2.4480754415067	-0.3328201177351	0.0000000000000
3 	25 	2.5520817282990	-0.3605551275464	0.0000000000000
3 	26 	2.8641005886757	-0.4437601569802	0.0000000000000
4 	0 	1.2000000000000	-0.6000000000000	0.0000000000000
4 	1 	1.2000000000000	-0.6500000000000	0.0000000000000
4 	2 	1.2000000000000	-0.8000000000000	0.0000000000000
4 	3 	1.9077868882980	-0.5290047592608	0.0000000000000
4 	4 	1.9667691289895	-0.5730884891992	0.0000000000000
4 	5 	2.1437158510640	-0.7053396790144	0.0000000000000
4 	6 	2.4480754415067	-0.3328201177351	0.0000000000000
4 	7 	2.5520817282990	-0.3605551275464	0.0000000000000
4 	8 	2.8641005886757	-0.4437601569802	0.0000000000000
4 	9 	1.2000000000000	-0.6000000000000	0.0000000000000
4 	10 	1.1997461732983	-0.6500000000000	-0.0241242755920
4 	11 	1.1959405127124	-0.8000000000000	-0.0964069350260
4 	12 	1.9077868882980	-0.5290047592608	0.0000000000000
4 	13 	1.9665311255788	-0.5730884891992	-0.0241242755920
4 	14 	2.1399678273944	-0.7053396790144	-0.0964069350260
4 	15 	2.4480754415067	-0.3328201177351	0.0000000000000
4 	16 	2.5518558035848	-0.3605551275464	-0.0241242755920
4 	17 	2.8605903205088	-0.4437601569802	-0.0964069350260
4 	18 	1.2000000000000	-0.6000000000000	0.0000000000000
4 	19 	1.1989847802201	-0.6500000000000	-0.0482395313590
4 	20 	1.1837842820497	-0.8000000000000	-0.1922378360100
4 	21 	1.9077868882980	-0.5290047592608	0.0000000000000
4 	22 	1.9658171969484	-0.5730884891992	-0.0482395313590
4 	23 	2.1287442818996	-0.7053396790144	-0.1922378360100
4 	24 	2.4480754415067	-0.3328201177351	0.0000000000000
4 	25 	2.5511781069024	-0.3605551275464	-0.0482395313590
4 	26 	2.8500787394885	-0.4437601569802	-0.1922378360100
5 	0 	1.2000000000000	-0.6000000000000	0.0000000000000
5 	1 	1.1989847802201	-0.6500000000000	-0.0482395313590
5 	2 	1.1837842820497	-0.8000000000000	-0.1922378360100
5 	3 	1.9077868882980	-0.5290047592608	0.0000000000000
5 	4 	1.9658171969484	-0.5730884891992	-0.0482395313590
5 	5 	2.1287442818996	-0.7053396790144	-0.1922378360100
5 	6 	2.4480754415067	-0.3328201177351	0.0000000000000
5 	7 	2.5511781069024	-0.3605551275464	-0.0482395313590
5 	8 	2.8500787394885	-0.4437601569802	-0.1922378360100
5 	9 	1.2000000000000	-0.6000000000000	0.0000000000000
5 	10 	1.1989847802201	-0.6250000000000	-0.0482395313590
5 	11 	1.1837842820497	-0.7000000000000	-0.1922378360100
5 	12 	1.9077868882980	-0.5290047592608	0.0000000000000
5 	13 	1.9363236424588	-0.5510466242300	-0.0482395313590
5 	14 	2.0106242819183	-0.6171722191376	-0.1922378360100
5 	15 	2.4480754415067	-0.3328201177351	0.0000000000000
5 	16 	2.4991706712608	-0.3466876226408	-0.0482395313590
5 	17 	2.6417919323086	-0.3882901373577	-0.1922378360100
5 	18 	1.2000000000000	-0.6000000000000	0.0000000000000
5 	19 	1.1989847802201	-0.6000000000000	-0.0482395313590
5 	20 	1.1837842820497	-0.6000000000000	-0.1922378360100
5 	21 	1.9077868882980	-0.5290047592608	0.0000000000000
5 	22 	1.9068300879693	-0.5290047592608	-0.0482395313590
5 	23 	1.8925042819371	-0.5290047592608	-0.1922378360100
5 	24 	2.4480754415067	-0.3328201177351	0.0000000000000
5 	25 	2.4471632356192	-0.3328201177351	-0.0482395313590
5 	26 	2.4335051251288	-0.3328201177351	-0.1922378360100
6 	0 	1.2000000000000	-0.6000000000000	0.0000000000000
6 	1 	1.1989847802201	-0.6000000000000	-0.0482395313590
6 	2 	1.1837842820497	-0.6000000000000	-0.1922378360100
6 	3 	1.9077868882980	-0.5290047592608	0.0000000000000
6 	4 	1.9068300879693	-0.5290047592608	-0.0482395313590
6 	5 	1.8925042819371	-0.5290047592608	-0.1922378360100
6 	6 	2.4480754415067	-0.3328201177351	0.0000000000000
6 	7 	2.4471632356192	-0.3328201177351	-0.0482395313590
6 	8 	2.4335051251288	-0.3328201177351	-0.1922378360100
6 	9 	1.2000000000000	-0.6000000000000	0.0000000000000
6 	10 	1.1989847802201	-0.5750000000000	-0.0482395313590
6 	11 	1.1837842820497	-0.5000000000000	-0.1922378360100
6 	12 	1.9077868882980	-0.5290047592608	0.0000000000000
6 	13 	1.8773365334797	-0.5069628942916	-0.0482395313590
6 	14 	1.7743842819559	-0.4408372993840	-0.1922378360100
6 	15 	2.4480754415067	-0.3328201177351	0.0000000000000
6 	16 	2.3951557999775	-0.3189526128295	-0.0482395313590
6 	17 	2.2252183179489	-0.2773500981126	-0.1922378360100
6 	18 	1.2000000000000	-0.6000000000000	0.0000000000000
6 	19 	1.1989847802201	-0.5500000000000	-0.0482395313590
6 	20 	1.1837842820497	-0.4000000000000	-0.1922378360100
6 	21 	1.9077868882980	-0.5290047592608	0.0000000000000
6 	22 	1.8478429789902	-0.4849210293224	-0.0482395313590
6 	23 	1.6562642819746	-0.3526698395072	-0.1922378360100
6 	24 	2.4480754415067	-0.3328201177351	0.0000000000000
6 	25 	2.3431483643359	-0.3050851079239	-0.0482395313590
6 	26 	2.0169315107691	-0.2218800784901	-0.1922378360100
7 	0 	1.2000000000000	-0.6000000000000	0.0000000000000
7 	1 	1.1989847802201	-0.5500000000000	-0.0482395313590
7 	2 	1.1837842820497	-0.4000000000000	-0.1922378360100
7 	3 	1.9077868882980	-0.5290047592608	0.0000000000000
7 	4 	1.8478429789902	-0.4849210293224	-0.0482395313590
7 	5 	1.6562642819746	-0.3526698395072	-0.1922378360100
7 	6 	2.4480754415067	-0.3328201177351	0.0000000000000
7 	7 	2.3431483643359	-0.3050851079239	-0.0482395313590
7 	8 	2.0169315107691	-0.2218800784901	-0.1922378360100
7 	9 	1.2000000000000	-0.6000000000000	0.0000000000000
7 	10 	1.1997461732983	-0.5500000000000	-0.0241242755920
7 	11 	1.1959405127124	-0.4000000000000	-0.0964069350260
7 	12 	1.9077868882980	-0.5290047592608	0.0000000000000
7 	13 	1.8485642098434	-0.4849210293224	-0.0241242755920
7 	14 	1.6679541700534	-0.3526698395072	-0.0964069350260
7 	15 	2.4480754415067	-0.3328201177351	0.0000000000000
7 	16 	2.3438389373868	-0.3050851079239	-0.0241242755920
7 	17 	2.0282654166106	-0.2218800784901	-0.0964069350260
7 	18 	1.2000000000000	-0.6000000000000	0.0000000000000
7 	19 	1.2000000000000	-0.5500000000000	0.0000000000000
7 	20 	1.2000000000000	-0.4000000000000	0.0000000000000
7 	21 	1.9077868882980	-0.5290047592608	0.0000000000000
7 	22 	1.8488046476065	-0.4849210293224	0.0000000000000
7 	23 	1.6718579255320	-0.3526698395072	0.0000000000000
7 	24 	2.4480754415067	-0.3328201177351	0.0000000000000
7 	25 	2.3440691547145	-0.3050851079239	0.0000000000000
7 	26 	2.0320502943378	-0.2218800784901	0.0000000000000
8 	0 	2.4480754415067	-0.3328201177351	0.0000000000000
8 	1 	2.3440691547145	-0.3050851079239	0.0000000000000
8 	2 	2.0320502943378	-0.2218800784901	0.0000000000000
8 	3 	2.6356380397336	-0.1738704892131	0.0000000000000
8 	4 	2.5160015364224	-0.1593812817786	0.0000000000000
8 	5 	2.1570920264890	-0.1159136594754	0.0000000000000
8 	6 	2.7000000000000	0.0000000000000	0.0000000000000
8 	7 	2.5750000000000	0.0000000000000	0.0000000000000
8 	8 	2.2000000000000	0.0000000000000	0.0000000000000
8 	9 	2.4480754415067	-0.3328201177351	0.0000000000000
8 	10 	2.3438389373868	-0.3050851079239	0.0241242755920
8 	11 	2.0282654166106	-0.2218800784901	0.0964069350260
8 	12 	2.6356380397336	-0.1738704892131	0.0000000000000
8 	13 	2.5157748671459	-0.1593812817786	0.0241242755920
8 	14 	2.1533484174872	-0.1159136594754	0.0964069350260
8 	15 	2.7000000000000	0.0000000000000	0.0000000000000
8 	16 	2.5747745482345	0.0000000000000	0.0241242755920
8 	17 	2.1962705523293	0.0000000000000	0.0964069350260
8 	18 	2.4480754415067	-0.3328201177351	0.0000000000000
8 	19 	2.3431483643359	-0.3050851079239	0.0482395313590
8 	20 	2.0169315107691	-0.2218800784901	0.1922378360100
8 	21 	2.6356380397336	-0.1738704892131	0.0000000000000
8 	22 	2.5150949370320	-0.1593812817786	0.0482395313590
8 	23 	2.1421380918195	-0.1159136594754	0.1922378360100
8 	24 	2.7000000000000	0.0000000000000	0.0000000000000
8 	25 	2.5740982702362	0.0000000000000	0.0482395313590
8 	26 	2.1851026331025	0.0000000000000	0.1922378360100
9 	0 	2.4480754415067	-0.3328201177351	0.0000000000000
9 	1 	2.3431483643359	-0.3050851079239	0.0482395313590
9 	2 	2.0169315107691	-0.2218800784901	0.1922378360100
9 	3 	2.6356380397336	-0.1738704892131	0.0000000000000
9 	4 	2.5150949370320	-0.1593812817786	0.0482395313590
9 	5 	2.1421380918195	-0.1159136594754	0.1922378360100
9 	6 	2.7000000000000	0.0000000000000	0.0000000000000
9 	7 	2.5740982702362	0.0000000000000	0.0482395313590
9 	8 	2.1851026331025	0.0000000000000	0.1922378360100
9 	9 	2.4480754415067	-0.3328201177351	0.0000000000000
9 	10 	2.3951557999775	-0.3189526128295	0.0482395313590
9 	11 	2.2252183179489	-0.2773500981126	0.1922378360100
9 	12 	2.6356380397336	-0.1738704892131	0.0000000000000
9 	13 	2.5749181259780	-0.1666258854958	0.0482395313590
9 	14 	2.3817265442620	-0.1448920743442	0.1922378360100
9 	15 	2.7000000000000	0.0000000000000	0.0000000000000
9 	16 	2.6366034288732	0.0000000000000	0.0482395313590
9 	17 	2.4354322208657	0.0000000000000	0.1922378360100
9 	18 	2.4480754415067	-0.3328201177351	0.0000000000000
9 	19 	2.4471632356192	-0.3328201177351	0.0482395313590
9 	20 	2.4335051251288	-0.3328201177351	0.1922378360100
9 	21 	2.6356380397336	-0.1738704892131	0.0000000000000
9 	22 	2.6347413149240	-0.1738704892131	0.0482395313590
9 	23 	2.6213149967045	-0.1738704892131	0.1922378360100
9 	24 	2.7000000000000	0.0000000000000	0.0000000000000
9 	25 	2.6991085875103	0.0000000000000	0.0482395313590
9 	26 	2.6857618086290	0.0000000000000	0.1922378360100
10 	0 	2.4480754415067	-0.3328201177351	0.0000000000000
10 	1 	2.4471632356192	-0.3328201177351	0.0482395313590
10 	2 	2.4335051251288	-0.3328201177351	0.1922378360100
10 	3 	2.6356380397336	-0.1738704892131	0.0000000000000
10 	4 	2.6347413149240	-0.1738704892131	0.0482395313590
10 	5 	2.6213149967045	-0.1738704892131	0.1922378360100
10 	6 	2.7000000000000	0.0000000000000	0.0000000000000
10 	7 	2.6991085875103	0.0000000000000	0.0482395313590
10 	8 	2.6857618086290	0.0000000000000	0.1922378360100
10 	9 	2.4480754415067	-0.3328201177351	0.0000000000000
10 	10 	2.4991706712608	-0.3466876226408	0.0482395313590
10 	11 	2.6417919323086	-0.3882901373577	0.1922378360100
10 	12 	2.6356380397336	-0.1738704892131	0.0000000000000
10 	13 	2.6945645038700	-0.1811150929303	0.0482395313590
10 	14 	2.8609034491469	-0.2028489040819	0.1922378360100
10 	15 	2.7000000000000	0.0000000000000	0.0000000000000
10 	16 	2.7616137461474	0.0000000000000	0.0482395313590
10 	17 	2.9360913963922	0.0000000000000	0.1922378360100
10 	18 	2.4480754415067	-0.3328201177351	0.0000000000000
10 	19 	2.5511781069024	-0.3605551275464	0.0482395313590
10 	20 	2.8500787394885	-0.4437601569802	0.1922378360100
10 	21 	2.6356380397336	-0.1738704892131	0.0000000000000
10 	22 	2.7543876928160	-0.1883596966475	0.0482395313590
10 	23 	3.1004919015894	-0.2318273189507	0.1922378360100
10 	24 	2.7000000000000	0.0000000000000	0.0000000000000
10 	25 	2.8241189047845	0.0000000000000	0.0482395313590
10 	26 	3.1864209841554	0.0000000000000	0.1922378360100
11 	0 	2.4480754415067	-0.3328201177351	0.0000000000000
11 	1 	2.5511781069024	-0.3605551275464	0.0482395313590
11 	2 	2.8500787394885	-0.4437601569802	0.1922378360100
11 	3 	2.6356380397336	-0.1738704892131	0.0000000000000
11 	4 	2.7543876928160	-0.1883596966475	0.0482395313590
11 	5 	3.1004919015894	-0.2318273189507	0.1922378360100
11 	6 	2.7000000000000	0.0000000000000	0.0000000000000
11 	7 	2.8241189047845	0.0000000000000	0.0482395313590
11 	8 	3.1864209841554	0.0000000000000	0.1922378360100
11 	9 	2.4480754415067	-0.3328201177351	0.0000000000000
11 	10 	2.5518558035848	-0.3605551275464	0.0241242755920
11 	11 	2.8605903205088	-0.4437601569802	0.0964069350260
11 	12 	2.6356380397336	-0.1738704892131	0.0000000000000
11 	13 	2.7550528114818	-0.1883596966475	0.0241242755920
11 	14 	3.1107563222620	-0.2318273189507	0.0964069350260
11 	15 	2.7000000000000	0.0000000000000	0.0000000000000
11 	16 	2.8247797073138	0.0000000000000	0.0241242755920
11 	17 	3.1966005919462	0.0000000000000	0.0964069350260
11 	18 	2.4480754415067	-0.3328201177351	0.0000000000000
11 	19 	2.5520817282990	-0.3605551275464	0.0000000000000
11 	20 	2.8641005886757	-0.4437601569802	0.0000000000000
11 	21 	2.6356380397336	-0.1738704892131	0.0000000000000
11 	22 	2.7552745430447	-0.1883596966475	0.0000000000000
11 	23 	3.1141840529781	-0.2318273189507	0.0000000000000
11 	24 	2.7000000000000	0.0000000000000	0.0000000000000
11 	25 	2.8250000000000	0.0000000000000	0.0000000000000
11 	26 	3.2000000000000	0.0000000000000	0.0000000000000
12 	0 	2.4480754415067	-0.3328201177351	0.0000000000000
12 	1 	2.5520817282990	-0.3605551275464	0.0000000000000
12 	2 	2.8641005886757	-0.4437601569802	0.0000000000000
12 	3 	2.6356380397336	-0.1738704892131	0.0000000000000
12 	4 	2.7552745430447	-0.1883596966475	0.0000000000000
12 	5 	3.1141840529781	-0.2318273189507	0.0000000000000
12 	6 	2.7000000000000	0.0000000000000	0.0000000000000
12 	7 	2.8250000000000	0.0000000000000	0.0000000000000
12 	8 	3.2000000000000	0.0000000000000	0.0000000000000
12 	9 	2.4480754415067	-0.3328201177351	0.0000000000000
12 	10 	2.5518558035848	-0.3605551275464	-0.0241242755920
12 	11 	2.8605903205088	-0.4437601569802	-0.0964069350260
12 	12 	2.6356380397336	-0.1738704892131	0.0000000000000
12 	13 	2.7550528114818	-0.1883596966475	-0.0241242755920
12 	14 	3.1107563222620	-0.2318273189507	-0.0964069350260
12 	15 	2.7000000000000	0.0000000000000	0.0000000000000
12 	16 	2.8247797073138	0.0000000000000	-0.0241242755920
12 	17 	3.1966005919462	0.0000000000000	-0.0964069350260
12 	18 	2.4480754415067	-0.3328201177351	0.0000000000000
12 	19 	2.5511781069024	-0.3605551275464	-0.0482395313590
12 	20 	2.8500787394885	-0.4437601569802	-0.1922378360100
12 	21 	2.6356380397336	-0.1738704892131	0.0000000000000
12 	22 	2.7543876928160	-0.1883596966475	-0.0482395313590
12 	23 	3.1004919015894	-0.2318273189507	-0.1922378360100
12 	24 	2.7000000000000	0.0000000000000	0.0000000000000
12 	25 	2.8241189047845	0.0000000000000	-0.0482395313590
12 	26 	3.1864209841554	0.0000000000000	-0.1922378360100
13 	0 	2.4480754415067	-0.3328201177351	0.0000000000000
13 	1 	2.5511781069024	-0.3605551275464	-0.0482395313590
13 	2 	2.8500787394885	-0.4437601569802	-0.1922378360100
13 	3 	2.6356380397336	-0.1738704892131	0.0000000000000
13 	4 	2.7543876928160	-0.1883596966475	-0.0482395313590
13 	5 	3.1004919015894	-0.2318273189507	-0.1922378360100
13 	6 	2.7000000000000	0.0000000000000	0.0000000000000
13 	7 	2.8241189047845	0.0000000000000	-0.0482395313590
13 	8 	3.1864209841554	0.0000000000000	-0.1922378360100
13 	9 	2.4480754415067	-0.3328201177351	0.0000000000000
13 	10 	2.4991706712608	-0.3466876226408	-0.0482395313590
13 	11 	2.6417919323086	-0.3882901373577	-0.1922378360100
13 	12 	2.6356380397336	-0.1738704892131	0.0000000000000
13 	13 	2.6945645038700	-0.1811150929303	-0.0482395313590
13 	14 	2.8609034491469	-0.2028489040819	-0.1922378360100
13 	15 	2.7000000000000	0.0000000000000	0.0000000000000
13 	16 	2.7616137461474	0.0000000000000	-0.0482395313590
13 	17 	2.9360913963922	0.0000000000000	-0.1922378360100
13 	18 	2.4480754415067	-0.3328201177351	0.0000000000000
13 	19 	2.4471632356192	-0.3328201177351	-0.0482395313590
13 	20 	2.4335051251288	-0.3328201177351	-0.1922378360100
13 	21 	2.6356380397336	-0.1738704892131	0.0000000000000
13 	22 	2.6347413149240	-0.1738704892131	-0.0482395313590
13 	23 	2.6213149967045	-0.1738704892131	-0.1922378360100
13 	24 	2.7000000000000	0.0000000000000	0.0000000000000
13 	25 	2.6991085875103	0.0000000000000	-0.0482395313590
13 	26 	2.6857618086290	0.0000000000000	-0.1922378360100
14 	0 	2.4480754415067	-0.3328201177351	0.0000000000000
14 	1 	2.4471632356192	-0.3328201177351	-0.0482395313590
14 	2 	2.4335051251288	-0.3328201177351	-0.1922378360100
14 	3 	2.6356380397336	-0.1738704892131	0.0000000000000
14 	4 	2.6347413149240	-0.1738704892131	-0.0482395313590
14 	5 	2.6213149967045	-0.1738704892131	-0.1922378360100
14 	6 	2.7000000000000	0.0000000000000	0.0000000000000
14 	7 	2.6991085875103	0.0000000000000	-0.0482395313590
14 	8 	2.6857618086290	0.0000000000000	-0.1922378360100
14 	9 	2.4480754415067	-0.3328201177351	0.0000000000000
14 	10 	2.3951557999775	-0.3189526128295	-0.0482395313590
14 	11 	2.2252183179489	-0.2773500981126	-0.1922378360100
14 	12 	2.6356380397336	-0.1738704892131	0.0000000000000
14 	13 	2.5749181259780	-0.1666258854958	-0.0482395313590
14 	14 	2.3817265442620	-0.1448920743442	-0.1922378360100
14 	15 	2.7000000000000	0.0000000000000	0.0000000000000
14 	16 	2.6366034288732	0.0000000000000	-0.0482395313590
14 	17 	2.4354322208657	0.0000000000000	-0.1922378360100
14 	18 	2.4480754415067	-0.3328201177351	0.0000000000000
14 	19 	2.3431483643359	-0.3050851079239	-0.0482395313590
14 	20 	2.0169315107691	-0.2218800784901	-0.1922378360100
14 	21 	2.6356380397336	-0.1738704892131	0.0000000000000
14 	22 	2.5150949370320	-0.1593812817786	-0.0482395313590
14 	23 	2.1421380918195	-0.1159136594754	-0.1922378360100
14 	24 	2.7000000000000	0.0000000000000	0.0000000000000
14 	25 	2.5740982702362	0.0000000000000	-0.0482395313590
14 	26 	2.1851026331025	0.0000000000000	-0.1922378360100
15 	0 	2.4480754415067	-0.3328201177351	0.0000000000000
15 	1 	2.3431483643359	-0.3050851079239	-0.0482395313590
15 	2 	2.0169315107691	-0.2218800784901	-0.1922378360100
15 	3 	2.6356380397336	-0.1738704892131	0.0000000000000
15 	4 	2.5150949370320	-0.1593812817786	-0.0482395313590
15 	5 	2.1421380918195	-0.1159136594754	-0.1922378360100
15 	6 	2.7000000000000	0.0000000000000	0.0000000000000
15 	7 	2.5740982702362	0.0000000000000	-0.0482395313590
15 	8 	2.1851026331025	0.0000000000000	-0.1922378360100
15 	9 	2.4480754415067	-0.3328201177351	0.0000000000000
15 	10 	2.3438389373868	-0.3050851079239	-0.0241242755920
15 	11 	2.0282654166106	-0.2218800784901	-0.0964069350260
15 	12 	2.6356380397336	-0.1738704892131	0.0000000000000
15 	13 	2.5157748671459	-0.1593812817786	-0.0241242755920
15 	14 	2.1533484174872	-0.1159136594754	-0.0964069350260
15 	15 	2.7000000000000	0.0000000000000	0.0000000000000
15 	16 	2.5747745482345	0.0000000000000	-0.0241242755920
15 	17 	2.1962705523293	0.0000000000000	-0.0964069350260
15 	18 	2.4480754415067	-0.3328201177351	0.0000000000000
15 	19 	2.3440691547145	-0.3050851079239	0.0000000000000
15 	20 	2.0320502943378	-0.2218800784901	0.0000000000000
15 	21 	2.6356380397336	-0.1738704892131	0.0000000000000
15 	22 	2.5160015364224	-0.1593812817786	0.0000000000000
15 	23 	2.1570920264890	-0.1159136594754	0.0000000000000
15 	24 	2.7000000000000	0.0000000000000	0.0000000000000
15 	25 	2.5750000000000	0.0000000000000	0.0000000000000
15 	26 	2.2000000000000	0.0000000000000	0.0000000000000
16 	0 	2.7000000000000	0.0000000000000	0.0000000000000
16 	1 	2.5750000000000	0.0000000000000	0.0000000000000
16 	2 	2.2000000000000	0.0000000000000	0.0000000000000
16 	3 	2.6356380397336	0.1738704892131	0.0000000000000
16 	4 	2.5160015364224	0.1593812817786	0.0000000000000
16 	5 	2.1570920264890	0.1159136594754	0.0000000000000
16 	6 	2.4480754415068	0.3328201177351	0.0000000000000
16 	7 	2.3440691547145	0.3050851079239	0.0000000000000
16 	8 	2.0320502943378	0.2218800784901	0.0000000000000
16 	9 	2.7000000000000	0.0000000000000	0.0000000000000
16 	10 	2.5747745482345	0.0000000000000	0.0241242755920
16 	11 	2.1962705523293	0.0000000000000	0.0964069350260
16 	12 	2.6356380397336	0.1738704892131	0.0000000000000
16 	13 	2.5157748671459	0.1593812817786	0.0241242755920
16 	14 	2.1533484174872	0.1159136594754	0.0964069350260
16 	15 	2.4480754415068	0.3328201177351	0.0000000000000
16 	16 	2.3438389373868	0.3050851079239	0.0241242755920
16 	17 	2.0282654166106	0.2218800784901	0.0964069350260
16 	18 	2.7000000000000	0.0000000000000	0.0000000000000
16 	19 	2.5740982702362	0.0000000000000	0.0482395313590
16 	20 	2.1851026331025	0.0000000000000	0.1922378360100
16 	21 	2.6356380397336	0.1738704892131	0.0000000000000
16 	22 	2.5150949370320	0.1593812817786	0.0482395313590
16 	23 	2.1421380918195	0.1159136594754	0.1922378360100
16 	24 	2.4480754415068	0.3328201177351	0.0000000000000
16 	25 	2.3431483643359	0.3050851079239	0.0482395313590
16 	26 	2.0169315107691	0.2218800784901	0.1922378360100
17 	0 	2.7000000000000	0.0000000000000	0.0000000000000
17 	1 	2.5740982702362	0.0000000000000	0.0482395313590
17 	2 	2.1851026331025	0.0000000000000	0.1922378360100
17 	3 	2.6356380397336	0.1738704892131	0.0000000000000
17 	4 	2.5150949370320	0.1593812817786	0.0482395313590
17 	5 	2.1421380918195	0.1159136594754	0.1922378360100
17 	6 	2.4480754415068	0.3328201177351	0.0000000000000
17 	7 	2.3431483643359	0.3050851079239	0.0482395313590
17 	8 	2.0169315107691	0.2218800784901	0.1922378360100
17 	9 	2.7000000000000	0.0000000000000	0.0000000000000
17 	10 	2.6366034288732	0.0000000000000	0.0482395313590
17 	11 	2.4354322208657	0.0000000000000	0.1922378360100
17 	12 	2.6356380397336	0.1738704892131	0.0000000000000
17 	13 	2.5749181259780	0.1666258854958	0.0482395313590
17 	14 	2.3817265442620	0.1448920743442	0.1922378360100
17 	15 	2.4480754415068	0.3328201177351	0.0000000000000
17 	16 	2.3951557999775	0.3189526128295	0.0482395313590
17 	17 	2.2252183179489	0.2773500981126	0.1922378360100
17 	18 	2.7000000000000	0.0000000000000	0.0000000000000
17 	19 	2.6991085875103	0.0000000000000	0.0482395313590
17 	20 	2.6857618086290	0.0000000000000	0.1922378360100
17 	21 	2.6356380397336	0.1738704892131	0.0000000000000
17 	22 	2.6347413149240	0.1738704892131	0.0482395313590
17 	23 	2.6213149967045	0.1738704892131	0.1922378360100
17 	24 	2.4480754415068	0.3328201177351	0.0000000000000
17 	25 	2.4471632356192	0.3328201177351	0.0482395313590
17 	26 	2.4335051251288	0.3328201177351	0.1922378360100
18 	0 	2.7000000000000	0.0000000000000	0.0000000000000
18 	1 	2.6991085875103	0.0000000000000	0.0482395313590
18 	2 	2.6857618086290	0.0000000000000	0.1922378360100
18 	3 	2.6356380397336	0.1738704892131	0.0000000000000
18 	4 	2.6347413149240	0.1738704892131	0.0482395313590
18 	5 	2.6213149967045	0.1738704892131	0.1922378360100
18 	6 	2.4480754415068	0.3328201177351	0.0000000000000
18 	7 	2.4471632356192	0.3328201177351	0.0482395313590
18 	8 	2.4335051251288	0.3328201177351	0.1922378360100
18 	9 	2.7000000000000	0.0000000000000	0.0000000000000
18 	10 	2.7616137461474	0.0000000000000	0.0482395313590
18 	11 	2.9360913963922	0.0000000000000	0.1922378360100
18 	12 	2.6356380397336	0.1738704892131	0.0000000000000
18 	13 	2.6945645038700	0.1811150929303	0.0482395313590
18 	14 	2.8609034491469	0.2028489040819	0.1922378360100
18 	15 	2.4480754415068	0.3328201177351	0.0000000000000
18 	16 	2.4991706712608	0.3466876226408	0.0482395313590
18 	17 	2.6417919323086	0.3882901373577	0.1922378360100
18 	18 	2.7000000000000	0.0000000000000	0.0000000000000
18 	19 	2.8241189047845	0.0000000000000	0.0482395313590
18 	20 	3.1864209841554	0.0000000000000	0.1922378360100
18 	21 	2.6356380397336	0.1738704892131	0.0000000000000
18 	22 	2.7543876928160	0.1883596966475	0.0482395313590
18 	23 	3.1004919015894	0.2318273189507	0.1922378360100
18 	24 	2.4480754415068	0.3328201177351	0.0000000000000
18 	25 	2.5511781069024	0.3605551275464	0.0482395313590
18 	26 	2.8500787394885	0.4437601569802	0.1922378360100
19 	0 	2.7000000000000	0.0000000000000	0.0000000000000
19 	1 	2.8241189047845	0.0000000000000	0.0482395313590
19 	2 	3.1864209841554	0.0000000000000	0.1922378360100
19 	3 	2.6356380397336	0.1738704892131	0.0000000000000
19 	4 	2.7543876928160	0.1883596966475	0.0482395313590
19 	5 	3.1004919015894	0.2318273189507	0.1922378360100
19 	6 	2.4480754415068	0.3328201177351	0.0000000000000
19 	7 	2.5511781069024	0.3605551275464	0.0482395313590
19 	8 	2.8500787394885	0.4437601569802	0.1922378360100
19 	9 	2.7000000000000	0.0000000000000	0.0000000000000
19 	10 	2.8247797073138	0.0000000000000	0.0241242755920
19 	11 	3.1966005919462	0.0000000000000	0.0964069350260
19 	12 	2.6356380397336	0.1738704892131	0.0000000000000
19 	13 	2.7550528114818	0.1883596966475	0.0241242755920
19 	14 	3.1107563222620	0.2318273189507	0.0964069350260
19 	15 	2.4480754415068	0.3328201177351	0.0000000000000
19 	16 	2.5518558035847	0.3605551275464	0.0241242755920
19 	17 	2.8605903205088	0.4437601569802	0.0964069350260
19 	18 	2.7000000000000	0.0000000000000	0.0000000000000
19 	19 	2.8250000000000	0.0000000000000	0.0000000000000
19 	20 	3.2000000000000	0.0000000000000	0.0000000000000
19 	21 	2.6356380397336	0.1738704892131	0.0000000000000
19 	22 	2.7552745430447	0.1883596966475	0.0000000000000
19 	23 	3.1141840529781	0.2318273189507	0.0000000000000
19 	24 	2.4480754415068	0.3328201177351	0.0000000000000
19 	25 	2.5520817282990	0.3605551275464	0.0000000000000
19 	26 	2.8641005886757	0.4437601569802	0.0000000000000
20 	0 	2.7000000000000	0.0000000000000	0.0000000000000
20 	1 	2.8250000000000	0.0000000000000	0.0000000000000
20 	2 	3.2000000000000	0.0000000000000	0.0000000000000
20 	3 	2.6356380397336	0.1738704892131	0.0000000000000
20 	4 	2.7552745430447	0.1883596966475	0.0000000000000
20 	5 	3.1141840529781	0.2318273189507	0.0000000000000
20 	6 	2.4480754415068	0.3328201177351	0.0000000000000
20 	7 	2.5520817282990	0.3605551275464	0.0000000000000
20 	8 	2.8641005886757	0.4437601569802	0.0000000000000
20 	9 	2.7000000000000	0.0000000000000	0.0000000000000
20 	10 	2.8247797073138	0.0000000000000	-0.0241242755920
20 	11 	3.1966005919462	0.0000000000000	-0.0964069350260
20 	12 	2.6356380397336	0.1738704892131	0.0000000000000
20 	13 	2.7550528114819	0.1883596966475	-0.0241242755920
20 	14 	3.1107563222620	0.2318273189507	-0.0964069350260
20 	15 	2.4480754415068	0.3328201177351	0.0000000000000
20 	16 	2.5518558035847	0.3605551275464	-0.0241242755920
20 	17 	2.8605903205088	0.4437601569802	-0.0964069350260
20 	18 	2.7000000000000	0.0000000000000	0.0000000000000
20 	19 	2.8241189047845	0.0000000000000	-0.0482395313590
20 	20 	3.1864209841554	0.0000000000000	-0.1922378360100
20 	21 	2.6356380397336	0.1738704892131	0.0000000000000
20 	22 	2.7543876928160	0.1883596966475	-0.0482395313590
20 	23 	3.1004919015894	0.2318273189507	-0.1922378360100
20 	24 	2.4480754415068	0.3328201177351	0.0000000000000
20 	25 	2.5511781069024	0.3605551275464	-0.0482395313590
20 	26 	2.8500787394885	0.4437601569802	-0.1922378360100
21 	0 	2.7000000000000	0.0000000000000	0.0000000000000
21 	1 	2.8241189047845	0.0000000000000	-0.0482395313590
21 	2 	3.1864209841554	0.0000000000000	-0.1922378360100
21 	3 	2.6356380397336	0.1738704892131	0.0000000000000
21 	4 	2.7543876928160	0.1883596966475	-0.0482395313590
21 	5 	3.1004919015894	0.2318273189507	-0.1922378360100
21 	6 	2.4480754415068	0.3328201177351	0.0000000000000
21 	7 	2.5511781069024	0.3605551275464	-0.0482395313590
21 	8 	2.8500787394885	0.4437601569802	-0.1922378360100
21 	9 	2.7000000000000	0.0000000000000	0.0000000000000
21 	10 	2.7616137461474	0.0000000000000	-0.0482395313590
21 	11 	2.9360913963922	0.0000000000000	-0.1922378360100
21 	12 	2.6356380397336	0.1738704892131	0.0000000000000
21 	13 	2.6945645038700	0.1811150929303	-0.0482395313590
21 	14 	2.8609034491469	0.2028489040819	-0.1922378360100
21 	15 	2.4480754415068	0.3328201177351	0.0000000000000
21 	16 	2.4991706712608	0.3466876226408	-0.0482395313590
21 	17 	2.6417919323086	0.3882901373577	-0.1922378360100
21 	18 	2.7000000000000	0.0000000000000	0.0000000000000
21 	19 	2.6991085875103	0.0000000000000	-0.0482395313590
21 	20 	2.6857618086290	0.0000000000000	-0.1922378360100
21 	21 	2.6356380397336	0.1738704892131	0.0000000000000
21 	22 	2.6347413149240	0.1738704892131	-0.0482395313590
21 	23 	2.6213149967045	0.1738704892131	-0.1922378360100
21 	24 	2.4480754415068	0.3328201177351	0.0000000000000
21 	25 	2.4471632356192	0.3328201177351	-0.0482395313590
21 	26 	2.4335051251288	0.3328201177351	-0.1922378360100
22 	0 	2.7000000000000	0.0000000000000	0.0000000000000
22 	1 	2.6991085875103	0.0000000000000	-0.0482395313590
22 	2 	2.6857618086290	0.0000000000000	-0.1922378360100
22 	3 	2.6356380397336	0.1738704892131	0.0000000000000
22 	4 	2.6347413149240	0.1738704892131	-0.0482395313590
22 	5 	2.6213149967045	0.1738704892131	-0.1922378360100
22 	6 	2.4480754415068	0.3328201177351	0.0000000000000
22 	7 	2.4471632356192	0.3328201177351	-0.0482395313590
22 	8 	2.4335051251288	0.3328201177351	-0.1922378360100
22 	9 	2.7000000000000	0.0000000000000	0.0000000000000
22 	10 	2.6366034288732	0.0000000000000	-0.0482395313590
22 	11 	2.4354322208657	0.0000000000000	-0.1922378360100
22 	12 	2.6356380397336	0.1738704892131	0.0000000000000
22 	13 	2.5749181259780	0.1666258854958	-0.0482395313590
22 	14 	2.3817265442620	0.1448920743442	-0.1922378360100
22 	15 	2.4480754415068	0.3328201177351	0.0000000000000
22 	16 	2.3951557999775	0.3189526128295	-0.0482395313590
22 	17 	2.2252183179489	0.2773500981126	-0.1922378360100
22 	18 	2.7000000000000	0.0000000000000	0.0000000000000
22 	19 	2.5740982702362	0.0000000000000	-0.0482395313590
22 	20 	2.1851026331025	0.0000000000000	-0.1922378360100
22 	21 	2.6356380397336	0.1738704892131	0.0000000000000
22 	22 	2.5150949370320	0.1593812817786	-0.0482395313590
22 	23 	2.1421380918195	0.1159136594754	-0.1922378360100
22 	24 	2.4480754415068	0.3328201177351	0.0000000000000
22 	25 	2.3431483643359	0.3050851079239	-0.0482395313590
22 	26 	2.0169315107691	0.2218800784901	-0.1922378360100
23 	0 	2.7000000000000	0.0000000000000	0.0000000000000
23 	1 	2.5740982702362	0.0000000000000	-0.0482395313590
23 	2 	2.1851026331025	0.0000000000000	-0.1922378360100
23 	3 	2.6356380397336	0.1738704892131	0.0000000000000
23 	4 	2.5150949370320	0.1593812817786	-0.0482395313590
23 	5 	2.1421380918195	0.1159136594754	-0.1922378360100
23 	6 	2.4480754415068	0.3328201177351	0.0000000000000
23 	7 	2.3431483643359	0.3050851079239	-0.0482395313590
23 	8 	2.0169315107691	0.2218800784901	-0.1922378360100
23 	9 	2.7000000000000	0.0000000000000	0.0000000000000
23 	10 	2.5747745482345	0.0000000000000	-0.0241242755920
23 	11 	2.1962705523293	0.0000000000000	-0.0964069350260
23 	12 	2.6356380397336	0.1738704892131	0.0000000000000
23 	13 	2.5157748671459	0.1593812817786	-0.0241242755920
23 	14 	2.1533484174872	0.1159136594754	-0.0964069350260
23 	15 	2.4480754415068	0.3328201177351	0.0000000000000
23 	16 	2.3438389373868	0.3050851079239	-0.0241242755920
23 	17 	2.0282654166106	0.2218800784901	-0.0964069350260
23 	18 	2.7000000000000	0.0000000000000	0.0000000000000
23 	19 	2.5750000000000	0.0000000000000	0.0000000000000
23 	20 	2.2000000000000	0.0000000000000	0.0000000000000
23 	21 	2.6356380397336	0.1738704892131	0.0000000000000
23 	22 	2.5160015364224	0.1593812817786	0.0000000000000
23 	23 	2.1570920264890	0.1159136594754	0.0000000000000
23 	24 	2.4480754415068	0.3328201177351	0.0000000000000
23 	25 	2.3440691547145	0.3050851079239	0.0000000000000
23 	26 	2.0320502943378	0.2218800784901	0.0000000000000
24 	0 	2.4480754415068	0.3328201177351	0.0000000000000
24 	1 	2.3440691547145	0.3050851079239	0.0000000000000
24 	2 	2.0320502943378	0.2218800784901	0.0000000000000
24 	3 	1.9077868882980	0.5290047592608	0.0000000000000
24 	4 	1.8488046476065	0.4849210293224	0.0000000000000
24 	5 	1.6718579255320	0.3526698395072	0.0000000000000
24 	6 	1.2000000000000	0.6000000000000	0.0000000000000
24 	7 	1.2000000000000	0.5500000000000	0.0000000000000
24 	8 	1.2000000000000	0.4000000000000	0.0000000000000
24 	9 	2.4480754415068	0.3328201177351	0.0000000000000
24 	10 	2.3438389373868	0.3050851079239	0.0241242755920
24 	11 	2.0282654166106	0.2218800784901	0.0964069350260
24 	12 	1.9077868882980	0.5290047592608	0.0000000000000
24 	13 	1.8485642098434	0.4849210293224	0.0241242755920
24 	14 	1.6679541700534	0.3526698395072	0.0964069350260
24 	15 	1.2000000000000	0.6000000000000	0.0000000000000
24 	16 	1.1997461732983	0.5500000000000	0.0241242755920
24 	17 	1.1959405127124	0.4000000000000	0.0964069350260
24 	18 	2.4480754415068	0.3328201177351	0.0000000000000
24 	19 	2.3431483643359	0.3050851079239	0.0482395313590
24 	20 	2.0169315107691	0.2218800784901	0.1922378360100
24 	21 	1.9077868882980	0.5290047592608	0.0000000000000
24 	22 	1.8478429789902	0.4849210293224	0.0482395313590
24 	23 	1.6562642819746	0.3526698395072	0.1922378360100
24 	24 	1.2000000000000	0.6000000000000	0.0000000000000
24 	25 	1.1989847802201	0.5500000000000	0.0482395313590
24 	26 	1.1837842820497	0.4000000000000	0.1922378360100
25 	0 	2.4480754415068	0.3328201177351	0.0000000000000
25 	1 	2.3431483643359	0.3050851079239	0.0482395313590
25 	2 	2.0169315107691	0.2218800784901	0.1922378360100
25 	3 	1.9077868882980	0.5290047592608	0.0000000000000
25 	4 	1.8478429789902	0.4849210293224	0.0482395313590
25 	5 	1.6562642819746	0.3526698395072	0.1922378360100
25 	6 	1.2000000000000	0.6000000000000	0.0000000000000
25 	7 	1.1989847802201	0.5500000000000	0.0482395313590
25 	8 	1.1837842820497	0.4000000000000	0.1922378360100
25 	9 	2.4480754415068	0.3328201177351	0.0000000000000
25 	10 	2.3951557999775	0.3189526128295	0.0482395313590
25 	11 	2.2252183179489	0.2773500981126	0.1922378360100
25 	12 	1.9077868882980	0.5290047592608	0.0000000000000
25 	13 	1.8773365334797	0.5069628942916	0.0482395313590
25 	14 	1.7743842819559	0.4408372993840	0.1922378360100
25 	15 	1.2000000000000	0.6000000000000	0.0000000000000
25 	16 	1.1989847802201	0.5750000000000	0.0482395313590
25 	17 	1.1837842820497	0.5000000000000	0.1922378360100
25 	18 	2.4480754415068	0.3328201177351	0.0000000000000
25 	19 	2.4471632356192	0.3328201177351	0.0482395313590
25 	20 	2.4335051251288	0.3328201177351	0.1922378360100
25 	21 	1.9077868882980	0.5290047592608	0.0000000000000
25 	22 	1.9068300879693	0.5290047592608	0.0482395313590
25 	23 	1.8925042819371	0.5290047592608	0.1922378360100
25 	24 	1.2000000000000	0.6000000000000	0.0000000000000
25 	25 	1.1989847802201	0.6000000000000	0.0482395313590
25 	26 	1.1837842820497	0.6000000000000	0.1922378360100
26 	0 	2.4480754415068	0.3328201177351	0.0000000000000
26 	1 	2.4471632356192	0.3328201177351	0.0482395313590
26 	2 	2.4335051251288	0.3328201177351	0.1922378360100
26 	3 	1.9077868882980	0.5290047592608	0.0000000000000
26 	4 	1.9068300879693	0.5290047592608	0.0482395313590
26 	5 	1.8925042819371	0.5290047592608	0.1922378360100
26 	6 	1.2000000000000	0.6000000000000	0.0000000000000
26 	7 	1.1989847802201	0.6000000000000	0.0482395313590
26 	8 	1.1837842820497	0.6000000000000	0.1922378360100
26 	9 	2.4480754415068	0.3328201177351	0.0000000000000
26 	10 	2.4991706712608	0.3466876226408	0.0482395313590
26 	11 	2.6417919323086	0.3882901373577	0.1922378360100
26 	12 	1.9077868882980	0.5290047592608	0.0000000000000
26 	13 	1.9363236424588	0.5510466242300	0.0482395313590
26 	14 	2.0106242819183	0.6171722191376	0.1922378360100
26 	15 	1.2000000000000	0.6000000000000	0.0000000000000
26 	16 	1.1989847802201	0.6250000000000	0.0482395313590
26 	17 	1.1837842820497	0.7000000000000	0.1922378360100
26 	18 	2.4480754415068	0.3328201177351	0.0000000000000
26 	19 	2.5511781069024	0.3605551275464	0.0482395313590
26 	20 	2.8500787394885	0.4437601569802	0.1922378360100
26 	21 	1.9077868882980	0.5290047592608	0.0000000000000
26 	22 	1.9658171969484	0.5730884891992	0.0482395313590
26 	23 	2.1287442818996	0.7053396790144	0.1922378360100
26 	24 	1.2000000000000	0.6000000000000	0.0000000000000
26 	25 	1.1989847802201	0.6500000000000	0.0482395313590
26 	26 	1.1837842820497	0.8000000000000	0.1922378360100
27 	0 	2.4480754415068	0.3328201177351	0.0000000000000
27 	1 	2.5511781069024	0.3605551275464	0.0482395313590
27 	2 	2.8500787394885	0.4437601569802	0.1922378360100
27 	3 	1.9077868882980	0.5290047592608	0.0000000000000
27 	4 	1.9658171969484	0.5730884891992	0.0482395313590
27 	5 	2.1287442818996	0.7053396790144	0.1922378360100
27 	6 	1.2000000000000	0.6000000000000	0.0000000000000
27 	7 	1.1989847802201	0.6500000000000	0.0482395313590
27 	8 	1.1837842820497	0.8000000000000	0.1922378360100
27 	9 	2.4480754415068	0.3328201177351	0.0000000000000
27 	10 	2.5518558035847	0.3605551275464	0.0241242755920
27 	11 	2.8605903205088	0.4437601569802	0.0964069350260
27 	12 	1.9077868882980	0.5290047592608	0.0000000000000
27 	13 	1.9665311255788	0.5730884891992	0.0241242755920
27 	14 	2.1399678273944	0.7053396790144	0.0964069350260
27 	15 	1.2000000000000	0.6000000000000	0.0000000000000
27 	16 	1.1997461732983	0.6500000000000	0.0241242755920
27 	17 	1.1959405127124	0.8000000000000	0.0964069350260
27 	18 	2.4480754415068	0.3328201177351	0.0000000000000
27 	19 	2.5520817282990	0.3605551275464	0.0000000000000
27 	20 	2.8641005886757	0.4437601569802	0.0000000000000
27 	21 	1.9077868882980	0.5290047592608	0.0000000000000
27 	22 	1.9667691289895	0.5730884891992	0.0000000000000
27 	23 	2.1437158510640	0.7053396790144	0.0000000000000
27 	24 	1.2000000000000	0.6000000000000	0.0000000000000
27 	25 	1.2000000000000	0.6500000000000	0.0000000000000
27 	26 	1.2000000000000	0.8000000000000	0.0000000000000
28 	0 	2.4480754415068	0.3328201177351	0.0000000000000
28 	1 	2.5520817282990	0.3605551275464	0.0000000000000
28 	2 	2.8641005886757	0.4437601569802	0.0000000000000
28 	3 	1.9077868882980	0.5290047592608	0.0000000000000
28 	4 	1.9667691289895	0.5730884891992	0.0000000000000
28 	5 	2.1437158510640	0.7053396790144	0.0000000000000
28 	6 	1.2000000000000	0.6000000000000	0.0000000000000
28 	7 	1.2000000000000	0.6500000000000	0.0000000000000
28 	8 	1.2000000000000	0.8000000000000	0.0000000000000
28 	9 	2.4480754415068	0.3328201177351	0.0000000000000
28 	10 	2.5518558035847	0.3605551275464	-0.0241242755920
28 	11 	2.8605903205088	0.4437601569802	-0.0964069350260
28 	12 	1.9077868882980	0.5290047592608	0.0000000000000
28 	13 	1.9665311255788	0.5730884891992	-0.0241242755920
28 	14 	2.1399678273944	0.7053396790144	-0.0964069350260
28 	15 	1.2000000000000	0.6000000000000	0.0000000000000
28 	16 	1.1997461732983	0.6500000000000	-0.0241242755920
28 	17 	1.1959405127124	0.8000000000000	-0.0964069350260
28 	18 	2.4480754415068	0.3328201177351	0.0000000000000
28 	19 	2.5511781069024	0.3605551275464	-0.0482395313590
28 	20 	2.8500787394885	0.4437601569802	-0.1922378360100
28 	21 	1.9077868882980	0.5290047592608	0.0000000000000
28 	22 	1.9658171969484	0.5730884891992	-0.0482395313590
28 	23 	2.1287442818996	0.7053396790144	-0.1922378360100
28 	24 	1.2000000000000	0.6000000000000	0.0000000000000
28 	25 	1.1989847802201	0.6500000000000	-0.0482395313590
28 	26 	1.1837842820497	0.8000000000000	-0.1922378360100
29 	0 	2.4480754415068	0.3328201177351	0.0000000000000
29 	1 	2.5511781069024	0.3605551275464	-0.0482395313590
29 	2 	2.8500787394885	0.4437601569802	-0.1922378360100
29 	3 	1.9077868882980	0.5290047592608	0.0000000000000
29 	4 	1.9658171969484	0.5730884891992	-0.0482395313590
29 	5 	2.1287442818996	0.7053396790144	-0.1922378360100
29 	6 	1.2000000000000	0.6000000000000	0.0000000000000
29 	7 	1.1989847802201	0.6500000000000	-0.0482395313590
29 	8 	1.1837842820497	0.8000000000000	-0.1922378360100
29 	9 	2.4480754415068	0.3328201177351	0.0000000000000
29 	10 	2.4991706712608	0.3466876226408	-0.0482395313590
29 	11 	2.6417919323086	0.3882901373577	-0.1922378360100
29 	12 	1.9077868882980	0.5290047592608	0.0000000000000
29 	13 	1.9363236424588	0.5510466242300	-0.0482395313590
29 	14 	2.0106242819183	0.6171722191376	-0.1922378360100
29 	15 	1.2000000000000	0.6000000000000	0.0000000000000
29 	16 	1.1989847802201	0.6250000000000	-0.0482395313590
29 	17 	1.1837842820497	0.7000000000000	-0.1922378360100
29 	18 	2.4480754415068	0.3328201177351	0.0000000000000
29 	19 	2.4471632356192	0.3328201177351	-0.0482395313590
29 	20 	2.4335051251288	0.3328201177351	-0.1922378360100
29 	21 	1.9077868882980	0.5290047592608	0.0000000000000
29 	22 	1.9068300879693	0.5290047592608	-0.0482395313590
29 	23 	1.8925042819371	0.5290047592608	-0.1922378360100
29 	24 	1.2000000000000	0.6000000000000	0.0000000000000
29 	25 	1.1989847802201	0.6000000000000	-0.0482395313590
29 	26 	1.1837842820497	0.6000000000000	-0.1922378360100
30 	0 	2.4480754415068	0.3328201177351	0.0000000000000
30 	1 	2.4471632356192	0.3328201177351	-0.0482395313590
30 	2 	2.4335051251288	0.3328201177351	-0.1922378360100
30 	3 	1.9077868882980	0.5290047592608	0.0000000000000
30 	4 	1.9068300879693	0.5290047592608	-0.0482395313590
30 	5 	1.8925042819371	0.5290047592608	-0.1922378360100
30 	6 	1.2000000000000	0.6000000000000	0.0000000000000
30 	7 	1.1989847802201	0.6000000000000	-0.0482395313590
30 	8 	1.1837842820497	0.6000000000000	-0.1922378360100
30 	9 	2.4480754415068	0.3328201177351	0.0000000000000
30 	10 	2.3951557999775	0.3189526128295	-0.0482395313590
30 	11 	2.2252183179489	0.2773500981126	-0.1922378360100
30 	12 	1.9077868882980	0.5290047592608	0.0000000000000
30 	13 	1.8773365334797	0.5069628942916	-0.0482395313590
30 	14 	1.7743842819558	0.4408372993840	-0.1922378360100
30 	15 	1.2000000000000	0.6000000000000	0.0000000000000
30 	16 	1.1989847802201	0.5750000000000	-0.0482395313590
30 	17 	1.1837842820497	0.5000000000000	-0.1922378360100
30 	18 	2.4480754415068	0.3328201177351	0.0000000000000
30 	19 	2.3431483643359	0.3050851079239	-0.0482395313590
30 	20 	2.0169315107691	0.2218800784901	-0.1922378360100
30 	21 	1.9077868882980	0.5290047592608	0.0000000000000
30 	22 	1.8478429789902	0.4849210293224	-0.0482395313590
30 	23 	1.6562642819746	0.3526698395072	-0.1922378360100
30 	24 	1.2000000000000	0.6000000000000	0.0000000000000
30 	25 	1.1989847802201	0.5500000000000	-0.0482395313590
30 	26 	1.1837842820497	0.4000000000000	-0.1922378360100
31 	0 	2.4480754415068	0.3328201177351	0.0000000000000
31 	1 	2.3431483643359	0.3050851079239	-0.0482395313590
31 	2 	2.0169315107691	0.2218800784901	-0.1922378360100
31 	3 	1.9077868882980	0.5290047592608	0.0000000000000
31 	4 	1.8478429789902	0.4849210293224	-0.0482395313590
31 	5 	1.6562642819746	0.3526698395072	-0.1922378360100
31 	6 	1.2000000000000	0.6000000000000	0.0000000000000
31 	7 	1.1989847802201	0.5500000000000	-0.0482395313590
31 	8 	1.1837842820497	0.4000000000000	-0.1922378360100
31 	9 	2.4480754415068	0.3328201177351	0.0000000000000
31 	10 	2.3438389373868	0.3050851079239	-0.0241242755920
31 	11 	2.0282654166106	0.2218800784901	-0.0964069350260
31 	12 	1.9077868882980	0.5290047592608	0.0000000000000
31 	13 	1.8485642098434	0.4849210293224	-0.0241242755920
31 	14 	1.6679541700534	0.3526698395072	-0.0964069350260
31 	15 	1.2000000000000	0.6000000000000	0.0000000000000
31 	16 	1.1997461732983	0.5500000000000	-0.0241242755920
31 	17 	1.1959405127124	0.4000000000000	-0.0964069350260
31 	18 	2.4480754415068	0.3328201177351	0.0000000000000
31 	19 	2.3440691547145	0.3050851079239	0.0000000000000
31 	20 	2.0320502943378	0.2218800784901	0.0000000000000
31 	21 	1.9077868882980	0.5290047592608	0.0000000000000
31 	22 	1.8488046476065	0.4849210293224	0.0000000000000
31 	23 	1.6718579255320	0.3526698395072	0.0000000000000
31 	24 	1.2000000000000	0.6000000000000	0.0000000000000
31 	25 	1.2000000000000	0.5500000000000	0.0000000000000
31 	26 	1.2000000000000	0.4000000000000	0.0000000000000
32 	0 	1.2000000000000	0.1680000000000	0.0000000000000
32 	1 	1.2000000000000	0.0840000000000	0.0000000000000
32 	2 	1.2000000000000	0.0000000000000	0.0000000000000
32 	3 	1.4460000000000	0.1680000000000	0.0000000000000
32 	4 	1.4460000000000	0.0840000000000	0.0000000000000
32 	5 	1.4460000000000	0.0000000000000	0.0000000000000
32 	6 	1.6920000000000	0.1680000000000	0.0000000000000
32 	7 	1.6920000000000	0.0840000000000	0.0000000000000
32 	8 	1.6920000000000	0.0000000000000	0.0000000000000
32 	9 	1.1959405127124	0.1680000000000	-0.0964069350260
32 	10 	1.1959405127124	0.0840000000000	-0.0964069350260
32 	11 	1.1959405127124	0.0000000000000	-0.0964069350260
32 	12 	1.4420217024582	0.1680000000000	-0.0964069350260
32 	13 	1.4420217024582	0.0840000000000	-0.0964069350260
32 	14 	1.4420217024582	0.0000000000000	-0.0964069350260
32 	15 	1.6881028922039	0.1680000000000	-0.0964069350260
32 	16 	1.6881028922039	0.0840000000000	-0.0964069350260
32 	17 	1.6881028922039	0.0000000000000	-0.0964069350260
32 	18 	1.1837842820497	0.1680000000000	-0.1922378360100
32 	19 	1.1837842820497	0.0840000000000	-0.1922378360100
32 	20 	1.1837842820497	0.0000000000000	-0.1922378360100
32 	21 	1.4301085964087	0.1680000000000	-0.1922378360100
32 	22 	1.4301085964087	0.0840000000000	-0.1922378360100
32 	23 	1.4301085964087	0.0000000000000	-0.1922378360100
32 	24 	1.6764329107677	0.1680000000000	-0.1922378360100
32 	25 	1.6764329107677	0.0840000000000	-0.1922378360100
32 	26 	1.6764329107677	0.0000000000000	-0.1922378360100
33 	0 	1.2000000000000	0.0000000000000	0.0000000000000
33 	1 	1.2000000000000	-0.0840000000000	0.0000000000000
33 	2 	1.2000000000000	-0.1680000000000	0.0000000000000
33 	3 	1.4460000000000	0.0000000000000	0.0000000000000
33 	4 	1.4460000000000	-0.0840000000000	0.0000000000000
33 	5 	1.4460000000000	-0.1680000000000	0.0000000000000
33 	6 	1.6920000000000	0.0000000000000	0.0000000000000
33 	7 	1.6920000000000	-0.0840000000000	0.0000000000000
33 	8 	1.6920000000000	-0.1680000000000	0.0000000000000
33 	9 	1.1959405127124	0.0000000000000	-0.0964069350260
33 	10 	1.1959405127124	-0.0840000000000	-0.0964069350260
33 	11 	1.1959405127124	-0.1680000000000	-0.0964069350260
33 	12 	1.4420217024582	0.0000000000000	-0.0964069350260
33 	13 	1.4420217024582	-0.0840000000000	-0.0964069350260
33 	14 	1.4420217024582	-0.1680000000000	-0.0964069350260
33 	15 	1.6881028922039	0.0000000000000	-0.0964069350260
33 	16 	1.6881028922039	-0.0840000000000	-0.0964069350260
33 	17 	1.6881028922039	-0.1680000000000	-0.0964069350260
33 	18 	1.1837842820497	0.0000000000000	-0.1922378360100
33 	19 	1.1837842820497	-0.0840000000000	-0.1922378360100
33 	20 	1.1837842820497	-0.1680000000000	-0.1922378360100
33 	21 	1.4301085964087	0.0000000000000	-0.1922378360100
33 	22 	1.4301085964087	-0.0840000000000	-0.1922378360100
33 	23 	1.4301085964087	-0.1680000000000	-0.1922378360100
33 	24 	1.6764329107677	0.0000000000000	-0.1922378360100
33 	25 	1.6764329107677	-0.0840000000000	-0.1922378360100
33 	26 	1.6764329107677	-0.1680000000000	-0.1922378360100
34 	0 	1.2000000000000	-0.1680000000000	0.0000000000000
34 	1 	1.2000000000000	-0.2840000000000	0.0000000000000
34 	2 	1.2000000000000	-0.4000000000000	0.0000000000000
34 	3 	1.4460000000000	-0.1680000000000	0.0000000000000
34 	4 	1.5554865400461	-0.2575202669151	0.0000000000000
34 	5 	1.6718579255320	-0.3526698395072	0.0000000000000
34 	6 	1.6920000000000	-0.1680000000000	0.0000000000000
34 	7 	1.8620251471689	-0.1949400392450	0.0000000000000
34 	8 	2.0320502943378	-0.2218800784901	0.0000000000000
34 	9 	1.1959405127124	-0.1680000000000	-0.0964069350260
34 	10 	1.1959405127124	-0.2840000000000	-0.0964069350260
34 	11 	1.1959405127124	-0.4000000000000	-0.0964069350260
34 	12 	1.4420217024582	-0.1680000000000	-0.0964069350260
34 	13 	1.5515443774000	-0.2575202669151	-0.0964069350260
34 	14 	1.6679541700534	-0.3526698395072	-0.0964069350260
34 	15 	1.6881028922039	-0.1680000000000	-0.0964069350260
34 	16 	1.8581841544073	-0.1949400392450	-0.0964069350260
34 	17 	2.0282654166106	-0.2218800784901	-0.0964069350260
34 	18 	1.1837842820497	-0.1680000000000	-0.1922378360100
34 	19 	1.1837842820497	-0.2840000000000	-0.1922378360100
34 	20 	1.1837842820497	-0.4000000000000	-0.1922378360100
34 	21 	1.4301085964087	-0.1680000000000	-0.1922378360100
34 	22 	1.5397394781501	-0.2575202669151	-0.1922378360100
34 	23 	1.6562642819746	-0.3526698395072	-0.1922378360100
34 	24 	1.6764329107677	-0.1680000000000	-0.1922378360100
34 	25 	1.8466822107684	-0.1949400392450	-0.1922378360100
34 	26 	2.0169315107691	-0.2218800784901	-0.1922378360100
35 	0 	1.6920000000000	-0.1680000000000	0.0000000000000
35 	1 	1.8620251471689	-0.1949400392450	0.0000000000000
35 	2 	2.0320502943378	-0.2218800784901	0.0000000000000
35 	3 	1.6920000000000	-0.0840000000000	0.0000000000000
35 	4 	1.9220244448530	-0.0997838048944	0.0000000000000
35 	5 	2.1570920264890	-0.1159136594754	0.0000000000000
35 	6 	1.6920000000000	0.0000000000000	0.0000000000000
35 	7 	1.9460000000000	0.0000000000000	0.0000000000000
35 	8 	2.2000000000000	0.0000000000000	0.0000000000000
35 	9 	1.6881028922039	-0.1680000000000	-0.0964069350260
35 	10 	1.8581841544073	-0.1949400392450	-0.0964069350260
35 	11 	2.0282654166106	-0.2218800784901	-0.0964069350260
35 	12 	1.6881028922039	-0.0840000000000	-0.0964069350260
35 	13 	1.9182032542366	-0.0997838048944	-0.0964069350260
35 	14 	2.1533484174872	-0.1159136594754	-0.0964069350260
35 	15 	1.6881028922039	0.0000000000000	-0.0964069350260
35 	16 	1.9421867222666	0.0000000000000	-0.0964069350260
35 	17 	2.1962705523293	0.0000000000000	-0.0964069350260
35 	18 	1.6764329107677	-0.1680000000000	-0.1922378360100
35 	19 	1.8466822107684	-0.1949400392450	-0.1922378360100
35 	20 	2.0169315107691	-0.2218800784901	-0.1922378360100
35 	21 	1.6764329107677	-0.0840000000000	-0.1922378360100
35 	22 	1.9067606085897	-0.0997838048944	-0.1922378360100
35 	23 	2.1421380918195	-0.1159136594754	-0.1922378360100
35 	24 	1.6764329107677	0.0000000000000	-0.1922378360100
35 	25 	1.9307677719351	0.0000000000000	-0.1922378360100
35 	26 	2.1851026331025	0.0000000000000	-0.1922378360100
36 	0 	1.6920000000000	0.0000000000000	0.0000000000000
36 	1 	1.9460000000000	0.0000000000000	0.0000000000000
36 	2 	2.2000000000000	0.0000000000000	0.0000000000000
36 	3 	1.6920000000000	0.0840000000000	0.0000000000000
36 	4 	1.9220244448530	0.0997838048944	0.0000000000000
36 	5 	2.1570920264890	0.1159136594754	0.0000000000000
36 	6 	1.6920000000000	0.1680000000000	0.0000000000000
36 	7 	1.8620251471689	0.1949400392450	0.0000000000000
36 	8 	2.0320502943378	0.2218800784901	0.0000000000000
36 	9 	1.6881028922039	0.0000000000000	-0.0964069350260
36 	10 	1.9421867222666	0.0000000000000	-0.0964069350260
36 	11 	2.1962705523293	0.0000000000000	-0.0964069350260
36 	12 	1.6881028922039	0.0840000000000	-0.0964069350260
36 	13 	1.9182032542366	0.0997838048944	-0.0964069350260
36 	14 	2.1533484174872	0.1159136594754	-0.0964069350260
36 	15 	1.6881028922039	0.1680000000000	-0.0964069350260
36 	16 	1.8581841544073	0.1949400392450	-0.0964069350260
36 	17 	2.0282654166106	0.2218800784901	-0.0964069350260
36 	18 	1.6764329107677	0.0000000000000	-0.1922378360100
36 	19 	1.9307677719351	0.0000000000000	-0.1922378360100
36 	20 	2.1851026331025	0.0000000000000	-0.1922378360100
36 	21 	1.6764329107677	0.0840000000000	-0.1922378360100
36 	22 	1.9067606085897	0.0997838048944	-0.1922378360100
36 	23 	2.1421380918195	0.1159136594754	-0.1922378360100
36 	24 	1.6764329107677	0.1680000000000	-0.1922378360100
36 	25 	1.8466822107684	0.1949400392450	-0.1922378360100
36 	26 	2.0169315107691	0.2218800784901	-0.1922378360100
37 	0 	1.6920000000000	0.1680000000000	0.0000000000000
37 	1 	1.8620251471689	0.1949400392450	0.0000000000000
37 	2 	2.0320502943378	0.2218800784901	0.0000000000000
37 	3 	1.4460000000000	0.1680000000000	0.0000000000000
37 	4 	1.5554865400461	0.2575202669151	0.0000000000000
37 	5 	1.6718579255320	0.3526698395072	0.0000000000000
37 	6 	1.2000000000000	0.1680000000000	0.0000000000000
37 	7 	1.2000000000000	0.2840000000000	0.0000000000000
37 	8 	1.2000000000000	0.4000000000000	0.0000000000000
37 	9 	1.6881028922039	0.1680000000000	-0.0964069350260
37 	10 	1.8581841544073	0.1949400392450	-0.0964069350260
37 	11 	2.0282654166106	0.2218800784901	-0.0964069350260
37 	12 	1.4420217024582	0.1680000000000	-0.0964069350260
37 	13 	1.5515443774000	0.2575202669151	-0.0964069350260
37 	14 	1.6679541700534	0.3526698395072	-0.0964069350260
37 	15 	1.1959405127124	0.1680000000000	-0.0964069350260
37 	16 	1.1959405127124	0.2840000000000	-0.0964069350260
37 	17 	1.1959405127124	0.4000000000000	-0.0964069350260
37 	18 	1.6764329107677	0.1680000000000	-0.1922378360100
37 	19 	1.8466822107684	0.1949400392450	-0.1922378360100
37 	20 	2.0169315107691	0.2218800784901	-0.1922378360100
37 	21 	1.4301085964087	0.1680000000000	-0.1922378360100
37 	22 	1.5397394781501	0.2575202669151	-0.1922378360100
37 	23 	1.6562642819746	0.3526698395072	-0.1922378360100
37 	24 	1.1837842820497	0.1680000000000	-0.1922378360100
37 	25 	1.1837842820497	0.2840000000000	-0.1922378360100
37 	26 	1.1837842820497	0.4000000000000	-0.1922378360100
38 	0 	1.2000000000000	-0.8000000000000	0.0000000000000
38 	1 	1.2000000000000	-1.0000000000000	0.0000000000000
38 	2 	1.2000000000000	-1.2000000000000	0.0000000000000
38 	3 	2.1437158510640	-0.7053396790144	0.0000000000000
38 	4 	2.8167677082963	-0.9602092248246	0.0000000000000
38 	5 	3.4500000000000	-1.2000000000000	0.0000000000000
38 	6 	2.8641005886757	-0.4437601569802	0.0000000000000
38 	7 	4.2820502943378	-0.8218800784901	0.0000000000000
38 	8 	5.5000000000000	-1.2000000000000	0.0000000000000
38 	9 	1.1959405127124	-0.8000000000000	-0.0964069350260
38 	10 	1.1959405127124	-1.0000000000000	-0.0964069350260
38 	11 	1.1959405127124	-1.2000000000000	-0.0964069350260
38 	12 	2.1399678273944	-0.7053396790144	-0.0964069350260
38 	13 	2.8132418184037	-0.9602092248246	-0.0964069350260
38 	14 	3.4466831018504	-1.2000000000000	-0.0964069350260
38 	15 	2.8605903205088	-0.4437601569802	-0.0964069350260
38 	16 	4.2790080057486	-0.8218800784901	-0.0964069350260
38 	17 	5.5000000000000	-1.2000000000000	-0.0964069350260
38 	18 	1.1837842820497	-0.8000000000000	-0.1922378360100
38 	19 	1.1837842820497	-1.0000000000000	-0.1922378360100
38 	20 	1.1837842820497	-1.2000000000000	-0.1922378360100
38 	21 	2.1287442818996	-0.7053396790144	-0.1922378360100
38 	22 	2.8026834577564	-0.9602092248246	-0.1922378360100
38 	23 	3.4367505719186	-1.2000000000000	-0.1922378360100
38 	24 	2.8500787394885	-0.4437601569802	-0.1922378360100
38 	25 	4.2698978006380	-0.8218800784901	-0.1922378360100
38 	26 	5.5000000000000	-1.2000000000000	-0.1922378360100
39 	0 	2.8641005886757	-0.4437601569802	0.0000000000000
39 	1 	4.2820502943378	-0.8218800784901	0.0000000000000
39 	2 	5.5000000000000	-1.2000000000000	0.0000000000000
39 	3 	3.1141840529781	-0.2318273189507	0.0000000000000
39 	4 	4.4211114277838	-0.4179097646380	0.0000000000000
39 	5 	5.5000000000000	-0.6000000000000	0.0000000000000
39 	6 	3.2000000000000	0.0000000000000	0.0000000000000
39 	7 	4.4500000000000	0.0000000000000	0.0000000000000
39 	8 	5.5000000000000	0.0000000000000	0.0000000000000
39 	9 	2.8605903205088	-0.4437601569802	-0.0964069350260
39 	10 	4.2790080057486	-0.8218800784901	-0.0964069350260
39 	11 	5.5000000000000	-1.2000000000000	-0.0964069350260
39 	12 	3.1107563222620	-0.2318273189507	-0.0964069350260
39 	13 	4.4181150348777	-0.4179097646380	-0.0964069350260
39 	14 	5.5000000000000	-0.6000000000000	-0.0964069350260
39 	15 	3.1966005919462	0.0000000000000	-0.0964069350260
39 	16 	4.4470131414673	0.0000000000000	-0.0964069350260
39 	17 	5.5000000000000	0.0000000000000	-0.0964069350260
39 	18 	2.8500787394885	-0.4437601569802	-0.1922378360100
39 	19 	4.2698978006380	-0.8218800784901	-0.1922378360100
39 	20 	5.5000000000000	-1.2000000000000	-0.1922378360100
39 	21 	3.1004919015894	-0.2318273189507	-0.1922378360100
39 	22 	4.4091422654757	-0.4179097646380	-0.1922378360100
39 	23 	5.5000000000000	-0.6000000000000	-0.1922378360100
39 	24 	3.1864209841554	0.0000000000000	-0.1922378360100
39 	25 	4.4380689229715	0.0000000000000	-0.1922378360100
39 	26 	5.5000000000000	0.0000000000000	-0.1922378360100
40 	0 	3.2000000000000	0.0000000000000	0.0000000000000
40 	1 	4.4500000000000	0.0000000000000	0.0000000000000
40 	2 	5.5000000000000	0.0000000000000	0.0000000000000
40 	3 	3.1141840529781	0.2318273189507	0.0000000000000
40 	4 	4.4211114277838	0.4179097646380	0.0000000000000
40 	5 	5.5000000000000	0.6000000000000	0.0000000000000
40 	6 	2.8641005886757	0.4437601569802	0.0000000000000
40 	7 	4.2820502943378	0.8218800784901	0.0000000000000
40 	8 	5.5000000000000	1.2000000000000	0.0000000000000
40 	9 	3.1966005919462	0.0000000000000	-0.0964069350260
40 	10 	4.4470131414673	0.0000000000000	-0.0964069350260
40 	11 	5.5000000000000	0.0000000000000	-0.0964069350260
40 	12 	3.1107563222620	0.2318273189507	-0.0964069350260
40 	13 	4.4181150348777	0.4179097646380	-0.0964069350260
40 	14 	5.5000000000000	0.6000000000000	-0.0964069350260
40 	15 	2.8605903205088	0.4437601569802	-0.0964069350260
40 	16 	4.2790080057486	0.8218800784901	-0.0964069350260
40 	17 	5.5000000000000	1.2000000000000	-0.0964069350260
40 	18 	3.1864209841554	0.0000000000000	-0.1922378360100
40 	19 	4.4380689229715	0.0000000000000	-0.1922378360100
40 	20 	5.5000000000000	0.0000000000000	-0.1922378360100
40 	21 	3.1004919015894	0.2318273189507	-0.1922378360100
40 	22 	4.4091422654757	0.4179097646380	-0.1922378360100
40 	23 	5.5000000000000	0.6000000000000	-0.1922378360100
40 	24 	2.8500787394885	0.4437601569802	-0.1922378360100
40 	25 	4.2698978006380	0.8218800784901	-0.1922378360100
40 	26 	5.5000000000000	1.2000000000000	-0.1922378360100
41 	0 	2.8641005886757	0.4437601569802	0.0000000000000
41 	1 	4.2820502943378	0.8218800784901	0.0000000000000
41 	2 	5.5000000000000	1.2000000000000	0.0000000000000
41 	3 	2.1437158510640	0.7053396790144	0.0000000000000
41 	4 	2.8167677082963	0.9602092248246	0.0000000000000
41 	5 	3.4500000000000	1.2000000000000	0.0000000000000
41 	6 	1.2000000000000	0.8000000000000	0.0000000000000
41 	7 	1.2000000000000	1.0000000000000	0.0000000000000
41 	8 	1.2000000000000	1.2000000000000	0.0000000000000
41 	9 	2.8605903205088	0.4437601569802	-0.0964069350260
41 	10 	4.2790080057486	0.8218800784901	-0.0964069350260
41 	11 	5.5000000000000	1.2000000000000	-0.0964069350260
41 	12 	2.1399678273944	0.7053396790144	-0.0964069350260
41 	13 	2.8132418184037	0.9602092248246	-0.0964069350260
41 	14 	3.4466831018504	1.2000000000000	-0.0964069350260
41 	15 	1.1959405127124	0.8000000000000	-0.0964069350260
41 	16 	1.1959405127124	1.0000000000000	-0.0964069350260
41 	17 	1.1959405127124	1.2000000000000	-0.0964069350260
41 	18 	2.8500787394885	0.4437601569802	-0.1922378360100
41 	19 	4.2698978006380	0.8218800784901	-0.1922378360100
41 	20 	5.5000000000000	1.2000000000000	-0.1922378360100
41 	21 	2.1287442818996	0.7053396790144	-0.1922378360100
41 	22 	2.8026834577564	0.9602092248246	-0.1922378360100
41 	23 	3.4367505719186	1.2000000000000	-0.1922378360100
41 	24 	1.1837842820497	0.8000000000000	-0.1922378360100
41 	25 	1.1837842820497	1.0000000000000	-0.1922378360100
41 	26 	1.1837842820497	1.2000000000000	-0.1922378360100
42 	0 	1.1837842820497	0.1680000000000	-0.1922378360100
42 	1 	1.1837842820497	0.0840000000000	-0.1922378360100
42 	2 	1.1837842820497	0.0000000000000	-0.1922378360100
42 	3 	1.4301085964087	0.1680000000000	-0.1922378360100
42 	4 	1.4301085964087	0.0840000000000	-0.1922378360100
42 	5 	1.4301085964087	0.0000000000000	-0.1922378360100
42 	6 	1.6764329107677	0.1680000000000	-0.1922378360100
42 	7 	1.6764329107677	0.0840000000000	-0.1922378360100
42 	8 	1.6764329107677	0.0000000000000	-0.1922378360100
42 	9 	1.0409708703125	0.1680000000000	-0.5855594498180
42 	10 	1.0409708703125	0.0840000000000	-0.5855594498180
42 	11 	1.0409708703125	0.0000000000000	-0.5855594498180
42 	12 	1.2901514529063	0.1680000000000	-0.5855594498180
42 	13 	1.2901514529063	0.0840000000000	-0.5855594498180
42 	14 	1.2901514529063	0.0000000000000	-0.5855594498180
42 	15 	1.5393320355000	0.1680000000000	-0.5855594498180
42 	16 	1.5393320355000	0.0840000000000	-0.5855594498180
42 	17 	1.5393320355000	0.0000000000000	-0.5855594498180
42 	18 	0.7637319097523	0.1680000000000	-0.9158330957070
42 	19 	0.7637319097523	0.0840000000000	-0.9158330957070
42 	20 	0.7637319097523	0.0000000000000	-0.9158330957070
42 	21 	1.0184572715573	0.1680000000000	-0.9158330957070
42 	22 	1.0184572715573	0.0840000000000	-0.9158330957070
42 	23 	1.0184572715573	0.0000000000000	-0.9158330957070
42 	24 	1.2731826333622	0.1680000000000	-0.9158330957070
42 	25 	1.2731826333622	0.0840000000000	-0.9158330957070
42 	26 	1.2731826333622	0.0000000000000	-0.9158330957070
43 	0 	1.1837842820497	0.0000000000000	-0.1922378360100
43 	1 	1.1837842820497	-0.0840000000000	-0.1922378360100
43 	2 	1.1837842820497	-0.1680000000000	-0.1922378360100
43 	3 	1.4301085964087	0.0000000000000	-0.1922378360100
43 	4 	1.4301085964087	-0.0840000000000	-0.1922378360100
43 	5 	1.4301085964087	-0.1680000000000	-0.1922378360100
43 	6 	1.6764329107677	0.0000000000000	-0.1922378360100
43 	7 	1.6764329107677	-0.0840000000000	-0.1922378360100
43 	8 	1.6764329107677	-0.1680000000000	-0.1922378360100
43 	9 	1.0409708703125	0.0000000000000	-0.5855594498180
43 	10 	1.0409708703125	-0.0840000000000	-0.5855594498180
43 	11 	1.0409708703125	-0.1680000000000	-0.5855594498180
43 	12 	1.2901514529063	0.0000000000000	-0.5855594498180
43 	13 	1.2901514529063	-0.0840000000000	-0.5855594498180
43 	14 	1.2901514529063	-0.1680000000000	-0.5855594498180
43 	15 	1.5393320355000	0.0000000000000	-0.5855594498180
43 	16 	1.5393320355000	-0.0840000000000	-0.5855594498180
43 	17 	1.5393320355000	-0.1680000000000	-0.5855594498180
43 	18 	0.7637319097523	0.0000000000000	-0.9158330957070
43 	19 	0.7637319097523	-0.0840000000000	-0.9158330957070
43 	20 	0.7637319097523	-0.1680000000000	-0.9158330957070
43 	21 	1.0184572715573	0.0000000000000	-0.9158330957070
43 	22 	1.0184572715573	-0.0840000000000	-0.9158330957070
43 	23 	1.0184572715573	-0.1680000000000	-0.9158330957070
43 	24 	1.2731826333622	0.0000000000000	-0.9158330957070
43 	25 	1.2731826333622	-0.0840000000000	-0.9158330957070
43 	26 	1.2731826333622	-0.1680000000000	-0.9158330957070
44 	0 	1.1837842820497	-0.1680000000000	-0.1922378360100
44 	1 	1.1837842820497	-0.2840000000000	-0.1922378360100
44 	2 	1.1837842820497	-0.4000000000000	-0.1922378360100
44 	3 	1.4301085964087	-0.1680000000000	-0.1922378360100
44 	4 	1.5397394781501	-0.2575202669151	-0.1922378360100
44 	5 	1.6562642819746	-0.3526698395072	-0.1922378360100
44 	6 	1.6764329107677	-0.1680000000000	-0.1922378360100
44 	7 	1.8466822107684	-0.1949400392450	-0.1922378360100
44 	8 	2.0169315107691	-0.2218800784901	-0.1922378360100
44 	9 	1.0409708703125	-0.1680000000000	-0.5855594498180
44 	10 	1.0409708703125	-0.2840000000000	-0.5855594498180
44 	11 	1.0409708703125	-0.4000000000000	-0.5855594498180
44 	12 	1.2901514529063	-0.1680000000000	-0.5855594498180
44 	13 	1.4010535660561	-0.2575202669151	-0.5855594498180
44 	14 	1.5189295401725	-0.3526698395072	-0.5855594498180
44 	15 	1.5393320355000	-0.1680000000000	-0.5855594498180
44 	16 	1.7115554713827	-0.1949400392450	-0.5855594498180
44 	17 	1.8837789072654	-0.2218800784901	-0.5855594498180
44 	18 	0.7637319097523	-0.1680000000000	-0.9158330957070
44 	19 	0.7637319097523	-0.2840000000000	-0.9158330957070
44 	20 	0.7637319097523	-0.4000000000000	-0.9158330957070
44 	21 	1.0184572715573	-0.1680000000000	-0.9158330957070
44 	22 	1.1318271842647	-0.2575202669151	-0.9158330957070
44 	23 	1.2523261406535	-0.3526698395072	-0.9158330957070
44 	24 	1.2731826333622	-0.1680000000000	-0.9158330957070
44 	25 	1.4492383940474	-0.1949400392450	-0.9158330957070
44 	26 	1.6252941547325	-0.2218800784901	-0.9158330957070
45 	0 	1.6764329107677	-0.1680000000000	-0.1922378360100
45 	1 	1.8466822107684	-0.1949400392450	-0.1922378360100
45 	2 	2.0169315107691	-0.2218800784901	-0.1922378360100
45 	3 	1.6764329107677	-0.0840000000000	-0.1922378360100
45 	4 	1.9067606085897	-0.0997838048944	-0.1922378360100
45 	5 	2.1421380918195	-0.1159136594754	-0.1922378360100
45 	6 	1.6764329107677	0.0000000000000	-0.1922378360100
45 	7 	1.9307677719351	0.0000000000000	-0.1922378360100
45 	8 	2.1851026331025	0.0000000000000	-0.1922378360100
45 	9 	1.5393320355000	-0.1680000000000	-0.5855594498180
45 	10 	1.7115554713827	-0.1949400392450	-0.5855594498180
45 	11 	1.8837789072654	-0.2218800784901	-0.5855594498180
45 	12 	1.5393320355000	-0.0840000000000	-0.5855594498180
45 	13 	1.7723305118385	-0.0997838048944	-0.5855594498180
45 	14 	2.0104373286717	-0.1159136594754	-0.5855594498180
45 	15 	1.5393320355000	0.0000000000000	-0.5855594498180
45 	16 	1.7966160516740	0.0000000000000	-0.5855594498180
45 	17 	2.0539000678481	0.0000000000000	-0.5855594498180
45 	18 	1.2731826333622	-0.1680000000000	-0.9158330957070
45 	19 	1.4492383940474	-0.1949400392450	-0.9158330957070
45 	20 	1.6252941547325	-0.2218800784901	-0.9158330957070
45 	21 	1.2731826333622	-0.0840000000000	-0.9158330957070
45 	22 	1.5113658038466	-0.0997838048944	-0.9158330957070
45 	23 	1.7547709858826	-0.1159136594754	-0.9158330957070
45 	24 	1.2731826333622	0.0000000000000	-0.9158330957070
45 	25 	1.5361917467706	0.0000000000000	-0.9158330957070
45 	26 	1.7992008601789	0.0000000000000	-0.9158330957070
46 	0 	1.6764329107677	0.0000000000000	-0.1922378360100
46 	1 	1.9307677719351	0.0000000000000	-0.1922378360100
46 	2 	2.1851026331025	0.0000000000000	-0.1922378360100
46 	3 	1.6764329107677	0.0840000000000	-0.1922378360100
46 	4 	1.9067606085897	0.0997838048944	-0.1922378360100
46 	5 	2.1421380918195	0.1159136594754	-0.1922378360100
46 	6 	1.6764329107677	0.1680000000000	-0.1922378360100
46 	7 	1.8466822107684	0.1949400392450	-0.1922378360100
46 	8 	2.0169315107691	0.2218800784901	-0.1922378360100
46 	9 	1.5393320355000	0.0000000000000	-0.5855594498180
46 	10 	1.7966160516740	0.0000000000000	-0.5855594498180
46 	11 	2.0539000678481	0.0000000000000	-0.5855594498180
46 	12 	1.5393320355000	0.0840000000000	-0.5855594498180
46 	13 	1.7723305118385	0.0997838048944	-0.5855594498180
46 	14 	2.0104373286717	0.1159136594754	-0.5855594498180
46 	15 	1.5393320355000	0.1680000000000	-0.5855594498180
46 	16 	1.7115554713827	0.1949400392450	-0.5855594498180
46 	17 	1.8837789072654	0.2218800784901	-0.5855594498180
46 	18 	1.2731826333622	0.0000000000000	-0.9158330957070
46 	19 	1.5361917467706	0.0000000000000	-0.9158330957070
46 	20 	1.7992008601789	0.0000000000000	-0.9158330957070
46 	21 	1.2731826333622	0.0840000000000	-0.9158330957070
46 	22 	1.5113658038466	0.0997838048944	-0.9158330957070
46 	23 	1.7547709858826	0.1159136594754	-0.9158330957070
46 	24 	1.2731826333622	0.1680000000000	-0.9158330957070
46 	25 	1.4492383940474	0.1949400392450	-0.9158330957070
46 	26 	1.6252941547325	0.2218800784901	-0.9158330957070
47 	0 	1.6764329107677	0.1680000000000	-0.1922378360100
47 	1 	1.8466822107684	0.1949400392450	-0.1922378360100
47 	2 	2.0169315107691	0.2218800784901	-0.1922378360100
47 	3 	1.4301085964087	0.1680000000000	-0.1922378360100
47 	4 	1.5397394781501	0.2575202669151	-0.1922378360100
47 	5 	1.6562642819746	0.3526698395072	-0.1922378360100
47 	6 	1.1837842820497	0.1680000000000	-0.1922378360100
47 	7 	1.1837842820497	0.2840000000000	-0.1922378360100
47 	8 	1.1837842820497	0.4000000000000	-0.1922378360100
47 	9 	1.5393320355000	0.1680000000000	-0.5855594498180
47 	10 	1.7115554713827	0.1949400392450	-0.5855594498180
47 	11 	1.8837789072654	0.2218800784901	-0.5855594498180
47 	12 	1.2901514529063	0.1680000000000	-0.5855594498180
47 	13 	1.4010535660561	0.2575202669151	-0.5855594498180
47 	14 	1.5189295401725	0.3526698395072	-0.5855594498180
47 	15 	1.0409708703125	0.1680000000000	-0.5855594498180
47 	16 	1.0409708703125	0.2840000000000	-0.5855594498180
47 	17 	1.0409708703125	0.4000000000000	-0.5855594498180
47 	18 	1.2731826333622	0.1680000000000	-0.9158330957070
47 	19 	1.4492383940474	0.1949400392450	-0.9158330957070
47 	20 	1.6252941547325	0.2218800784901	-0.9158330957070
47 	21 	1.0184572715573	0.1680000000000	-0.9158330957070
47 	22 	1.1318271842647	0.2575202669151	-0.9158330957070
47 	23 	1.2523261406535	0.3526698395072	-0.9158330957070
47 	24 	0.7637319097523	0.1680000000000	-0.9158330957070
47 	25 	0.7637319097523	0.2840000000000	-0.9158330957070
47 	26 	0.7637319097523	0.4000000000000	-0.9158330957070
48 	0 	1.1837842820497	-0.4000000000000	-0.1922378360100
48 	1 	1.1837842820497	-0.5000000000000	-0.1922378360100
48 	2 	1.1837842820497	-0.6000000000000	-0.1922378360100
48 	3 	1.6562642819746	-0.3526698395072	-0.1922378360100
48 	4 	1.7743842819559	-0.4408372993840	-0.1922378360100
48 	5 	1.8925042819371	-0.5290047592608	-0.1922378360100
48 	6 	2.0169315107691	-0.2218800784901	-0.1922378360100
48 	7 	2.2252183179489	-0.2773500981126	-0.1922378360100
48 	8 	2.4335051251288	-0.3328201177351	-0.1922378360100
48 	9 	1.0409708703125	-0.4000000000000	-0.5855594498180
48 	10 	1.0409708703125	-0.5000000000000	-0.5855594498180
48 	11 	1.0409708703125	-0.6000000000000	-0.5855594498180
48 	12 	1.5189295401725	-0.3526698395072	-0.5855594498180
48 	13 	1.6384192076374	-0.4408372993840	-0.5855594498180
48 	14 	1.7579088751024	-0.5290047592608	-0.5855594498180
48 	15 	1.8837789072654	-0.2218800784901	-0.5855594498180
48 	16 	2.0944809165036	-0.2773500981126	-0.5855594498180
48 	17 	2.3051829257418	-0.3328201177351	-0.5855594498180
48 	18 	0.7637319097523	-0.4000000000000	-0.9158330957070
48 	19 	0.7637319097523	-0.5000000000000	-0.9158330957070
48 	20 	0.7637319097523	-0.6000000000000	-0.9158330957070
48 	21 	1.2523261406535	-0.3526698395072	-0.9158330957070
48 	22 	1.3744746983787	-0.4408372993840	-0.9158330957070
48 	23 	1.4966232561040	-0.5290047592608	-0.9158330957070
48 	24 	1.6252941547325	-0.2218800784901	-0.9158330957070
48 	25 	1.8406847159775	-0.2773500981126	-0.9158330957070
48 	26 	2.0560752772226	-0.3328201177351	-0.9158330957070
49 	0 	2.0169315107691	-0.2218800784901	-0.1922378360100
49 	1 	2.2252183179489	-0.2773500981126	-0.1922378360100
49 	2 	2.4335051251288	-0.3328201177351	-0.1922378360100
49 	3 	2.1421380918195	-0.1159136594754	-0.1922378360100
49 	4 	2.3817265442620	-0.1448920743442	-0.1922378360100
49 	5 	2.6213149967045	-0.1738704892131	-0.1922378360100
49 	6 	2.1851026331025	0.0000000000000	-0.1922378360100
49 	7 	2.4354322208657	0.0000000000000	-0.1922378360100
49 	8 	2.6857618086290	0.0000000000000	-0.1922378360100
49 	9 	1.8837789072654	-0.2218800784901	-0.5855594498180
49 	10 	2.0944809165036	-0.2773500981126	-0.5855594498180
49 	11 	2.3051829257418	-0.3328201177351	-0.5855594498180
49 	12 	2.0104373286717	-0.1159136594754	-0.5855594498180
49 	13 	2.2528039432616	-0.1448920743442	-0.5855594498180
49 	14 	2.4951705578514	-0.1738704892131	-0.5855594498180
49 	15 	2.0539000678481	0.0000000000000	-0.5855594498180
49 	16 	2.3071323672320	0.0000000000000	-0.5855594498180
49 	17 	2.5603646666159	0.0000000000000	-0.5855594498180
49 	18 	1.6252941547325	-0.2218800784901	-0.9158330957070
49 	19 	1.8406847159775	-0.2773500981126	-0.9158330957070
49 	20 	2.0560752772226	-0.3328201177351	-0.9158330957070
49 	21 	1.7547709858826	-0.1159136594754	-0.9158330957070
49 	22 	2.0025307549152	-0.1448920743442	-0.9158330957070
49 	23 	2.2502905239478	-0.1738704892131	-0.9158330957070
49 	24 	1.7992008601789	0.0000000000000	-0.9158330957070
49 	25 	2.0580680977856	0.0000000000000	-0.9158330957070
49 	26 	2.3169353353923	0.0000000000000	-0.9158330957070
50 	0 	2.1851026331025	0.0000000000000	-0.1922378360100
50 	1 	2.4354322208657	0.0000000000000	-0.1922378360100
50 	2 	2.6857618086290	0.0000000000000	-0.1922378360100
50 	3 	2.1421380918195	0.1159136594754	-0.1922378360100
50 	4 	2.3817265442620	0.1448920743442	-0.1922378360100
50 	5 	2.6213149967045	0.1738704892131	-0.1922378360100
50 	6 	2.0169315107691	0.2218800784901	-0.1922378360100
50 	7 	2.2252183179489	0.2773500981126	-0.1922378360100
50 	8 	2.4335051251288	0.3328201177351	-0.1922378360100
50 	9 	2.0539000678481	0.0000000000000	-0.5855594498180
50 	10 	2.3071323672320	0.0000000000000	-0.5855594498180
50 	11 	2.5603646666159	0.0000000000000	-0.5855594498180
50 	12 	2.0104373286717	0.1159136594754	-0.5855594498180
50 	13 	2.2528039432616	0.1448920743442	-0.5855594498180
50 	14 	2.4951705578514	0.1738704892131	-0.5855594498180
50 	15 	1.8837789072654	0.2218800784901	-0.5855594498180
50 	16 	2.0944809165036	0.2773500981126	-0.5855594498180
50 	17 	2.3051829257418	0.3328201177351	-0.5855594498180
50 	18 	1.7992008601789	0.0000000000000	-0.9158330957070
50 	19 	2.0580680977856	0.0000000000000	-0.9158330957070
50 	20 	2.3169353353923	0.0000000000000	-0.9158330957070
50 	21 	1.7547709858826	0.1159136594754	-0.9158330957070
50 	22 	2.0025307549152	0.1448920743442	-0.9158330957070
50 	23 	2.2502905239478	0.1738704892131	-0.9158330957070
50 	24 	1.6252941547325	0.2218800784901	-0.9158330957070
50 	25 	1.8406847159775	0.2773500981126	-0.9158330957070
50 	26 	2.0560752772226	0.3328201177351	-0.9158330957070
51 	0 	2.0169315107691	0.2218800784901	-0.1922378360100
51 	1 	2.2252183179489	0.2773500981126	-0.1922378360100
51 	2 	2.4335051251288	0.3328201177351	-0.1922378360100
51 	3 	1.6562642819746	0.3526698395072	-0.1922378360100
51 	4 	1.7743842819558	0.4408372993840	-0.1922378360100
51 	5 	1.8925042819371	0.5290047592608	-0.1922378360100
51 	6 	1.1837842820497	0.4000000000000	-0.1922378360100
51 	7 	1.1837842820497	0.5000000000000	-0.1922378360100
51 	8 	1.1837842820497	0.6000000000000	-0.1922378360100
51 	9 	1.8837789072654	0.2218800784901	-0.5855594498180
51 	10 	2.0944809165036	0.2773500981126	-0.5855594498180
51 	11 	2.3051829257418	0.3328201177351	-0.5855594498180
51 	12 	1.5189295401725	0.3526698395072	-0.5855594498180
51 	13 	1.6384192076374	0.4408372993840	-0.5855594498180
51 	14 	1.7579088751024	0.5290047592608	-0.5855594498180
51 	15 	1.0409708703125	0.4000000000000	-0.5855594498180
51 	16 	1.0409708703125	0.5000000000000	-0.5855594498180
51 	17 	1.0409708703125	0.6000000000000	-0.5855594498180
51 	18 	1.6252941547325	0.2218800784901	-0.9158330957070
51 	19 	1.8406847159775	0.2773500981126	-0.9158330957070
51 	20 	2.0560752772226	0.3328201177351	-0.9158330957070
51 	21 	1.2523261406535	0.3526698395072	-0.9158330957070
51 	22 	1.3744746983787	0.4408372993840	-0.9158330957070
51 	23 	1.4966232561040	0.5290047592608	-0.9158330957070
51 	24 	0.7637319097523	0.4000000000000	-0.9158330957070
51 	25 	0.7637319097523	0.5000000000000	-0.9158330957070
51 	26 	0.7637319097523	0.6000000000000	-0.9158330957070
52 	0 	1.1837842820497	-0.6000000000000	-0.1922378360100
52 	1 	1.1837842820497	-0.7000000000000	-0.1922378360100
52 	2 	1.1837842820497	-0.8000000000000	-0.1922378360100
52 	3 	1.8925042819371	-0.5290047592608	-0.1922378360100
52 	4 	2.0106242819183	-0.6171722191376	-0.1922378360100
52 	5 	2.1287442818996	-0.7053396790144	-0.1922378360100
52 	6 	2.4335051251288	-0.3328201177351	-0.1922378360100
52 	7 	2.6417919323086	-0.3882901373577	-0.1922378360100
52 	8 	2.8500787394885	-0.4437601569802	-0.1922378360100
52 	9 	1.0409708703125	-0.6000000000000	-0.5855594498180
52 	10 	1.0409708703125	-0.7000000000000	-0.5855594498180
52 	11 	1.0409708703125	-0.8000000000000	-0.5855594498180
52 	12 	1.7579088751024	-0.5290047592608	-0.5855594498180
52 	13 	1.8773985425674	-0.6171722191376	-0.5855594498180
52 	14 	1.9968882100324	-0.7053396790144	-0.5855594498180
52 	15 	2.3051829257418	-0.3328201177351	-0.5855594498180
52 	16 	2.5158849349800	-0.3882901373577	-0.5855594498180
52 	17 	2.7265869442182	-0.4437601569802	-0.5855594498180
52 	18 	0.7637319097523	-0.6000000000000	-0.9158330957070
52 	19 	0.7637319097523	-0.7000000000000	-0.9158330957070
52 	20 	0.7637319097523	-0.8000000000000	-0.9158330957070
52 	21 	1.4966232561040	-0.5290047592608	-0.9158330957070
52 	22 	1.6187718138293	-0.6171722191376	-0.9158330957070
52 	23 	1.7409203715546	-0.7053396790144	-0.9158330957070
52 	24 	2.0560752772226	-0.3328201177351	-0.9158330957070
52 	25 	2.2714658384676	-0.3882901373577	-0.9158330957070
52 	26 	2.4868563997127	-0.4437601569802	-0.9158330957070
53 	0 	2.4335051251288	-0.3328201177351	-0.1922378360100
53 	1 	2.6417919323086	-0.3882901373577	-0.1922378360100
53 	2 	2.8500787394885	-0.4437601569802	-0.1922378360100
53 	3 	2.6213149967045	-0.1738704892131	-0.1922378360100
53 	4 	2.8609034491469	-0.2028489040819	-0.1922378360100
53 	5 	3.1004919015894	-0.2318273189507	-0.1922378360100
53 	6 	2.6857618086290	0.0000000000000	-0.1922378360100
53 	7 	2.9360913963922	0.0000000000000	-0.1922378360100
53 	8 	3.1864209841554	0.0000000000000	-0.1922378360100
53 	9 	2.3051829257418	-0.3328201177351	-0.5855594498180
53 	10 	2.5158849349800	-0.3882901373577	-0.5855594498180
53 	11 	2.7265869442182	-0.4437601569802	-0.5855594498180
53 	12 	2.4951705578514	-0.1738704892131	-0.5855594498180
53 	13 	2.7375371724412	-0.2028489040819	-0.5855594498180
53 	14 	2.9799037870310	-0.2318273189507	-0.5855594498180
53 	15 	2.5603646666159	0.0000000000000	-0.5855594498180
53 	16 	2.8135969659997	0.0000000000000	-0.5855594498180
53 	17 	3.0668292653836	0.0000000000000	-0.5855594498180
53 	18 	2.0560752772226	-0.3328201177351	-0.9158330957070
53 	19 	2.2714658384676	-0.3882901373577	-0.9158330957070
53 	20 	2.4868563997127	-0.4437601569802	-0.9158330957070
53 	21 	2.2502905239478	-0.1738704892131	-0.9158330957070
53 	22 	2.4980502929804	-0.2028489040819	-0.9158330957070
53 	23 	2.7458100620130	-0.2318273189507	-0.9158330957070
53 	24 	2.3169353353923	0.0000000000000	-0.9158330957070
53 	25 	2.5758025729989	0.0000000000000	-0.9158330957070
53 	26 	2.8346698106056	0.0000000000000	-0.9158330957070
54 	0 	2.6857618086290	0.0000000000000	-0.1922378360100
54 	1 	2.9360913963922	0.0000000000000	-0.1922378360100
54 	2 	3.1864209841554	0.0000000000000	-0.1922378360100
54 	3 	2.6213149967045	0.1738704892131	-0.1922378360100
54 	4 	2.8609034491469	0.2028489040819	-0.1922378360100
54 	5 	3.1004919015894	0.2318273189507	-0.1922378360100
54 	6 	2.4335051251288	0.3328201177351	-0.1922378360100
54 	7 	2.6417919323086	0.3882901373577	-0.1922378360100
54 	8 	2.8500787394885	0.4437601569802	-0.1922378360100
54 	9 	2.5603646666159	0.0000000000000	-0.5855594498180
54 	10 	2.8135969659997	0.0000000000000	-0.5855594498180
54 	11 	3.0668292653836	0.0000000000000	-0.5855594498180
54 	12 	2.4951705578514	0.1738704892131	-0.5855594498180
54 	13 	2.7375371724412	0.2028489040819	-0.5855594498180
54 	14 	2.9799037870310	0.2318273189507	-0.5855594498180
54 	15 	2.3051829257418	0.3328201177351	-0.5855594498180
54 	16 	2.5158849349800	0.3882901373577	-0.5855594498180
54 	17 	2.7265869442182	0.4437601569802	-0.5855594498180
54 	18 	2.3169353353923	0.0000000000000	-0.9158330957070
54 	19 	2.5758025729989	0.0000000000000	-0.9158330957070
54 	20 	2.8346698106056	0.0000000000000	-0.9158330957070
54 	21 	2.2502905239478	0.1738704892131	-0.9158330957070
54 	22 	2.4980502929804	0.2028489040819	-0.9158330957070
54 	23 	2.7458100620130	0.2318273189507	-0.9158330957070
54 	24 	2.0560752772226	0.3328201177351	-0.9158330957070
54 	25 	2.2714658384676	0.3882901373577	-0.9158330957070
54 	26 	2.4868563997127	0.4437601569802	-0.9158330957070
55 	0 	2.4335051251288	0.3328201177351	-0.1922378360100
55 	1 	2.6417919323086	0.3882901373577	-0.1922378360100
55 	2 	2.8500787394885	0.4437601569802	-0.1922378360100
55 	3 	1.8925042819371	0.5290047592608	-0.1922378360100
55 	4 	2.0106242819183	0.6171722191376	-0.1922378360100
55 	5 	2.1287442818996	0.7053396790144	-0.1922378360100
55 	6 	1.1837842820497	0.6000000000000	-0.1922378360100
55 	7 	1.1837842820497	0.7000000000000	-0.1922378360100
55 	8 	1.1837842820497	0.8000000000000	-0.1922378360100
55 	9 	2.3051829257418	0.3328201177351	-0.5855594498180
55 	10 	2.5158849349800	0.3882901373577	-0.5855594498180
55 	11 	2.7265869442182	0.4437601569802	-0.5855594498180
55 	12 	1.7579088751024	0.5290047592608	-0.5855594498180
55 	13 	1.8773985425674	0.6171722191376	-0.5855594498180
55 	14 	1.9968882100324	0.7053396790144	-0.5855594498180
55 	15 	1.0409708703125	0.6000000000000	-0.5855594498180
55 	16 	1.0409708703125	0.7000000000000	-0.5855594498180
55 	17 	1.0409708703125	0.8000000000000	-0.5855594498180
55 	18 	2.0560752772226	0.3328201177351	-0.9158330957070
55 	19 	2.2714658384676	0.3882901373577	-0.9158330957070
55 	20 	2.4868563997127	0.4437601569802	-0.9158330957070
55 	21 	1.4966232561040	0.5290047592608	-0.9158330957070
55 	22 	1.6187718138293	0.6171722191376	-0.9158330957070
55 	23 	1.7409203715546	0.7053396790144	-0.9158330957070
55 	24 	0.7637319097523	0.6000000000000	-0.9158330957070
55 	25 	0.7637319097523	0.7000000000000	-0.9158330957070
55 	26 	0.7637319097523	0.8000000000000	-0.9158330957070
56 	0 	1.1837842820497	-0.8000000000000	-0.1922378360100
56 	1 	1.1837842820497	-1.0000000000000	-0.1922378360100
56 	2 	1.1837842820497	-1.2000000000000	-0.1922378360100
56 	3 	2.1287442818996	-0.7053396790144	-0.1922378360100
56 	4 	2.8026834577564	-0.9602092248246	-0.1922378360100
56 	5 	3.4367505719186	-1.2000000000000	-0.1922378360100
56 	6 	2.8500787394885	-0.4437601569802	-0.1922378360100
56 	7 	4.2698978006380	-0.8218800784901	-0.1922378360100
56 	8 	5.5000000000000	-1.2000000000000	-0.1922378360100
56 	9 	1.0409708703125	-0.8000000000000	-0.5855594498180
56 	10 	1.0409708703125	-1.0000000000000	-0.5855594498180
56 	11 	1.0409708703125	-1.2000000000000	-0.5855594498180
56 	12 	1.9968882100324	-0.7053396790144	-0.5855594498180
56 	13 	2.6786420876785	-0.9602092248246	-0.5855594498180
56 	14 	3.3200615647675	-1.2000000000000	-0.5855594498180
56 	15 	2.7265869442182	-0.4437601569802	-0.5855594498180
56 	16 	4.1628696017204	-0.8218800784901	-0.5855594498180
56 	17 	5.5000000000000	-1.2000000000000	-0.5855594498180
56 	18 	0.7637319097523	-0.8000000000000	-0.9158330957070
56 	19 	0.7637319097523	-1.0000000000000	-0.9158330957070
56 	20 	0.7637319097523	-1.2000000000000	-0.9158330957070
56 	21 	1.7409203715546	-0.7053396790144	-0.9158330957070
56 	22 	2.4378446717455	-0.9602092248246	-0.9158330957070
56 	23 	3.0935370482123	-1.2000000000000	-0.9158330957070
56 	24 	2.4868563997127	-0.4437601569802	-0.9158330957070
56 	25 	3.9550992931924	-0.8218800784901	-0.9158330957070
56 	26 	5.5000000000000	-1.2000000000000	-0.9158330957070
57 	0 	2.8500787394885	-0.4437601569802	-0.1922378360100
57 	1 	4.2698978006380	-0.8218800784901	-0.1922378360100
57 	2 	5.5000000000000	-1.2000000000000	-0.1922378360100
57 	3 	3.1004919015894	-0.2318273189507	-0.1922378360100
57 	4 	4.4091422654757	-0.4179097646380	-0.1922378360100
57 	5 	5.5000000000000	-0.6000000000000	-0.1922378360100
57 	6 	3.1864209841554	0.0000000000000	-0.1922378360100
57 	7 	4.4380689229715	0.0000000000000	-0.1922378360100
57 	8 	5.5000000000000	0.0000000000000	-0.1922378360100
57 	9 	2.7265869442182	-0.4437601569802	-0.5855594498180
57 	10 	4.1628696017204	-0.8218800784901	-0.5855594498180
57 	11 	5.5000000000000	-1.2000000000000	-0.5855594498180
57 	12 	2.9799037870310	-0.2318273189507	-0.5855594498180
57 	13 	4.3037286840302	-0.4179097646380	-0.5855594498180
57 	14 	5.5000000000000	-0.6000000000000	-0.5855594498180
57 	15 	3.0668292653836	0.0000000000000	-0.5855594498180
57 	16 	4.3329907623031	0.0000000000000	-0.5855594498180
57 	17 	5.5000000000000	0.0000000000000	-0.5855594498180
57 	18 	2.4868563997127	-0.4437601569802	-0.9158330957070
57 	19 	3.9550992931924	-0.8218800784901	-0.9158330957070
57 	20 	5.5000000000000	-1.2000000000000	-0.9158330957070
57 	21 	2.7458100620130	-0.2318273189507	-0.9158330957070
57 	22 	4.0990927790868	-0.4179097646380	-0.9158330957070
57 	23 	5.5000000000000	-0.6000000000000	-0.9158330957070
57 	24 	2.8346698106056	0.0000000000000	-0.9158330957070
57 	25 	4.1290059986389	0.0000000000000	-0.9158330957070
57 	26 	5.5000000000000	0.0000000000000	-0.9158330957070
58 	0 	3.1864209841554	0.0000000000000	-0.1922378360100
58 	1 	4.4380689229715	0.0000000000000	-0.1922378360100
58 	2 	5.5000000000000	0.0000000000000	-0.1922378360100
58 	3 	3.1004919015894	0.2318273189507	-0.1922378360100
58 	4 	4.4091422654757	0.4179097646380	-0.1922378360100
58 	5 	5.5000000000000	0.6000000000000	-0.1922378360100
58 	6 	2.8500787394885	0.4437601569802	-0.1922378360100
58 	7 	4.2698978006380	0.8218800784901	-0.1922378360100
58 	8 	5.5000000000000	1.2000000000000	-0.1922378360100
58 	9 	3.0668292653836	0.0000000000000	-0.5855594498180
58 	10 	4.3329907623031	0.0000000000000	-0.5855594498180
58 	11 	5.5000000000000	0.0000000000000	-0.5855594498180
58 	12 	2.9799037870310	0.2318273189507	-0.5855594498180
58 	13 	4.3037286840302	0.4179097646380	-0.5855594498180
58 	14 	5.5000000000000	0.6000000000000	-0.5855594498180
58 	15 	2.7265869442182	0.4437601569802	-0.5855594498180
58 	16 	4.1628696017204	0.8218800784901	-0.5855594498180
58 	17 	5.5000000000000	1.2000000000000	-0.5855594498180
58 	18 	2.8346698106056	0.0000000000000	-0.9158330957070
58 	19 	4.1290059986389	0.0000000000000	-0.9158330957070
58 	20 	5.5000000000000	0.0000000000000	-0.9158330957070
58 	21 	2.7458100620130	0.2318273189507	-0.9158330957070
58 	22 	4.0990927790868	0.4179097646380	-0.9158330957070
58 	23 	5.5000000000000	0.6000000000000	-0.9158330957070
58 	24 	2.4868563997127	0.4437601569802	-0.9158330957070
58 	25 	3.9550992931924	0.8218800784901	-0.9158330957070
58 	26 	5.5000000000000	1.2000000000000	-0.9158330957070
59 	0 	2.8500787394885	0.4437601569802	-0.1922378360100
59 	1 	4.2698978006380	0.8218800784901	-0.1922378360100
59 	2 	5.5000000000000	1.2000000000000	-0.1922378360100
59 	3 	2.1287442818996	0.7053396790144	-0.1922378360100
59 	4 	2.8026834577564	0.9602092248246	-0.1922378360100
59 	5 	3.4367505719186	1.2000000000000	-0.1922378360100
59 	6 	1.1837842820497	0.8000000000000	-0.1922378360100
59 	7 	1.1837842820497	1.0000000000000	-0.1922378360100
59 	8 	1.1837842820497	1.2000000000000	-0.1922378360100
59 	9 	2.7265869442182	0.4437601569802	-0.5855594498180
59 	10 	4.1628696017204	0.8218800784901	-0.5855594498180
59 	11 	5.5000000000000	1.2000000000000	-0.5855594498180
59 	12 	1.9968882100324	0.7053396790144	-0.5855594498180
59 	13 	2.6786420876785	0.9602092248246	-0.5855594498180
59 	14 	3.3200615647675	1.2000000000000	-0.5855594498180
59 	15 	1.0409708703125	0.8000000000000	-0.5855594498180
59 	16 	1.0409708703125	1.0000000000000	-0.5855594498180
59 	17 	1.0409708703125	1.2000000000000	-0.5855594498180
59 	18 	2.4868563997127	0.4437601569802	-0.9158330957070
59 	19 	3.9550992931924	0.8218800784901	-0.9158330957070
59 	20 	5.5000000000000	1.2000000000000	-0.9158330957070
59 	21 	1.7409203715546	0.7053396790144	-0.9158330957070
59 	22 	2.4378446717455	0.9602092248246	-0.9158330957070
59 	23 	3.0935370482123	1.2000000000000	-0.9158330957070
59 	24 	0.7637319097523	0.8000000000000	-0.9158330957070
59 	25 	0.7637319097523	1.0000000000000	-0.9158330957070
59 	26 	0.7637319097523	1.2000000000000	-0.9158330957070
60 	0 	1.6920000000000	0.0000000000000	0.0000000000000
60 	1 	1.6920000000000	-0.0840000000000	0.0000000000000
60 	2 	1.6920000000000	-0.1680000000000	0.0000000000000
60 	3 	1.4460000000000	0.0000000000000	0.0000000000000
60 	4 	1.4460000000000	-0.0840000000000	0.0000000000000
60 	5 	1.4460000000000	-0.1680000000000	0.0000000000000
60 	6 	1.2000000000000	0.0000000000000	0.0000000000000
60 	7 	1.2000000000000	-0.0840000000000	0.0000000000000
60 	8 	1.2000000000000	-0.1680000000000	0.0000000000000
60 	9 	1.6881028922039	0.0000000000000	0.0964069350260
60 	10 	1.6881028922039	-0.0840000000000	0.0964069350260
60 	11 	1.6881028922039	-0.1680000000000	0.0964069350260
60 	12 	1.4420217024582	0.0000000000000	0.0964069350260
60 	13 	1.4420217024582	-0.0840000000000	0.0964069350260
60 	14 	1.4420217024582	-0.1680000000000	0.0964069350260
60 	15 	1.1959405127124	0.0000000000000	0.0964069350260
60 	16 	1.1959405127124	-0.0840000000000	0.0964069350260
60 	17 	1.1959405127124	-0.1680000000000	0.0964069350260
60 	18 	1.6764329107677	0.0000000000000	0.1922378360100
60 	19 	1.6764329107677	-0.0840000000000	0.1922378360100
60 	20 	1.6764329107677	-0.1680000000000	0.1922378360100
60 	21 	1.4301085964087	0.0000000000000	0.1922378360100
60 	22 	1.4301085964087	-0.0840000000000	0.1922378360100
60 	23 	1.4301085964087	-0.1680000000000	0.1922378360100
60 	24 	1.1837842820497	0.0000000000000	0.1922378360100
60 	25 	1.1837842820497	-0.0840000000000	0.1922378360100
60 	26 	1.1837842820497	-0.1680000000000	0.1922378360100
61 	0 	1.6920000000000	0.1680000000000	0.0000000000000
61 	1 	1.6920000000000	0.0840000000000	0.0000000000000
61 	2 	1.6920000000000	0.0000000000000	0.0000000000000
61 	3 	1.4460000000000	0.1680000000000	0.0000000000000
61 	4 	1.4460000000000	0.0840000000000	0.0000000000000
61 	5 	1.4460000000000	0.0000000000000	0.0000000000000
61 	6 	1.2000000000000	0.1680000000000	0.0000000000000
61 	7 	1.2000000000000	0.0840000000000	0.0000000000000
61 	8 	1.2000000000000	0.0000000000000	0.0000000000000
61 	9 	1.6881028922039	0.1680000000000	0.0964069350260
61 	10 	1.6881028922039	0.0840000000000	0.0964069350260
61 	11 	1.6881028922039	0.0000000000000	0.0964069350260
61 	12 	1.4420217024582	0.1680000000000	0.0964069350260
61 	13 	1.4420217024582	0.0840000000000	0.0964069350260
61 	14 	1.4420217024582	0.0000000000000	0.0964069350260
61 	15 	1.1959405127124	0.1680000000000	0.0964069350260
61 	16 	1.1959405127124	0.0840000000000	0.0964069350260
61 	17 	1.1959405127124	0.0000000000000	0.0964069350260
61 	18 	1.6764329107677	0.1680000000000	0.1922378360100
61 	19 	1.6764329107677	0.0840000000000	0.1922378360100
61 	20 	1.6764329107677	0.0000000000000	0.1922378360100
61 	21 	1.4301085964087	0.1680000000000	0.1922378360100
61 	22 	1.4301085964087	0.0840000000000	0.1922378360100
61 	23 	1.4301085964087	0.0000000000000	0.1922378360100
61 	24 	1.1837842820497	0.1680000000000	0.1922378360100
61 	25 	1.1837842820497	0.0840000000000	0.1922378360100
61 	26 	1.1837842820497	0.0000000000000	0.1922378360100
62 	0 	1.2000000000000	0.1680000000000	0.0000000000000
62 	1 	1.2000000000000	0.2840000000000	0.0000000000000
62 	2 	1.2000000000000	0.4000000000000	0.0000000000000
62 	3 	1.4460000000000	0.1680000000000	0.0000000000000
62 	4 	1.5554865400461	0.2575202669151	0.0000000000000
62 	5 	1.6718579255320	0.3526698395072	0.0000000000000
62 	6 	1.6920000000000	0.1680000000000	0.0000000000000
62 	7 	1.8620251471689	0.1949400392450	0.0000000000000
62 	8 	2.0320502943378	0.2218800784901	0.0000000000000
62 	9 	1.1959405127124	0.1680000000000	0.0964069350260
62 	10 	1.1959405127124	0.2840000000000	0.0964069350260
62 	11 	1.1959405127124	0.4000000000000	0.0964069350260
62 	12 	1.4420217024582	0.1680000000000	0.0964069350260
62 	13 	1.5515443774000	0.2575202669151	0.0964069350260
62 	14 	1.6679541700534	0.3526698395072	0.0964069350260
62 	15 	1.6881028922039	0.1680000000000	0.0964069350260
62 	16 	1.8581841544073	0.1949400392450	0.0964069350260
62 	17 	2.0282654166106	0.2218800784901	0.0964069350260
62 	18 	1.1837842820497	0.1680000000000	0.1922378360100
62 	19 	1.1837842820497	0.2840000000000	0.1922378360100
62 	20 	1.1837842820497	0.4000000000000	0.1922378360100
62 	21 	1.4301085964087	0.1680000000000	0.1922378360100
62 	22 	1.5397394781501	0.2575202669151	0.1922378360100
62 	23 	1.6562642819746	0.3526698395072	0.1922378360100
62 	24 	1.6764329107677	0.1680000000000	0.1922378360100
62 	25 	1.8466822107684	0.1949400392450	0.1922378360100
62 	26 	2.0169315107691	0.2218800784901	0.1922378360100
63 	0 	1.6920000000000	0.1680000000000	0.0000000000000
63 	1 	1.8620251471689	0.1949400392450	0.0000000000000
63 	2 	2.0320502943378	0.2218800784901	0.0000000000000
63 	3 	1.6920000000000	0.0840000000000	0.0000000000000
63 	4 	1.9220244448530	0.0997838048944	0.0000000000000
63 	5 	2.1570920264890	0.1159136594754	0.0000000000000
63 	6 	1.6920000000000	0.0000000000000	0.0000000000000
63 	7 	1.9460000000000	0.0000000000000	0.0000000000000
63 	8 	2.2000000000000	0.0000000000000	0.0000000000000
63 	9 	1.6881028922039	0.1680000000000	0.0964069350260
63 	10 	1.8581841544073	0.1949400392450	0.0964069350260
63 	11 	2.0282654166106	0.2218800784901	0.0964069350260
63 	12 	1.6881028922039	0.0840000000000	0.0964069350260
63 	13 	1.9182032542366	0.0997838048944	0.0964069350260
63 	14 	2.1533484174872	0.1159136594754	0.0964069350260
63 	15 	1.6881028922039	0.0000000000000	0.0964069350260
63 	16 	1.9421867222666	0.0000000000000	0.0964069350260
63 	17 	2.1962705523293	0.0000000000000	0.0964069350260
63 	18 	1.6764329107677	0.1680000000000	0.1922378360100
63 	19 	1.8466822107684	0.1949400392450	0.1922378360100
63 	20 	2.0169315107691	0.2218800784901	0.1922378360100
63 	21 	1.6764329107677	0.0840000000000	0.1922378360100
63 	22 	1.9067606085897	0.0997838048944	0.1922378360100
63 	23 	2.1421380918195	0.1159136594754	0.1922378360100
63 	24 	1.6764329107677	0.0000000000000	0.1922378360100
63 	25 	1.9307677719351	0.0000000000000	0.1922378360100
63 	26 	2.1851026331025	0.0000000000000	0.1922378360100
64 	0 	1.6920000000000	0.0000000000000	0.0000000000000
64 	1 	1.9460000000000	0.0000000000000	0.0000000000000
64 	2 	2.2000000000000	0.0000000000000	0.0000000000000
64 	3 	1.6920000000000	-0.0840000000000	0.0000000000000
64 	4 	1.9220244448530	-0.0997838048944	0.0000000000000
64 	5 	2.1570920264890	-0.1159136594754	0.0000000000000
64 	6 	1.6920000000000	-0.1680000000000	0.0000000000000
64 	7 	1.8620251471689	-0.1949400392450	0.0000000000000
64 	8 	2.0320502943378	-0.2218800784901	0.0000000000000
64 	9 	1.6881028922039	0.0000000000000	0.0964069350260
64 	10 	1.9421867222666	0.0000000000000	0.0964069350260
64 	11 	2.1962705523293	0.0000000000000	0.0964069350260
64 	12 	1.6881028922039	-0.0840000000000	0.0964069350260
64 	13 	1.9182032542366	-0.0997838048944	0.0964069350260
64 	14 	2.1533484174872	-0.1159136594754	0.0964069350260
64 	15 	1.6881028922039	-0.1680000000000	0.0964069350260
64 	16 	1.8581841544073	-0.1949400392450	0.0964069350260
64 	17 	2.0282654166106	-0.2218800784901	0.0964069350260
64 	18 	1.6764329107677	0.0000000000000	0.1922378360100
64 	19 	1.9307677719351	0.0000000000000	0.1922378360100
64 	20 	2.1851026331025	0.0000000000000	0.1922378360100
64 	21 	1.6764329107677	-0.0840000000000	0.1922378360100
64 	22 	1.9067606085897	-0.0997838048944	0.1922378360100
64 	23 	2.1421380918195	-0.1159136594754	0.1922378360100
64 	24 	1.6764329107677	-0.1680000000000	0.1922378360100
64 	25 	1.8466822107684	-0.1949400392450	0.1922378360100
64 	26 	2.0169315107691	-0.2218800784901	0.1922378360100
65 	0 	1.6920000000000	-0.1680000000000	0.0000000000000
65 	1 	1.8620251471689	-0.1949400392450	0.0000000000000
65 	2 	2.0320502943378	-0.2218800784901	0.0000000000000
65 	3 	1.4460000000000	-0.1680000000000	0.0000000000000
65 	4 	1.5554865400461	-0.2575202669151	0.0000000000000
65 	5 	1.6718579255320	-0.3526698395072	0.0000000000000
65 	6 	1.2000000000000	-0.1680000000000	0.0000000000000
65 	7 	1.2000000000000	-0.2840000000000	0.0000000000000
65 	8 	1.2000000000000	-0.4000000000000	0.0000000000000
65 	9 	1.6881028922039	-0.1680000000000	0.0964069350260
65 	10 	1.8581841544073	-0.1949400392450	0.0964069350260
65 	11 	2.0282654166106	-0.2218800784901	0.0964069350260
65 	12 	1.4420217024582	-0.1680000000000	0.0964069350260
65 	13 	1.5515443774000	-0.2575202669151	0.0964069350260
65 	14 	1.6679541700534	-0.3526698395072	0.0964069350260
65 	15 	1.1959405127124	-0.1680000000000	0.0964069350260
65 	16 	1.1959405127124	-0.2840000000000	0.0964069350260
65 	17 	1.1959405127124	-0.4000000000000	0.0964069350260
65 	18 	1.6764329107677	-0.1680000000000	0.1922378360100
65 	19 	1.8466822107684	-0.1949400392450	0.1922378360100
65 	20 	2.0169315107691	-0.2218800784901	0.1922378360100
65 	21 	1.4301085964087	-0.1680000000000	0.1922378360100
65 	22 	1.5397394781501	-0.2575202669151	0.1922378360100
65 	23 	1.6562642819746	-0.3526698395072	0.1922378360100
65 	24 	1.1837842820497	-0.1680000000000	0.1922378360100
65 	25 	1.1837842820497	-0.2840000000000	0.1922378360100
65 	26 	1.1837842820497	-0.4000000000000	0.1922378360100
66 	0 	1.2000000000000	0.8000000000000	0.0000000000000
66 	1 	1.2000000000000	1.0000000000000	0.0000000000000
66 	2 	1.2000000000000	1.2000000000000	0.0000000000000
66 	3 	2.1437158510640	0.7053396790144	0.0000000000000
66 	4 	2.8167677082963	0.9602092248246	0.0000000000000
66 	5 	3.4500000000000	1.2000000000000	0.0000000000000
66 	6 	2.8641005886757	0.4437601569802	0.0000000000000
66 	7 	4.2820502943378	0.8218800784901	0.0000000000000
66 	8 	5.5000000000000	1.2000000000000	0.0000000000000
66 	9 	1.1959405127124	0.8000000000000	0.0964069350260
66 	10 	1.1959405127124	1.0000000000000	0.0964069350260
66 	11 	1.1959405127124	1.2000000000000	0.0964069350260
66 	12 	2.1399678273944	0.7053396790144	0.0964069350260
66 	13 	2.8132418184037	0.9602092248246	0.0964069350260
66 	14 	3.4466831018504	1.2000000000000	0.0964069350260
66 	15 	2.8605903205088	0.4437601569802	0.0964069350260
66 	16 	4.2790080057486	0.8218800784901	0.0964069350260
66 	17 	5.5000000000000	1.2000000000000	0.0964069350260
66 	18 	1.1837842820497	0.8000000000000	0.1922378360100
66 	19 	1.1837842820497	1.0000000000000	0.1922378360100
66 	20 	1.1837842820497	1.2000000000000	0.1922378360100
66 	21 	2.1287442818996	0.7053396790144	0.1922378360100
66 	22 	2.8026834577564	0.9602092248246	0.1922378360100
66 	23 	3.4367505719186	1.2000000000000	0.1922378360100
66 	24 	2.8500787394885	0.4437601569802	0.1922378360100
66 	25 	4.2698978006380	0.8218800784901	0.1922378360100
66 	26 	5.5000000000000	1.2000000000000	0.1922378360100
67 	0 	2.8641005886757	0.4437601569802	0.0000000000000
67 	1 	4.2820502943378	0.8218800784901	0.0000000000000
67 	2 	5.5000000000000	1.2000000000000	0.0000000000000
67 	3 	3.1141840529781	0.2318273189507	0.0000000000000
67 	4 	4.4211114277838	0.4179097646380	0.0000000000000
67 	5 	5.5000000000000	0.6000000000000	0.0000000000000
67 	6 	3.2000000000000	0.0000000000000	0.0000000000000
67 	7 	4.4500000000000	0.0000000000000	0.0000000000000
67 	8 	5.5000000000000	0.0000000000000	0.0000000000000
67 	9 	2.8605903205088	0.4437601569802	0.0964069350260
67 	10 	4.2790080057486	0.8218800784901	0.0964069350260
67 	11 	5.5000000000000	1.2000000000000	0.0964069350260
67 	12 	3.1107563222620	0.2318273189507	0.0964069350260
67 	13 	4.4181150348777	0.4179097646380	0.0964069350260
67 	14 	5.5000000000000	0.6000000000000	0.0964069350260
67 	15 	3.1966005919462	0.0000000000000	0.0964069350260
67 	16 	4.4470131414673	0.0000000000000	0.0964069350260
67 	17 	5.5000000000000	0.0000000000000	0.0964069350260
67 	18 	2.8500787394885	0.4437601569802	0.1922378360100
67 	19 	4.2698978006380	0.8218800784901	0.1922378360100
67 	20 	5.5000000000000	1.2000000000000	0.1922378360100
67 	21 	3.1004919015894	0.2318273189507	0.1922378360100
67 	22 	4.4091422654757	0.4179097646380	0.1922378360100
67 	23 	5.5000000000000	0.6000000000000	0.1922378360100
67 	24 	3.1864209841554	0.0000000000000	0.1922378360100
67 	25 	4.4380689229715	0.0000000000000	0.1922378360100
67 	26 	5.5000000000000	0.0000000000000	0.1922378360100
68 	0 	3.2000000000000	0.0000000000000	0.0000000000000
68 	1 	4.4500000000000	0.0000000000000	0.0000000000000
68 	2 	5.5000000000000	0.0000000000000	0.0000000000000
68 	3 	3.1141840529781	-0.2318273189507	0.0000000000000
68 	4 	4.4211114277838	-0.4179097646380	0.0000000000000
68 	5 	5.5000000000000	-0.6000000000000	0.0000000000000
68 	6 	2.8641005886757	-0.4437601569802	0.0000000000000
68 	7 	4.2820502943378	-0.8218800784901	0.0000000000000
68 	8 	5.5000000000000	-1.2000000000000	0.0000000000000
68 	9 	3.1966005919462	0.0000000000000	0.0964069350260
68 	10 	4.4470131414673	0.0000000000000	0.0964069350260
68 	11 	5.5000000000000	0.0000000000000	0.0964069350260
68 	12 	3.1107563222620	-0.2318273189507	0.0964069350260
68 	13 	4.4181150348777	-0.4179097646380	0.0964069350260
68 	14 	5.5000000000000	-0.6000000000000	0.0964069350260
68 	15 	2.8605903205088	-0.4437601569802	0.0964069350260
68 	16 	4.2790080057486	-0.8218800784901	0.0964069350260
68 	17 	5.5000000000000	-1.2000000000000	0.0964069350260
68 	18 	3.1864209841554	0.0000000000000	0.1922378360100
68 	19 	4.4380689229715	0.0000000000000	0.1922378360100
68 	20 	5.5000000000000	0.0000000000000	0.1922378360100
68 	21 	3.1004919015894	-0.2318273189507	0.1922378360100
68 	22 	4.4091422654757	-0.4179097646380	0.1922378360100
68 	23 	5.5000000000000	-0.6000000000000	0.1922378360100
68 	24 	2.8500787394885	-0.4437601569802	0.1922378360100
68 	25 	4.2698978006380	-0.8218800784901	0.1922378360100
68 	26 	5.5000000000000	-1.2000000000000	0.1922378360100
69 	0 	2.8641005886757	-0.4437601569802	0.0000000000000
69 	1 	4.2820502943378	-0.8218800784901	0.0000000000000
69 	2 	5.5000000000000	-1.2000000000000	0.0000000000000
69 	3 	2.1437158510640	-0.7053396790144	0.0000000000000
69 	4 	2.8167677082963	-0.9602092248246	0.0000000000000
69 	5 	3.4500000000000	-1.2000000000000	0.0000000000000
69 	6 	1.2000000000000	-0.8000000000000	0.0000000000000
69 	7 	1.2000000000000	-1.0000000000000	0.0000000000000
69 	8 	1.2000000000000	-1.2000000000000	0.0000000000000
69 	9 	2.8605903205088	-0.4437601569802	0.0964069350260
69 	10 	4.2790080057486	-0.8218800784901	0.0964069350260
69 	11 	5.5000000000000	-1.2000000000000	0.0964069350260
69 	12 	2.1399678273944	-0.7053396790144	0.0964069350260
69 	13 	2.8132418184037	-0.9602092248246	0.0964069350260
69 	14 	3.4466831018504	-1.2000000000000	0.0964069350260
69 	15 	1.1959405127124	-0.8000000000000	0.0964069350260
69 	16 	1.1959405127124	-1.0000000000000	0.0964069350260
69 	17 	1.1959405127124	-1.2000000000000	0.0964069350260
69 	18 	2.8500787394885	-0.4437601569802	0.1922378360100
69 	19 	4.2698978006380	-0.8218800784901	0.1922378360100
69 	20 	5.5000000000000	-1.2000000000000	0.1922378360100
69 	21 	2.1287442818996	-0.7053396790144	0.1922378360100
69 	22 	2.8026834577564	-0.9602092248246	0.1922378360100
69 	23 	3.4367505719186	-1.2000000000000	0.1922378360100
69 	24 	1.1837842820497	-0.8000000000000	0.1922378360100
69 	25 	1.1837842820497	-1.0000000000000	0.1922378360100
69 	26 	1.1837842820497	-1.2000000000000	0.1922378360100
70 	0 	1.6764329107677	0.0000000000000	0.1922378360100
70 	1 	1.6764329107677	-0.0840000000000	0.1922378360100
70 	2 	1.6764329107677	-0.1680000000000	0.1922378360100
70 	3 	1.4301085964087	0.0000000000000	0.1922378360100
70 	4 	1.4301085964087	-0.0840000000000	0.1922378360100
70 	5 	1.4301085964087	-0.1680000000000	0.1922378360100
70 	6 	1.1837842820497	0.0000000000000	0.1922378360100
70 	7 	1.1837842820497	-0.0840000000000	0.1922378360100
70 	8 	1.1837842820497	-0.1680000000000	0.1922378360100
70 	9 	1.5393320355000	0.0000000000000	0.5855594498180
70 	10 	1.5393320355000	-0.0840000000000	0.5855594498180
70 	11 	1.5393320355000	-0.1680000000000	0.5855594498180
70 	12 	1.2901514529063	0.0000000000000	0.5855594498180
70 	13 	1.2901514529063	-0.0840000000000	0.5855594498180
70 	14 	1.2901514529063	-0.1680000000000	0.5855594498180
70 	15 	1.0409708703125	0.0000000000000	0.5855594498180
70 	16 	1.0409708703125	-0.0840000000000	0.5855594498180
70 	17 	1.0409708703125	-0.1680000000000	0.5855594498180
70 	18 	1.2731826333622	0.0000000000000	0.9158330957070
70 	19 	1.2731826333622	-0.0840000000000	0.9158330957070
70 	20 	1.2731826333622	-0.1680000000000	0.9158330957070
70 	21 	1.0184572715573	0.0000000000000	0.9158330957070
70 	22 	1.0184572715573	-0.0840000000000	0.9158330957070
70 	23 	1.0184572715573	-0.1680000000000	0.9158330957070
70 	24 	0.7637319097523	0.0000000000000	0.9158330957070
70 	25 	0.7637319097523	-0.0840000000000	0.9158330957070
70 	26 	0.7637319097523	-0.1680000000000	0.9158330957070
71 	0 	1.6764329107677	0.1680000000000	0.1922378360100
71 	1 	1.6764329107677	0.0840000000000	0.1922378360100
71 	2 	1.6764329107677	0.0000000000000	0.1922378360100
71 	3 	1.4301085964087	0.1680000000000	0.1922378360100
71 	4 	1.4301085964087	0.0840000000000	0.1922378360100
71 	5 	1.4301085964087	0.0000000000000	0.1922378360100
71 	6 	1.1837842820497	0.1680000000000	0.1922378360100
71 	7 	1.1837842820497	0.0840000000000	0.1922378360100
71 	8 	1.1837842820497	0.0000000000000	0.1922378360100
71 	9 	1.5393320355000	0.1680000000000	0.5855594498180
71 	10 	1.5393320355000	0.0840000000000	0.5855594498180
71 	11 	1.5393320355000	0.0000000000000	0.5855594498180
71 	12 	1.2901514529063	0.1680000000000	0.5855594498180
71 	13 	1.2901514529063	0.0840000000000	0.5855594498180
71 	14 	1.2901514529063	0.0000000000000	0.5855594498180
71 	15 	1.0409708703125	0.1680000000000	0.5855594498180
71 	16 	1.0409708703125	0.0840000000000	0.5855594498180
71 	17 	1.0409708703125	0.0000000000000	0.5855594498180
71 	18 	1.2731826333622	0.1680000000000	0.9158330957070
71 	19 	1.2731826333622	0.0840000000000	0.9158330957070
71 	20 	1.2731826333622	0.0000000000000	0.9158330957070
71 	21 	1.0184572715573	0.1680000000000	0.9158330957070
71 	22 	1.0184572715573	0.0840000000000	0.9158330957070
71 	23 	1.0184572715573	0.0000000000000	0.9158330957070
71 	24 	0.7637319097523	0.1680000000000	0.9158330957070
71 	25 	0.7637319097523	0.0840000000000	0.9158330957070
71 	26 	0.7637319097523	0.0000000000000	0.9158330957070
72 	0 	1.1837842820497	0.1680000000000	0.1922378360100
72 	1 	1.1837842820497	0.2840000000000	0.1922378360100
72 	2 	1.1837842820497	0.4000000000000	0.1922378360100
72 	3 	1.4301085964087	0.1680000000000	0.1922378360100
72 	4 	1.5397394781501	0.2575202669151	0.1922378360100
72 	5 	1.6562642819746	0.3526698395072	0.1922378360100
72 	6 	1.6764329107677	0.1680000000000	0.1922378360100
72 	7 	1.8466822107684	0.1949400392450	0.1922378360100
72 	8 	2.0169315107691	0.2218800784901	0.1922378360100
72 	9 	1.0409708703125	0.1680000000000	0.5855594498180
72 	10 	1.0409708703125	0.2840000000000	0.5855594498180
72 	11 	1.0409708703125	0.4000000000000	0.5855594498180
72 	12 	1.2901514529063	0.1680000000000	0.5855594498180
72 	13 	1.4010535660561	0.2575202669151	0.5855594498180
72 	14 	1.5189295401725	0.3526698395072	0.5855594498180
72 	15 	1.5393320355000	0.1680000000000	0.5855594498180
72 	16 	1.7115554713827	0.1949400392450	0.5855594498180
72 	17 	1.8837789072654	0.2218800784901	0.5855594498180
72 	18 	0.7637319097523	0.1680000000000	0.9158330957070
72 	19 	0.7637319097523	0.2840000000000	0.9158330957070
72 	20 	0.7637319097523	0.4000000000000	0.9158330957070
72 	21 	1.0184572715573	0.1680000000000	0.9158330957070
72 	22 	1.1318271842647	0.2575202669151	0.9158330957070
72 	23 	1.2523261406535	0.3526698395072	0.9158330957070
72 	24 	1.2731826333622	0.1680000000000	0.9158330957070
72 	25 	1.4492383940474	0.1949400392450	0.9158330957070
72 	26 	1.6252941547325	0.2218800784901	0.9158330957070
73 	0 	1.6764329107677	0.1680000000000	0.1922378360100
73 	1 	1.8466822107684	0.1949400392450	0.1922378360100
73 	2 	2.0169315107691	0.2218800784901	0.1922378360100
73 	3 	1.6764329107677	0.0840000000000	0.1922378360100
73 	4 	1.9067606085897	0.0997838048944	0.1922378360100
73 	5 	2.1421380918195	0.1159136594754	0.1922378360100
73 	6 	1.6764329107677	0.0000000000000	0.1922378360100
73 	7 	1.9307677719351	0.0000000000000	0.1922378360100
73 	8 	2.1851026331025	0.0000000000000	0.1922378360100
73 	9 	1.5393320355000	0.1680000000000	0.5855594498180
73 	10 	1.7115554713827	0.1949400392450	0.5855594498180
73 	11 	1.8837789072654	0.2218800784901	0.5855594498180
73 	12 	1.5393320355000	0.0840000000000	0.5855594498180
73 	13 	1.7723305118385	0.0997838048944	0.5855594498180
73 	14 	2.0104373286717	0.1159136594754	0.5855594498180
73 	15 	1.5393320355000	0.0000000000000	0.5855594498180
73 	16 	1.7966160516740	0.0000000000000	0.5855594498180
73 	17 	2.0539000678481	0.0000000000000	0.5855594498180
73 	18 	1.2731826333622	0.1680000000000	0.9158330957070
73 	19 	1.4492383940474	0.1949400392450	0.9158330957070
73 	20 	1.6252941547325	0.2218800784901	0.9158330957070
73 	21 	1.2731826333622	0.0840000000000	0.9158330957070
73 	22 	1.5113658038466	0.0997838048944	0.9158330957070
73 	23 	1.7547709858826	0.1159136594754	0.9158330957070
73 	24 	1.2731826333622	0.0000000000000	0.9158330957070
73 	25 	1.5361917467706	0.0000000000000	0.9158330957070
73 	26 	1.7992008601789	0.0000000000000	0.9158330957070
74 	0 	1.6764329107677	0.0000000000000	0.1922378360100
74 	1 	1.9307677719351	0.0000000000000	0.1922378360100
74 	2 	2.1851026331025	0.0000000000000	0.1922378360100
74 	3 	1.6764329107677	-0.0840000000000	0.1922378360100
74 	4 	1.9067606085897	-0.0997838048944	0.1922378360100
74 	5 	2.1421380918195	-0.1159136594754	0.1922378360100
74 	6 	1.6764329107677	-0.1680000000000	0.1922378360100
74 	7 	1.8466822107684	-0.1949400392450	0.1922378360100
74 	8 	2.0169315107691	-0.2218800784901	0.1922378360100
74 	9 	1.5393320355000	0.0000000000000	0.5855594498180
74 	10 	1.7966160516740	0.0000000000000	0.5855594498180
74 	11 	2.0539000678481	0.0000000000000	0.5855594498180
74 	12 	1.5393320355000	-0.0840000000000	0.5855594498180
74 	13 	1.7723305118385	-0.0997838048944	0.5855594498180
74 	14 	2.0104373286717	-0.1159136594754	0.5855594498180
74 	15 	1.5393320355000	-0.1680000000000	0.5855594498180
74 	16 	1.7115554713827	-0.1949400392450	0.5855594498180
74 	17 	1.8837789072654	-0.2218800784901	0.5855594498180
74 	18 	1.2731826333622	0.0000000000000	0.9158330957070
74 	19 	1.5361917467706	0.0000000000000	0.9158330957070
74 	20 	1.7992008601789	0.0000000000000	0.9158330957070
74 	21 	1.2731826333622	-0.0840000000000	0.9158330957070
74 	22 	1.5113658038466	-0.0997838048944	0.9158330957070
74 	23 	1.7547709858826	-0.1159136594754	0.9158330957070
74 	24 	1.2731826333622	-0.1680000000000	0.9158330957070
74 	25 	1.4492383940474	-0.1949400392450	0.9158330957070
74 	26 	1.6252941547325	-0.2218800784901	0.9158330957070
75 	0 	1.6764329107677	-0.1680000000000	0.1922378360100
75 	1 	1.8466822107684	-0.1949400392450	0.1922378360100
75 	2 	2.0169315107691	-0.2218800784901	0.1922378360100
75 	3 	1.4301085964087	-0.1680000000000	0.1922378360100
75 	4 	1.5397394781501	-0.2575202669151	0.1922378360100
75 	5 	1.6562642819746	-0.3526698395072	0.1922378360100
75 	6 	1.1837842820497	-0.1680000000000	0.1922378360100
75 	7 	1.1837842820497	-0.2840000000000	0.1922378360100
75 	8 	1.1837842820497	-0.4000000000000	0.1922378360100
75 	9 	1.5393320355000	-0.1680000000000	0.5855594498180
75 	10 	1.7115554713827	-0.1949400392450	0.5855594498180
75 	11 	1.8837789072654	-0.2218800784901	0.5855594498180
75 	12 	1.2901514529063	-0.1680000000000	0.5855594498180
75 	13 	1.4010535660561	-0.2575202669151	0.5855594498180
75 	14 	1.5189295401725	-0.3526698395072	0.5855594498180
75 	15 	1.0409708703125	-0.1680000000000	0.5855594498180
75 	16 	1.0409708703125	-0.2840000000000	0.5855594498180
75 	17 	1.0409708703125	-0.4000000000000	0.5855594498180
75 	18 	1.2731826333622	-0.1680000000000	0.9158330957070
75 	19 	1.4492383940474	-0.1949400392450	0.9158330957070
75 	20 	1.6252941547325	-0.2218800784901	0.9158330957070
75 	21 	1.0184572715573	-0.1680000000000	0.9158330957070
75 	22 	1.1318271842647	-0.2575202669151	0.9158330957070
75 	23 	1.2523261406535	-0.3526698395072	0.9158330957070
75 	24 	0.7637319097523	-0.1680000000000	0.9158330957070
75 	25 	0.7637319097523	-0.2840000000000	0.9158330957070
75 	26 	0.7637319097523	-0.4000000000000	0.9158330957070
76 	0 	1.1837842820497	0.4000000000000	0.1922378360100
76 	1 	1.1837842820497	0.5000000000000	0.1922378360100
76 	2 	1.1837842820497	0.6000000000000	0.1922378360100
76 	3 	1.6562642819746	0.3526698395072	0.1922378360100
76 	4 	1.7743842819559	0.4408372993840	0.1922378360100
76 	5 	1.8925042819371	0.5290047592608	0.1922378360100
76 	6 	2.0169315107691	0.2218800784901	0.1922378360100
76 	7 	2.2252183179489	0.2773500981126	0.1922378360100
76 	8 	2.4335051251288	0.3328201177351	0.1922378360100
76 	9 	1.0409708703125	0.4000000000000	0.5855594498180
76 	10 	1.0409708703125	0.5000000000000	0.5855594498180
76 	11 	1.0409708703125	0.6000000000000	0.5855594498180
76 	12 	1.5189295401725	0.3526698395072	0.5855594498180
76 	13 	1.6384192076374	0.4408372993840	0.5855594498180
76 	14 	1.7579088751024	0.5290047592608	0.5855594498180
76 	15 	1.8837789072654	0.2218800784901	0.5855594498180
76 	16 	2.0944809165036	0.2773500981126	0.5855594498180
76 	17 	2.3051829257418	0.3328201177351	0.5855594498180
76 	18 	0.7637319097523	0.4000000000000	0.9158330957070
76 	19 	0.7637319097523	0.5000000000000	0.9158330957070
76 	20 	0.7637319097523	0.6000000000000	0.9158330957070
76 	21 	1.2523261406535	0.3526698395072	0.9158330957070
76 	22 	1.3744746983787	0.4408372993840	0.9158330957070
76 	23 	1.4966232561040	0.5290047592608	0.9158330957070
76 	24 	1.6252941547325	0.2218800784901	0.9158330957070
76 	25 	1.8406847159775	0.2773500981126	0.9158330957070
76 	26 	2.0560752772226	0.3328201177351	0.9158330957070
77 	0 	2.0169315107691	0.2218800784901	0.1922378360100
77 	1 	2.2252183179489	0.2773500981126	0.1922378360100
77 	2 	2.4335051251288	0.3328201177351	0.1922378360100
77 	3 	2.1421380918195	0.1159136594754	0.1922378360100
77 	4 	2.3817265442620	0.1448920743442	0.1922378360100
77 	5 	2.6213149967045	0.1738704892131	0.1922378360100
77 	6 	2.1851026331025	0.0000000000000	0.1922378360100
77 	7 	2.4354322208657	0.0000000000000	0.1922378360100
77 	8 	2.6857618086290	0.0000000000000	0.1922378360100
77 	9 	1.8837789072654	0.2218800784901	0.5855594498180
77 	10 	2.0944809165036	0.2773500981126	0.5855594498180
77 	11 	2.3051829257418	0.3328201177351	0.5855594498180
77 	12 	2.0104373286717	0.1159136594754	0.5855594498180
77 	13 	2.2528039432616	0.1448920743442	0.5855594498180
77 	14 	2.4951705578514	0.1738704892131	0.5855594498180
77 	15 	2.0539000678481	0.0000000000000	0.5855594498180
77 	16 	2.3071323672320	0.0000000000000	0.5855594498180
77 	17 	2.5603646666159	0.0000000000000	0.5855594498180
77 	18 	1.6252941547325	0.2218800784901	0.9158330957070
77 	19 	1.8406847159775	0.2773500981126	0.9158330957070
77 	20 	2.0560752772226	0.3328201177351	0.9158330957070
77 	21 	1.7547709858826	0.1159136594754	0.9158330957070
77 	22 	2.0025307549152	0.1448920743442	0.9158330957070
77 	23 	2.2502905239478	0.1738704892131	0.9158330957070
77 	24 	1.7992008601789	0.0000000000000	0.9158330957070
77 	25 	2.0580680977856	0.0000000000000	0.9158330957070
77 	26 	2.3169353353923	0.0000000000000	0.9158330957070
78 	0 	2.1851026331025	0.0000000000000	0.1922378360100
78 	1 	2.4354322208657	0.0000000000000	0.1922378360100
78 	2 	2.6857618086290	0.0000000000000	0.1922378360100
78 	3 	2.1421380918195	-0.1159136594754	0.1922378360100
78 	4 	2.3817265442620	-0.1448920743442	0.1922378360100
78 	5 	2.6213149967045	-0.1738704892131	0.1922378360100
78 	6 	2.0169315107691	-0.2218800784901	0.1922378360100
78 	7 	2.2252183179489	-0.2773500981126	0.1922378360100
78 	8 	2.4335051251288	-0.3328201177351	0.1922378360100
78 	9 	2.0539000678481	0.0000000000000	0.5855594498180
78 	10 	2.3071323672320	0.0000000000000	0.5855594498180
78 	11 	2.5603646666159	0.0000000000000	0.5855594498180
78 	12 	2.0104373286717	-0.1159136594754	0.5855594498180
78 	13 	2.2528039432616	-0.1448920743442	0.5855594498180
78 	14 	2.4951705578514	-0.1738704892131	0.5855594498180
78 	15 	1.8837789072654	-0.2218800784901	0.5855594498180
78 	16 	2.0944809165036	-0.2773500981126	0.5855594498180
78 	17 	2.3051829257418	-0.3328201177351	0.5855594498180
78 	18 	1.7992008601789	0.0000000000000	0.9158330957070
78 	19 	2.0580680977856	0.0000000000000	0.9158330957070
78 	20 	2.3169353353923	0.0000000000000	0.9158330957070
78 	21 	1.7547709858826	-0.1159136594754	0.9158330957070
78 	22 	2.0025307549152	-0.1448920743442	0.9158330957070
78 	23 	2.2502905239478	-0.1738704892131	0.9158330957070
78 	24 	1.6252941547325	-0.2218800784901	0.9158330957070
78 	25 	1.8406847159775	-0.2773500981126	0.9158330957070
78 	26 	2.0560752772226	-0.3328201177351	0.9158330957070
79 	0 	2.0169315107691	-0.2218800784901	0.1922378360100
79 	1 	2.2252183179489	-0.2773500981126	0.1922378360100
79 	2 	2.4335051251288	-0.3328201177351	0.1922378360100
79 	3 	1.6562642819746	-0.3526698395072	0.1922378360100
79 	4 	1.7743842819559	-0.4408372993840	0.1922378360100
79 	5 	1.8925042819371	-0.5290047592608	0.1922378360100
79 	6 	1.1837842820497	-0.4000000000000	0.1922378360100
79 	7 	1.1837842820497	-0.5000000000000	0.1922378360100
79 	8 	1.1837842820497	-0.6000000000000	0.1922378360100
79 	9 	1.8837789072654	-0.2218800784901	0.5855594498180
79 	10 	2.0944809165036	-0.2773500981126	0.5855594498180
79 	11 	2.3051829257418	-0.3328201177351	0.5855594498180
79 	12 	1.5189295401725	-0.3526698395072	0.5855594498180
79 	13 	1.6384192076374	-0.4408372993840	0.5855594498180
79 	14 	1.7579088751024	-0.5290047592608	0.5855594498180
79 	15 	1.0409708703125	-0.4000000000000	0.5855594498180
79 	16 	1.0409708703125	-0.5000000000000	0.5855594498180
79 	17 	1.0409708703125	-0.6000000000000	0.5855594498180
79 	18 	1.6252941547325	-0.2218800784901	0.9158330957070
79 	19 	1.8406847159775	-0.2773500981126	0.9158330957070
79 	20 	2.0560752772226	-0.3328201177351	0.9158330957070
79 	21 	1.2523261406535	-0.3526698395072	0.9158330957070
79 	22 	1.3744746983787	-0.4408372993840	0.9158330957070
79 	23 	1.4966232561040	-0.5290047592608	0.9158330957070
79 	24 	0.7637319097523	-0.4000000000000	0.9158330957070
79 	25 	0.7637319097523	-0.5000000000000	0.9158330957070
79 	26 	0.7637319097523	-0.6000000000000	0.9158330957070
80 	0 	1.1837842820497	0.6000000000000	0.1922378360100
80 	1 	1.1837842820497	0.7000000000000	0.1922378360100
80 	2 	1.1837842820497	0.8000000000000	0.1922378360100
80 	3 	1.8925042819371	0.5290047592608	0.1922378360100
80 	4 	2.0106242819183	0.6171722191376	0.1922378360100
80 	5 	2.1287442818996	0.7053396790144	0.1922378360100
80 	6 	2.4335051251288	0.3328201177351	0.1922378360100
80 	7 	2.6417919323086	0.3882901373577	0.1922378360100
80 	8 	2.8500787394885	0.4437601569802	0.1922378360100
80 	9 	1.0409708703125	0.6000000000000	0.5855594498180
80 	10 	1.0409708703125	0.7000000000000	0.5855594498180
80 	11 	1.0409708703125	0.8000000000000	0.5855594498180
80 	12 	1.7579088751024	0.5290047592608	0.5855594498180
80 	13 	1.8773985425674	0.6171722191376	0.5855594498180
80 	14 	1.9968882100324	0.7053396790144	0.5855594498180
80 	15 	2.3051829257418	0.3328201177351	0.5855594498180
80 	16 	2.5158849349800	0.3882901373577	0.5855594498180
80 	17 	2.7265869442182	0.4437601569802	0.5855594498180
80 	18 	0.7637319097523	0.6000000000000	0.9158330957070
80 	19 	0.7637319097523	0.7000000000000	0.9158330957070
80 	20 	0.7637319097523	0.8000000000000	0.9158330957070
80 	21 	1.4966232561040	0.5290047592608	0.9158330957070
80 	22 	1.6187718138293	0.6171722191376	0.9158330957070
80 	23 	1.7409203715546	0.7053396790144	0.9158330957070
80 	24 	2.0560752772226	0.3328201177351	0.9158330957070
80 	25 	2.2714658384676	0.3882901373577	0.9158330957070
80 	26 	2.4868563997127	0.4437601569802	0.9158330957070
81 	0 	2.4335051251288	0.3328201177351	0.1922378360100
81 	1 	2.6417919323086	0.3882901373577	0.1922378360100
81 	2 	2.8500787394885	0.4437601569802	0.1922378360100
81 	3 	2.6213149967045	0.1738704892131	0.1922378360100
81 	4 	2.8609034491469	0.2028489040819	0.1922378360100
81 	5 	3.1004919015894	0.2318273189507	0.1922378360100
81 	6 	2.6857618086290	0.0000000000000	0.1922378360100
81 	7 	2.9360913963922	0.0000000000000	0.1922378360100
81 	8 	3.1864209841554	0.0000000000000	0.1922378360100
81 	9 	2.3051829257418	0.3328201177351	0.5855594498180
81 	10 	2.5158849349800	0.3882901373577	0.5855594498180
81 	11 	2.7265869442182	0.4437601569802	0.5855594498180
81 	12 	2.4951705578514	0.1738704892131	0.5855594498180
81 	13 	2.7375371724412	0.2028489040819	0.5855594498180
81 	14 	2.9799037870310	0.2318273189507	0.5855594498180
81 	15 	2.5603646666159	0.0000000000000	0.5855594498180
81 	16 	2.8135969659997	0.0000000000000	0.5855594498180
81 	17 	3.0668292653836	0.0000000000000	0.5855594498180
81 	18 	2.0560752772226	0.3328201177351	0.9158330957070
81 	19 	2.2714658384676	0.3882901373577	0.9158330957070
81 	20 	2.4868563997127	0.4437601569802	0.9158330957070
81 	21 	2.2502905239478	0.1738704892131	0.9158330957070
81 	22 	2.4980502929804	0.2028489040819	0.9158330957070
81 	23 	2.7458100620130	0.2318273189507	0.9158330957070
81 	24 	2.3169353353923	0.0000000000000	0.9158330957070
81 	25 	2.5758025729989	0.0000000000000	0.9158330957070
81 	26 	2.8346698106056	0.0000000000000	0.9158330957070
82 	0 	2.6857618086290	0.0000000000000	0.1922378360100
82 	1 	2.9360913963922	0.0000000000000	0.1922378360100
82 	2 	3.1864209841554	0.0000000000000	0.1922378360100
82 	3 	2.6213149967045	-0.1738704892131	0.1922378360100
82 	4 	2.8609034491469	-0.2028489040819	0.1922378360100
82 	5 	3.1004919015894	-0.2318273189507	0.1922378360100
82 	6 	2.4335051251288	-0.3328201177351	0.1922378360100
82 	7 	2.6417919323086	-0.3882901373577	0.1922378360100
82 	8 	2.8500787394885	-0.4437601569802	0.1922378360100
82 	9 	2.5603646666159	0.0000000000000	0.5855594498180
82 	10 	2.8135969659997	0.0000000000000	0.5855594498180
82 	11 	3.0668292653836	0.0000000000000	0.5855594498180
82 	12 	2.4951705578514	-0.1738704892131	0.5855594498180
82 	13 	2.7375371724412	-0.2028489040819	0.5855594498180
82 	14 	2.9799037870310	-0.2318273189507	0.5855594498180
82 	15 	2.3051829257418	-0.3328201177351	0.5855594498180
82 	16 	2.5158849349800	-0.3882901373577	0.5855594498180
82 	17 	2.7265869442182	-0.4437601569802	0.5855594498180
82 	18 	2.3169353353923	0.0000000000000	0.9158330957070
82 	19 	2.5758025729989	0.0000000000000	0.9158330957070
82 	20 	2.8346698106056	0.0000000000000	0.9158330957070
82 	21 	2.2502905239478	-0.1738704892131	0.9158330957070
82 	22 	2.4980502929804	-0.2028489040819	0.9158330957070
82 	23 	2.7458100620130	-0.2318273189507	0.9158330957070
82 	24 	2.0560752772226	-0.3328201177351	0.9158330957070
82 	25 	2.2714658384676	-0.3882901373577	0.9158330957070
82 	26 	2.4868563997127	-0.4437601569802	0.9158330957070
83 	0 	2.4335051251288	-0.3328201177351	0.1922378360100
83 	1 	2.6417919323086	-0.3882901373577	0.1922378360100
83 	2 	2.8500787394885	-0.4437601569802	0.1922378360100
83 	3 	1.8925042819371	-0.5290047592608	0.1922378360100
83 	4 	2.0106242819183	-0.6171722191376	0.1922378360100
83 	5 	2.1287442818996	-0.7053396790144	0.1922378360100
83 	6 	1.1837842820497	-0.6000000000000	0.1922378360100
83 	7 	1.1837842820497	-0.7000000000000	0.1922378360100
83 	8 	1.1837842820497	-0.8000000000000	0.1922378360100
83 	9 	2.3051829257418	-0.3328201177351	0.5855594498180
83 	10 	2.5158849349800	-0.3882901373577	0.5855594498180
83 	11 	2.7265869442182	-0.4437601569802	0.5855594498180
83 	12 	1.7579088751024	-0.5290047592608	0.5855594498180
83 	13 	1.8773985425674	-0.6171722191376	0.5855594498180
83 	14 	1.9968882100324	-0.7053396790144	0.5855594498180
83 	15 	1.0409708703125	-0.6000000000000	0.5855594498180
83 	16 	1.0409708703125	-0.7000000000000	0.5855594498180
83 	17 	1.0409708703125	-0.8000000000000	0.5855594498180
83 	18 	2.0560752772226	-0.3328201177351	0.9158330957070
83 	19 	2.2714658384676	-0.3882901373577	0.9158330957070
83 	20 	2.4868563997127	-0.4437601569802	0.9158330957070
83 	21 	1.4966232561040	-0.5290047592608	0.9158330957070
83 	22 	1.6187718138293	-0.6171722191376	0.9158330957070
83 	23 	1.7409203715546	-0.7053396790144	0.9158330957070
83 	24 	0.7637319097523	-0.6000000000000	0.9158330957070
83 	25 	0.7637319097523	-0.7000000000000	0.9158330957070
83 	26 	0.7637319097523	-0.8000000000000	0.9158330957070
84 	0 	1.1837842820497	0.8000000000000	0.1922378360100
84 	1 	1.1837842820497	1.0000000000000	0.1922378360100
84 	2 	1.1837842820497	1.2000000000000	0.1922378360100
84 	3 	2.1287442818996	0.7053396790144	0.1922378360100
84 	4 	2.8026834577564	0.9602092248246	0.1922378360100
84 	5 	3.4367505719186	1.2000000000000	0.1922378360100
84 	6 	2.8500787394885	0.4437601569802	0.1922378360100
84 	7 	4.2698978006380	0.8218800784901	0.1922378360100
84 	8 	5.5000000000000	1.2000000000000	0.1922378360100
84 	9 	1.0409708703125	0.8000000000000	0.5855594498180
84 	10 	1.0409708703125	1.0000000000000	0.5855594498180
84 	11 	1.0409708703125	1.2000000000000	0.5855594498180
84 	12 	1.9968882100324	0.7053396790144	0.5855594498180
84 	13 	2.6786420876785	0.9602092248246	0.5855594498180
84 	14 	3.3200615647675	1.2000000000000	0.5855594498180
84 	15 	2.7265869442182	0.4437601569802	0.5855594498180
84 	16 	4.1628696017204	0.8218800784901	0.5855594498180
84 	17 	5.5000000000000	1.2000000000000	0.5855594498180
84 	18 	0.7637319097523	0.8000000000000	0.9158330957070
84 	19 	0.7637319097523	1.0000000000000	0.9158330957070
84 	20 	0.7637319097523	1.2000000000000	0.9158330957070
84 	21 	1.7409203715546	0.7053396790144	0.9158330957070
84 	22 	2.4378446717455	0.9602092248246	0.9158330957070
84 	23 	3.0935370482123	1.2000000000000	0.9158330957070
84 	24 	2.4868563997127	0.4437601569802	0.9158330957070
84 	25 	3.9550992931924	0.8218800784901	0.9158330957070
84 	26 	5.5000000000000	1.2000000000000	0.9158330957070
85 	0 	2.8500787394885	0.4437601569802	0.1922378360100
85 	1 	4.2698978006380	0.8218800784901	0.1922378360100
85 	2 	5.5000000000000	1.2000000000000	0.1922378360100
85 	3 	3.1004919015894	0.2318273189507	0.1922378360100
85 	4 	4.4091422654757	0.4179097646380	0.1922378360100
85 	5 	5.5000000000000	0.6000000000000	0.1922378360100
85 	6 	3.1864209841554	0.0000000000000	0.1922378360100
85 	7 	4.4380689229715	0.0000000000000	0.1922378360100
85 	8 	5.5000000000000	0.0000000000000	0.1922378360100
85 	9 	2.7265869442182	0.4437601569802	0.5855594498180
85 	10 	4.1628696017204	0.8218800784901	0.5855594498180
85 	11 	5.5000000000000	1.2000000000000	0.5855594498180
85 	12 	2.9799037870310	0.2318273189507	0.5855594498180
85 	13 	4.3037286840302	0.4179097646380	0.5855594498180
85 	14 	5.5000000000000	0.6000000000000	0.5855594498180
85 	15 	3.0668292653836	0.0000000000000	0.5855594498180
85 	16 	4.3329907623031	0.0000000000000	0.5855594498180
85 	17 	5.5000000000000	0.0000000000000	0.5855594498180
85 	18 	2.4868563997127	0.4437601569802	0.9158330957070
85 	19 	3.9550992931924	0.8218800784901	0.9158330957070
85 	20 	5.5000000000000	1.2000000000000	0.9158330957070
85 	21 	2.7458100620130	0.2318273189507	0.9158330957070
85 	22 	4.0990927790868	0.4179097646380	0.9158330957070
85 	23 	5.5000000000000	0.6000000000000	0.9158330957070
85 	24 	2.8346698106056	0.0000000000000	0.9158330957070
85 	25 	4.1290059986389	0.0000000000000	0.9158330957070
85 	26 	5.5000000000000	0.0000000000000	0.9158330957070
86 	0 	3.1864209841554	0.0000000000000	0.1922378360100
86 	1 	4.4380689229715	0.0000000000000	0.1922378360100
86 	2 	5.5000000000000	0.0000000000000	0.1922378360100
86 	3 	3.1004919015894	-0.2318273189507	0.1922378360100
86 	4 	4.4091422654757	-0.4179097646380	0.1922378360100
86 	5 	5.5000000000000	-0.6000000000000	0.1922378360100
86 	6 	2.8500787394885	-0.4437601569802	0.1922378360100
86 	7 	4.2698978006380	-0.8218800784901	0.1922378360100
86 	8 	5.5000000000000	-1.2000000000000	0.1922378360100
86 	9 	3.0668292653836	0.0000000000000	0.5855594498180
86 	10 	4.3329907623031	0.0000000000000	0.5855594498180
86 	11 	5.5000000000000	0.0000000000000	0.5855594498180
86 	12 	2.9799037870310	-0.2318273189507	0.5855594498180
86 	13 	4.3037286840302	-0.4179097646380	0.5855594498180
86 	14 	5.5000000000000	-0.6000000000000	0.5855594498180
86 	15 	2.7265869442182	-0.4437601569802	0.5855594498180
86 	16 	4.1628696017204	-0.8218800784901	0.5855594498180
86 	17 	5.5000000000000	-1.2000000000000	0.5855594498180
86 	18 	2.8346698106056	0.0000000000000	0.9158330957070
86 	19 	4.1290059986389	0.0000000000000	0.9158330957070
86 	20 	5.5000000000000	0.0000000000000	0.9158330957070
86 	21 	2.7458100620130	-0.2318273189507	0.9158330957070
86 	22 	4.0990927790868	-0.4179097646380	0.9158330957070
86 	23 	5.5000000000000	-0.6000000000000	0.9158330957070
86 	24 	2.4868563997127	-0.4437601569802	0.9158330957070
86 	25 	3.9550992931924	-0.8218800784901	0.9158330957070
86 	26 	5.5000000000000	-1.2000000000000	0.9158330957070
87 	0 	2.8500787394885	-0.4437601569802	0.1922378360100
87 	1 	4.2698978006380	-0.8218800784901	0.1922378360100
87 	2 	5.5000000000000	-1.2000000000000	0.1922378360100
87 	3 	2.1287442818996	-0.7053396790144	0.1922378360100
87 	4 	2.8026834577564	-0.9602092248246	0.1922378360100
87 	5 	3.4367505719186	-1.2000000000000	0.1922378360100
87 	6 	1.1837842820497	-0.8000000000000	0.1922378360100
87 	7 	1.1837842820497	-1.0000000000000	0.1922378360100
87 	8 	1.1837842820497	-1.2000000000000	0.1922378360100
87 	9 	2.7265869442182	-0.4437601569802	0.5855594498180
87 	10 	4.1628696017204	-0.8218800784901	0.5855594498180
87 	11 	5.5000000000000	-1.2000000000000	0.5855594498180
87 	12 	1.9968882100324	-0.7053396790144	0.5855594498180
87 	13 	2.6786420876785	-0.9602092248246	0.5855594498180
87 	14 	3.3200615647675	-1.2000000000000	0.5855594498180
87 	15 	1.0409708703125	-0.8000000000000	0.5855594498180
87 	16 	1.0409708703125	-1.0000000000000	0.5855594498180
87 	17 	1.0409708703125	-1.2000000000000	0.5855594498180
87 	18 	2.4868563997127	-0.4437601569802	0.9158330957070
87 	19 	3.9550992931924	-0.8218800784901	0.9158330957070
87 	20 	5.5000000000000	-1.2000000000000	0.9158330957070
87 	21 	1.7409203715546	-0.7053396790144	0.9158330957070
87 	22 	2.4378446717455	-0.9602092248246	0.9158330957070
87 	23 	3.0935370482123	-1.2000000000000	0.9158330957070
87 	24 	0.7637319097523	-0.8000000000000	0.9158330957070
87 	25 	0.7637319097523	-1.0000000000000	0.9158330957070
87 	26 	0.7637319097523	-1.2000000000000	0.9158330957070